가뇨,,,,EP,*,F,추가-가뇨,*,*,*,*
가니,,,,EP,*,F,추가-가니,*,*,*,*
가니오,,,,EP,*,F,추가-가니오,*,*,*,*
가니와,,,,EP,*,F,추가-가니와,*,*,*,*
가라,,,,EP,*,F,추가-가라,*,*,*,*
가시니,,,,EP,*,F,추가-가시니,*,*,*,*
가지라,,,,EP,*,F,추가-가지라,*,*,*,*
간디,,,,EP,*,F,추가-간디,*,*,*,*
간디니,,,,EP,*,F,추가-간디니,*,*,*,*
간디니라,,,,EP,*,F,추가-간디니라,*,*,*,*
간디라,,,,EP,*,F,추가-간디라,*,*,*,*
개니라,,,,EP,*,F,추가-개니라,*,*,*,*
거고,,,,EP,*,F,추가-거고,*,*,*,*
거고나,,,,EP,*,F,추가-거고나,*,*,*,*
거나,,,,EP,*,F,추가-거나,*,*,*,*
거냐,,,,EP,*,F,추가-거냐,*,*,*,*
거녀,,,,EP,*,F,추가-거녀,*,*,*,*
거뇨,,,,EP,*,F,추가-거뇨,*,*,*,*
거늘,,,,EP,*,T,추가-거늘,*,*,*,*
거니,,,,EP,*,F,추가-거니,*,*,*,*
거니라,,,,EP,*,F,추가-거니라,*,*,*,*
거니오,,,,EP,*,F,추가-거니오,*,*,*,*
거니와,,,,EP,*,F,추가-거니와,*,*,*,*
거다,,,,EP,*,F,추가-거다,*,*,*,*
거던,,,,EP,*,T,추가-거던,*,*,*,*
거드면,,,,EP,*,T,추가-거드면,*,*,*,*
거든,,,,EP,*,T,추가-거든,*,*,*,*
거들랑,,,,EP,*,T,추가-거들랑,*,*,*,*
거디라,,,,EP,*,F,추가-거디라,*,*,*,*
거라,,,,EP,*,F,추가-거라,*,*,*,*
거를,,,,EP,*,T,추가-거를,*,*,*,*
거사,,,,EP,*,F,추가-거사,*,*,*,*
거스라,,,,EP,*,F,추가-거스라,*,*,*,*
거시나,,,,EP,*,F,추가-거시나,*,*,*,*
거시뇨,,,,EP,*,F,추가-거시뇨,*,*,*,*
거시늘,,,,EP,*,T,추가-거시늘,*,*,*,*
거시니,,,,EP,*,F,추가-거시니,*,*,*,*
거시니오,,,,EP,*,F,추가-거시니오,*,*,*,*
거시니와,,,,EP,*,F,추가-거시니와,*,*,*,*
거시다,,,,EP,*,F,추가-거시다,*,*,*,*
거시든,,,,EP,*,T,추가-거시든,*,*,*,*
거신,,,,EP,*,T,추가-거신,*,*,*,*
거아,,,,EP,*,F,추가-거아,*,*,*,*
거야,,,,EP,*,F,추가-거야,*,*,*,*
거이다,,,,EP,*,F,추가-거이다,*,*,*,*
거지라,,,,EP,*,F,추가-거지라,*,*,*,*
거징이다,,,,EP,*,F,추가-거징이다,*,*,*,*
건고,,,,EP,*,F,추가-건고,*,*,*,*
건대,,,,EP,*,F,추가-건대,*,*,*,*
건댄,,,,EP,*,T,추가-건댄,*,*,*,*
건덴,,,,EP,*,T,추가-건덴,*,*,*,*
건마는,,,,EP,*,T,추가-건마는,*,*,*,*
건만,,,,EP,*,T,추가-건만,*,*,*,*
건져,,,,EP,*,F,추가-건져,*,*,*,*
걸랑,,,,EP,*,T,추가-걸랑,*,*,*,*
걸아,,,,EP,*,F,추가-걸아,*,*,*,*
것다,,,,EP,*,F,추가-것다,*,*,*,*
것마는,,,,EP,*,T,추가-것마는,*,*,*,*
게겐,,,,EP,*,T,추가-게겐,*,*,*,*
게끔,,,,EP,*,T,추가-게끔,*,*,*,*
게나,,,,EP,*,F,추가-게나,*,*,*,*
게라,,,,EP,*,F,추가-게라,*,*,*,*
게르,,,,EP,*,F,추가-게르,*,*,*,*
게시리,,,,EP,*,F,추가-게시리,*,*,*,*
게아,,,,EP,*,F,추가-게아,*,*,*,*
게야,,,,EP,*,F,추가-게야,*,*,*,*
고나,,,,EP,*,F,추가-고나,*,*,*,*
고녀,,,,EP,*,F,추가-고녀,*,*,*,*
고는,,,,EP,*,T,추가-고는,*,*,*,*
고뎌,,,,EP,*,F,추가-고뎌,*,*,*,*
고도,,,,EP,*,F,추가-고도,*,*,*,*
고라,,,,EP,*,F,추가-고라,*,*,*,*
고라쟈,,,,EP,*,F,추가-고라쟈,*,*,*,*
고려,,,,EP,*,F,추가-고려,*,*,*,*
고말고,,,,EP,*,F,추가-고말고,*,*,*,*
고사,,,,EP,*,F,추가-고사,*,*,*,*
고서,,,,EP,*,F,추가-고서,*,*,*,*
고설랑,,,,EP,*,T,추가-고설랑,*,*,*,*
고야,,,,EP,*,F,추가-고야,*,*,*,*
고자,,,,EP,*,F,추가-고자,*,*,*,*
고장,,,,EP,*,T,추가-고장,*,*,*,*
고쟈,,,,EP,*,F,추가-고쟈,*,*,*,*
고저,,,,EP,*,F,추가-고저,*,*,*,*
고져,,,,EP,*,F,추가-고져,*,*,*,*
고졔니,,,,EP,*,F,추가-고졔니,*,*,*,*
곤대,,,,EP,*,F,추가-곤대,*,*,*,*
곤여,,,,EP,*,F,추가-곤여,*,*,*,*
과댜,,,,EP,*,F,추가-과댜,*,*,*,*
과뎌,,,,EP,*,F,추가-과뎌,*,*,*,*
과라,,,,EP,*,F,추가-과라,*,*,*,*
과소라,,,,EP,*,F,추가-과소라,*,*,*,*
과쟈,,,,EP,*,F,추가-과쟈,*,*,*,*
관대,,,,EP,*,F,추가-관대,*,*,*,*
관데,,,,EP,*,F,추가-관데,*,*,*,*
관뎌,,,,EP,*,F,추가-관뎌,*,*,*,*
관듸,,,,EP,*,F,추가-관듸,*,*,*,*
괴야,,,,EP,*,F,추가-괴야,*,*,*,*
구나,,,,EP,*,F,추가-구나,*,*,*,*
구래,,,,EP,*,F,추가-구래,*,*,*,*
구레,,,,EP,*,F,추가-구레,*,*,*,*
구려,,,,EP,*,F,추가-구려,*,*,*,*
구로,,,,EP,*,F,추가-구로,*,*,*,*
구료,,,,EP,*,F,추가-구료,*,*,*,*
구마는,,,,EP,*,T,추가-구마는,*,*,*,*
구만,,,,EP,*,T,추가-구만,*,*,*,*
구먼,,,,EP,*,T,추가-구먼,*,*,*,*
구면,,,,EP,*,T,추가-구면,*,*,*,*
그러,,,,EP,*,F,추가-그러,*,*,*,*
그레,,,,EP,*,F,추가-그레,*,*,*,*
그로,,,,EP,*,F,추가-그로,*,*,*,*
긧고,,,,EP,*,F,추가-긧고,*,*,*,*
기나,,,,EP,*,F,추가-기나,*,*,*,*
기로,,,,EP,*,F,추가-기로,*,*,*,*
기로니,,,,EP,*,F,추가-기로니,*,*,*,*
기로서,,,,EP,*,F,추가-기로서,*,*,*,*
기로서니,,,,EP,*,F,추가-기로서니,*,*,*,*
기로선들,,,,EP,*,T,추가-기로선들,*,*,*,*
기에,,,,EP,*,F,추가-기에,*,*,*,*
기요,,,,EP,*,F,추가-기요,*,*,*,*
길래,,,,EP,*,F,추가-길래,*,*,*,*
꺼니,,,,EP,*,F,추가-꺼니,*,*,*,*
꺼마,,,,EP,*,F,추가-꺼마,*,*,*,*
꾸마,,,,EP,*,F,추가-꾸마,*,*,*,*
나뇨,,,,EP,*,F,추가-나뇨,*,*,*,*
나니,,,,EP,*,F,추가-나니,*,*,*,*
나다,,,,EP,*,F,추가-나다,*,*,*,*
나도,,,,EP,*,F,추가-나도,*,*,*,*
나든,,,,EP,*,T,추가-나든,*,*,*,*
나따나,,,,EP,*,F,추가-나따나,*,*,*,*
나라,,,,EP,*,F,추가-나라,*,*,*,*
나마,,,,EP,*,F,추가-나마,*,*,*,*
나새나,,,,EP,*,F,추가-나새나,*,*,*,*
나시든,,,,EP,*,T,추가-나시든,*,*,*,*
나이까,,,,EP,*,F,추가-나이까,*,*,*,*
나이다,,,,EP,*,F,추가-나이다,*,*,*,*
나지라,,,,EP,*,F,추가-나지라,*,*,*,*
남동,,,,EP,*,T,추가-남동,*,*,*,*
냐고,,,,EP,*,F,추가-냐고,*,*,*,*
너라,,,,EP,*,F,추가-너라,*,*,*,*
너이다,,,,EP,*,F,추가-너이다,*,*,*,*
노니,,,,EP,*,F,추가-노니,*,*,*,*
노니라,,,,EP,*,F,추가-노니라,*,*,*,*
노닛가,,,,EP,*,F,추가-노닛가,*,*,*,*
노다,,,,EP,*,F,추가-노다,*,*,*,*
노라,,,,EP,*,F,추가-노라,*,*,*,*
노라고,,,,EP,*,F,추가-노라고,*,*,*,*
노라니,,,,EP,*,F,추가-노라니,*,*,*,*
노라니까,,,,EP,*,F,추가-노라니까,*,*,*,*
노라면,,,,EP,*,T,추가-노라면,*,*,*,*
노매,,,,EP,*,F,추가-노매,*,*,*,*
노매라,,,,EP,*,F,추가-노매라,*,*,*,*
노믜라,,,,EP,*,F,추가-노믜라,*,*,*,*
노소니,,,,EP,*,F,추가-노소니,*,*,*,*
노소라,,,,EP,*,F,추가-노소라,*,*,*,*
노쇠,,,,EP,*,F,추가-노쇠,*,*,*,*
노왜라,,,,EP,*,F,추가-노왜라,*,*,*,*
노이다,,,,EP,*,F,추가-노이다,*,*,*,*
노잇가,,,,EP,*,F,추가-노잇가,*,*,*,*
논가,,,,EP,*,F,추가-논가,*,*,*,*
논뎌,,,,EP,*,F,추가-논뎌,*,*,*,*
논디라,,,,EP,*,F,추가-논디라,*,*,*,*
놋다,,,,EP,*,F,추가-놋다,*,*,*,*
놋도다,,,,EP,*,F,추가-놋도다,*,*,*,*
농이다,,,,EP,*,F,추가-농이다,*,*,*,*
뇌다,,,,EP,*,F,추가-뇌다,*,*,*,*
누나,,,,EP,*,F,추가-누나,*,*,*,*
누라구,,,,EP,*,F,추가-누라구,*,*,*,*
누만,,,,EP,*,T,추가-누만,*,*,*,*
누먼,,,,EP,*,T,추가-누먼,*,*,*,*
느냐,,,,EP,*,F,추가-느냐,*,*,*,*
느냐고,,,,EP,*,F,추가-느냐고,*,*,*,*
느뇨,,,,EP,*,F,추가-느뇨,*,*,*,*
느니,,,,EP,*,F,추가-느니,*,*,*,*
느니라,,,,EP,*,F,추가-느니라,*,*,*,*
느니만,,,,EP,*,T,추가-느니만,*,*,*,*
느니만치,,,,EP,*,F,추가-느니만치,*,*,*,*
느니만큼,,,,EP,*,T,추가-느니만큼,*,*,*,*
느라,,,,EP,*,F,추가-느라,*,*,*,*
느라고,,,,EP,*,F,추가-느라고,*,*,*,*
느라니,,,,EP,*,F,추가-느라니,*,*,*,*
느라니까,,,,EP,*,F,추가-느라니까,*,*,*,*
느라면,,,,EP,*,T,추가-느라면,*,*,*,*
느마,,,,EP,*,F,추가-느마,*,*,*,*
느매,,,,EP,*,F,추가-느매,*,*,*,*
느슨다,,,,EP,*,F,추가-느슨다,*,*,*,*
는가,,,,EP,*,F,추가-는가,*,*,*,*
는감,,,,EP,*,T,추가-는감,*,*,*,*
는강,,,,EP,*,T,추가-는강,*,*,*,*
는걸,,,,EP,*,T,추가-는걸,*,*,*,*
는고,,,,EP,*,F,추가-는고,*,*,*,*
는공,,,,EP,*,T,추가-는공,*,*,*,*
는교,,,,EP,*,F,추가-는교,*,*,*,*
는구나,,,,EP,*,F,추가-는구나,*,*,*,*
는구려,,,,EP,*,F,추가-는구려,*,*,*,*
는구료,,,,EP,*,F,추가-는구료,*,*,*,*
는구마,,,,EP,*,F,추가-는구마,*,*,*,*
는구만,,,,EP,*,T,추가-는구만,*,*,*,*
는구매,,,,EP,*,F,추가-는구매,*,*,*,*
는구먼,,,,EP,*,T,추가-는구먼,*,*,*,*
는구면,,,,EP,*,T,추가-는구면,*,*,*,*
는군,,,,EP,*,T,추가-는군,*,*,*,*
는궈니,,,,EP,*,F,추가-는궈니,*,*,*,*
는다,,,,EP,*,F,추가-는다,*,*,*,*
는다고,,,,EP,*,F,추가-는다고,*,*,*,*
는다꼬,,,,EP,*,F,추가-는다꼬,*,*,*,*
는다나,,,,EP,*,F,추가-는다나,*,*,*,*
는다네,,,,EP,*,F,추가-는다네,*,*,*,*
는다느니,,,,EP,*,F,추가-는다느니,*,*,*,*
는다니,,,,EP,*,F,추가-는다니,*,*,*,*
는다니까,,,,EP,*,F,추가-는다니까,*,*,*,*
는다더라,,,,EP,*,F,추가-는다더라,*,*,*,*
는다마는,,,,EP,*,T,추가-는다마는,*,*,*,*
는다만,,,,EP,*,T,추가-는다만,*,*,*,*
는다며,,,,EP,*,F,추가-는다며,*,*,*,*
는다면,,,,EP,*,T,추가-는다면,*,*,*,*
는다면서,,,,EP,*,F,추가-는다면서,*,*,*,*
는다손,,,,EP,*,T,추가-는다손,*,*,*,*
는다오,,,,EP,*,F,추가-는다오,*,*,*,*
는다이,,,,EP,*,F,추가-는다이,*,*,*,*
는다지,,,,EP,*,F,추가-는다지,*,*,*,*
는단다,,,,EP,*,F,추가-는단다,*,*,*,*
는담,,,,EP,*,T,추가-는담,*,*,*,*
는답니까,,,,EP,*,F,추가-는답니까,*,*,*,*
는답니다,,,,EP,*,F,추가-는답니다,*,*,*,*
는답시고,,,,EP,*,F,추가-는답시고,*,*,*,*
는대,,,,EP,*,F,추가-는대,*,*,*,*
는대요,,,,EP,*,F,추가-는대요,*,*,*,*
는댄다,,,,EP,*,F,추가-는댄다,*,*,*,*
는데,,,,EP,*,F,추가-는데,*,*,*,*
는뎁쇼,,,,EP,*,F,추가-는뎁쇼,*,*,*,*
는디,,,,EP,*,F,추가-는디,*,*,*,*
는맥세,,,,EP,*,F,추가-는맥세,*,*,*,*
는바,,,,EP,*,F,추가-는바,*,*,*,*
는이,,,,EP,*,F,추가-는이,*,*,*,*
는지,,,,EP,*,F,추가-는지,*,*,*,*
는지고,,,,EP,*,F,추가-는지고,*,*,*,*
는지라,,,,EP,*,F,추가-는지라,*,*,*,*
늬라고,,,,EP,*,F,추가-늬라고,*,*,*,*
니까,,,,EP,*,F,추가-니까,*,*,*,*
니까나,,,,EP,*,F,추가-니까나,*,*,*,*
니까느루,,,,EP,*,F,추가-니까느루,*,*,*,*
니까는,,,,EP,*,T,추가-니까는,*,*,*,*
니까니,,,,EP,*,F,추가-니까니,*,*,*,*
니깐,,,,EP,*,T,추가-니깐,*,*,*,*
니꺼니,,,,EP,*,F,추가-니꺼니,*,*,*,*
니께,,,,EP,*,F,추가-니께,*,*,*,*
니께니,,,,EP,*,F,추가-니께니,*,*,*,*
니껴,,,,EP,*,F,추가-니껴,*,*,*,*
니끼니,,,,EP,*,F,추가-니끼니,*,*,*,*
니라,,,,EP,*,F,추가-니라,*,*,*,*
니만치,,,,EP,*,F,추가-니만치,*,*,*,*
니만큼,,,,EP,*,T,추가-니만큼,*,*,*,*
니아,,,,EP,*,F,추가-니아,*,*,*,*
니야,,,,EP,*,F,추가-니야,*,*,*,*
니여,,,,EP,*,F,추가-니여,*,*,*,*
니오,,,,EP,*,F,추가-니오,*,*,*,*
니이껴,,,,EP,*,F,추가-니이껴,*,*,*,*
니이다,,,,EP,*,F,추가-니이다,*,*,*,*
니잇가,,,,EP,*,F,추가-니잇가,*,*,*,*
니잇고,,,,EP,*,F,추가-니잇고,*,*,*,*
닌댄,,,,EP,*,T,추가-닌댄,*,*,*,*
닛가,,,,EP,*,F,추가-닛가,*,*,*,*
닝까,,,,EP,*,F,추가-닝까,*,*,*,*
다가,,,,EP,*,F,추가-다가,*,*,*,*
다가는,,,,EP,*,T,추가-다가는,*,*,*,*
다가며,,,,EP,*,F,추가-다가며,*,*,*,*
다가셔,,,,EP,*,F,추가-다가셔,*,*,*,*
다각,,,,EP,*,T,추가-다각,*,*,*,*
다간,,,,EP,*,T,추가-다간,*,*,*,*
다감,,,,EP,*,T,추가-다감,*,*,*,*
다고,,,,EP,*,F,추가-다고,*,*,*,*
다나,,,,EP,*,F,추가-다나,*,*,*,*
다네,,,,EP,*,F,추가-다네,*,*,*,*
다느니,,,,EP,*,F,추가-다느니,*,*,*,*
다니,,,,EP,*,F,추가-다니,*,*,*,*
다니까,,,,EP,*,F,추가-다니까,*,*,*,*
다니라,,,,EP,*,F,추가-다니라,*,*,*,*
다더라,,,,EP,*,F,추가-다더라,*,*,*,*
다라,,,,EP,*,F,추가-다라,*,*,*,*
다라니,,,,EP,*,F,추가-다라니,*,*,*,*
다롸,,,,EP,*,F,추가-다롸,*,*,*,*
다마는,,,,EP,*,T,추가-다마는,*,*,*,*
다마다,,,,EP,*,F,추가-다마다,*,*,*,*
다만,,,,EP,*,T,추가-다만,*,*,*,*
다며,,,,EP,*,F,추가-다며,*,*,*,*
다면,,,,EP,*,T,추가-다면,*,*,*,*
다면서,,,,EP,*,F,추가-다면서,*,*,*,*
다문,,,,EP,*,T,추가-다문,*,*,*,*
다소니,,,,EP,*,F,추가-다소니,*,*,*,*
다소라,,,,EP,*,F,추가-다소라,*,*,*,*
다손,,,,EP,*,T,추가-다손,*,*,*,*
다스피,,,,EP,*,F,추가-다스피,*,*,*,*
다시피,,,,EP,*,F,추가-다시피,*,*,*,*
다오,,,,EP,*,F,추가-다오,*,*,*,*
다요,,,,EP,*,F,추가-다요,*,*,*,*
다우,,,,EP,*,F,추가-다우,*,*,*,*
다지,,,,EP,*,F,추가-다지,*,*,*,*
단다,,,,EP,*,F,추가-단다,*,*,*,*
단디면,,,,EP,*,T,추가-단디면,*,*,*,*
단딘댄,,,,EP,*,T,추가-단딘댄,*,*,*,*
답니까,,,,EP,*,F,추가-답니까,*,*,*,*
답니다,,,,EP,*,F,추가-답니다,*,*,*,*
답시고,,,,EP,*,F,추가-답시고,*,*,*,*
닷다,,,,EP,*,F,추가-닷다,*,*,*,*
당께,,,,EP,*,F,추가-당께,*,*,*,*
당께로,,,,EP,*,F,추가-당께로,*,*,*,*
대끼,,,,EP,*,F,추가-대끼,*,*,*,*
대요,,,,EP,*,F,추가-대요,*,*,*,*
대이다,,,,EP,*,F,추가-대이다,*,*,*,*
댄다,,,,EP,*,F,추가-댄다,*,*,*,*
더가,,,,EP,*,F,추가-더가,*,*,*,*
더거,,,,EP,*,F,추가-더거,*,*,*,*
더구나,,,,EP,*,F,추가-더구나,*,*,*,*
더구려,,,,EP,*,F,추가-더구려,*,*,*,*
더구료,,,,EP,*,F,추가-더구료,*,*,*,*
더구만,,,,EP,*,T,추가-더구만,*,*,*,*
더구먼,,,,EP,*,T,추가-더구먼,*,*,*,*
더구면,,,,EP,*,T,추가-더구면,*,*,*,*
더군,,,,EP,*,T,추가-더군,*,*,*,*
더냐,,,,EP,*,F,추가-더냐,*,*,*,*
더녀,,,,EP,*,F,추가-더녀,*,*,*,*
더뇨,,,,EP,*,F,추가-더뇨,*,*,*,*
더니,,,,EP,*,F,추가-더니,*,*,*,*
더니라,,,,EP,*,F,추가-더니라,*,*,*,*
더니마는,,,,EP,*,T,추가-더니마는,*,*,*,*
더니만,,,,EP,*,T,추가-더니만,*,*,*,*
더니이까,,,,EP,*,F,추가-더니이까,*,*,*,*
더니이다,,,,EP,*,F,추가-더니이다,*,*,*,*
더든,,,,EP,*,T,추가-더든,*,*,*,*
더라,,,,EP,*,F,추가-더라,*,*,*,*
더라나,,,,EP,*,F,추가-더라나,*,*,*,*
더라니,,,,EP,*,F,추가-더라니,*,*,*,*
더라니까,,,,EP,*,F,추가-더라니까,*,*,*,*
더라도,,,,EP,*,F,추가-더라도,*,*,*,*
더라며,,,,EP,*,F,추가-더라며,*,*,*,*
더라면,,,,EP,*,T,추가-더라면,*,*,*,*
더라면서,,,,EP,*,F,추가-더라면서,*,*,*,*
더라손,,,,EP,*,T,추가-더라손,*,*,*,*
더라지,,,,EP,*,F,추가-더라지,*,*,*,*
더람,,,,EP,*,T,추가-더람,*,*,*,*
더만,,,,EP,*,T,추가-더만,*,*,*,*
더시,,,,EP,*,F,추가-더시,*,*,*,*
더시니,,,,EP,*,F,추가-더시니,*,*,*,*
더시니라,,,,EP,*,F,추가-더시니라,*,*,*,*
더시다,,,,EP,*,F,추가-더시다,*,*,*,*
더시든,,,,EP,*,T,추가-더시든,*,*,*,*
더신,,,,EP,*,T,추가-더신,*,*,*,*
더신가,,,,EP,*,F,추가-더신가,*,*,*,*
더신고,,,,EP,*,F,추가-더신고,*,*,*,*
더이까,,,,EP,*,F,추가-더이까,*,*,*,*
더이다,,,,EP,*,F,추가-더이다,*,*,*,*
던가,,,,EP,*,F,추가-던가,*,*,*,*
던감,,,,EP,*,T,추가-던감,*,*,*,*
던걸,,,,EP,*,T,추가-던걸,*,*,*,*
던고,,,,EP,*,F,추가-던고,*,*,*,*
던다,,,,EP,*,F,추가-던다,*,*,*,*
던댄,,,,EP,*,T,추가-던댄,*,*,*,*
던데,,,,EP,*,F,추가-던데,*,*,*,*
던덴,,,,EP,*,T,추가-던덴,*,*,*,*
던들,,,,EP,*,T,추가-던들,*,*,*,*
던디,,,,EP,*,F,추가-던디,*,*,*,*
던바,,,,EP,*,F,추가-던바,*,*,*,*
던지,,,,EP,*,F,추가-던지,*,*,*,*
데끼,,,,EP,*,F,추가-데끼,*,*,*,*
데요,,,,EP,*,F,추가-데요,*,*,*,*
뎌이고,,,,EP,*,F,추가-뎌이고,*,*,*,*
도고야,,,,EP,*,F,추가-도고야,*,*,*,*
도괴야,,,,EP,*,F,추가-도괴야,*,*,*,*
도다,,,,EP,*,F,추가-도다,*,*,*,*
도록,,,,EP,*,T,추가-도록,*,*,*,*
도록애,,,,EP,*,F,추가-도록애,*,*,*,*
도롬,,,,EP,*,T,추가-도롬,*,*,*,*
도소뇨,,,,EP,*,F,추가-도소뇨,*,*,*,*
도소니,,,,EP,*,F,추가-도소니,*,*,*,*
도소니야,,,,EP,*,F,추가-도소니야,*,*,*,*
도쇠,,,,EP,*,F,추가-도쇠,*,*,*,*
도쇠이다,,,,EP,*,F,추가-도쇠이다,*,*,*,*
도여,,,,EP,*,F,추가-도여,*,*,*,*
돗다,,,,EP,*,F,추가-돗다,*,*,*,*
돗더,,,,EP,*,F,추가-돗더,*,*,*,*
되야,,,,EP,*,F,추가-되야,*,*,*,*
두구나,,,,EP,*,F,추가-두구나,*,*,*,*
두나,,,,EP,*,F,추가-두나,*,*,*,*
두다,,,,EP,*,F,추가-두다,*,*,*,*
두락,,,,EP,*,T,추가-두락,*,*,*,*
두록,,,,EP,*,T,추가-두록,*,*,*,*
두마는,,,,EP,*,T,추가-두마는,*,*,*,*
두셰라,,,,EP,*,F,추가-두셰라,*,*,*,*
드구나,,,,EP,*,F,추가-드구나,*,*,*,*
드구료,,,,EP,*,F,추가-드구료,*,*,*,*
드구면,,,,EP,*,T,추가-드구면,*,*,*,*
드군,,,,EP,*,T,추가-드군,*,*,*,*
드냐,,,,EP,*,F,추가-드냐,*,*,*,*
드니,,,,EP,*,F,추가-드니,*,*,*,*
드니라,,,,EP,*,F,추가-드니라,*,*,*,*
드라,,,,EP,*,F,추가-드라,*,*,*,*
드라도,,,,EP,*,F,추가-드라도,*,*,*,*
드라면,,,,EP,*,T,추가-드라면,*,*,*,*
드래도,,,,EP,*,F,추가-드래도,*,*,*,*
드룩,,,,EP,*,T,추가-드룩,*,*,*,*
드시,,,,EP,*,F,추가-드시,*,*,*,*
드키,,,,EP,*,F,추가-드키,*,*,*,*
득기,,,,EP,*,F,추가-득기,*,*,*,*
든가,,,,EP,*,F,추가-든가,*,*,*,*
든걸,,,,EP,*,T,추가-든걸,*,*,*,*
든고,,,,EP,*,F,추가-든고,*,*,*,*
든데,,,,EP,*,F,추가-든데,*,*,*,*
든들,,,,EP,*,T,추가-든들,*,*,*,*
든지,,,,EP,*,F,추가-든지,*,*,*,*
듯이,,,,EP,*,F,추가-듯이,*,*,*,*
디다,,,,EP,*,F,추가-디다,*,*,*,*
디록,,,,EP,*,T,추가-디록,*,*,*,*
디마는,,,,EP,*,T,추가-디마는,*,*,*,*
디만,,,,EP,*,T,추가-디만,*,*,*,*
디시,,,,EP,*,F,추가-디시,*,*,*,*
디옷,,,,EP,*,T,추가-디옷,*,*,*,*
디외,,,,EP,*,F,추가-디외,*,*,*,*
디요,,,,EP,*,F,추가-디요,*,*,*,*
디웨,,,,EP,*,F,추가-디웨,*,*,*,*
디위,,,,EP,*,F,추가-디위,*,*,*,*
디이,,,,EP,*,F,추가-디이,*,*,*,*
딕기,,,,EP,*,F,추가-딕기,*,*,*,*
떼까,,,,EP,*,F,추가-떼까,*,*,*,*
라고,,,,EP,*,F,추가-라고,*,*,*,*
라구,,,,EP,*,F,추가-라구,*,*,*,*
라나,,,,EP,*,F,추가-라나,*,*,*,*
라네,,,,EP,*,F,추가-라네,*,*,*,*
라느니,,,,EP,*,F,추가-라느니,*,*,*,*
라니,,,,EP,*,F,추가-라니,*,*,*,*
라니까,,,,EP,*,F,추가-라니까,*,*,*,*
라도,,,,EP,*,F,추가-라도,*,*,*,*
라라,,,,EP,*,F,추가-라라,*,*,*,*
라마,,,,EP,*,F,추가-라마,*,*,*,*
라며,,,,EP,*,F,추가-라며,*,*,*,*
라면,,,,EP,*,T,추가-라면,*,*,*,*
라면서,,,,EP,*,F,추가-라면서,*,*,*,*
라서,,,,EP,*,F,추가-라서,*,*,*,*
라손,,,,EP,*,T,추가-라손,*,*,*,*
라스라,,,,EP,*,F,추가-라스라,*,*,*,*
라야,,,,EP,*,F,추가-라야,*,*,*,*
라야만,,,,EP,*,T,추가-라야만,*,*,*,*
라오,,,,EP,*,F,추가-라오,*,*,*,*
라우,,,,EP,*,F,추가-라우,*,*,*,*
라우요,,,,EP,*,F,추가-라우요,*,*,*,*
라지,,,,EP,*,F,추가-라지,*,*,*,*
라타,,,,EP,*,F,추가-라타,*,*,*,*
란다,,,,EP,*,F,추가-란다,*,*,*,*
랍니까,,,,EP,*,F,추가-랍니까,*,*,*,*
랍니다,,,,EP,*,F,추가-랍니다,*,*,*,*
랍데,,,,EP,*,F,추가-랍데,*,*,*,*
랍시고,,,,EP,*,F,추가-랍시고,*,*,*,*
랏다,,,,EP,*,F,추가-랏다,*,*,*,*
랑근에,,,,EP,*,F,추가-랑근에,*,*,*,*
랑께,,,,EP,*,F,추가-랑께,*,*,*,*
래디,,,,EP,*,F,추가-래디,*,*,*,*
래문,,,,EP,*,T,추가-래문,*,*,*,*
래야만,,,,EP,*,T,추가-래야만,*,*,*,*
래요,,,,EP,*,F,추가-래요,*,*,*,*
래이,,,,EP,*,F,추가-래이,*,*,*,*
랴르,,,,EP,*,F,추가-랴르,*,*,*,*
러니,,,,EP,*,F,추가-러니,*,*,*,*
러니라,,,,EP,*,F,추가-러니라,*,*,*,*
러니이까,,,,EP,*,F,추가-러니이까,*,*,*,*
러니이다,,,,EP,*,F,추가-러니이다,*,*,*,*
러든,,,,EP,*,T,추가-러든,*,*,*,*
러라,,,,EP,*,F,추가-러라,*,*,*,*
러시니,,,,EP,*,F,추가-러시니,*,*,*,*
러시다,,,,EP,*,F,추가-러시다,*,*,*,*
러시든,,,,EP,*,T,추가-러시든,*,*,*,*
러이까,,,,EP,*,F,추가-러이까,*,*,*,*
러이다,,,,EP,*,F,추가-러이다,*,*,*,*
런가,,,,EP,*,F,추가-런가,*,*,*,*
런고,,,,EP,*,F,추가-런고,*,*,*,*
런들,,,,EP,*,T,추가-런들,*,*,*,*
려거든,,,,EP,*,T,추가-려거든,*,*,*,*
려고,,,,EP,*,F,추가-려고,*,*,*,*
려나,,,,EP,*,F,추가-려나,*,*,*,*
려녀,,,,EP,*,F,추가-려녀,*,*,*,*
려뇨,,,,EP,*,F,추가-려뇨,*,*,*,*
려니,,,,EP,*,F,추가-려니,*,*,*,*
려니오,,,,EP,*,F,추가-려니오,*,*,*,*
려니와,,,,EP,*,F,추가-려니와,*,*,*,*
려다,,,,EP,*,F,추가-려다,*,*,*,*
려든,,,,EP,*,T,추가-려든,*,*,*,*
려료,,,,EP,*,F,추가-려료,*,*,*,*
려마,,,,EP,*,F,추가-려마,*,*,*,*
려면,,,,EP,*,T,추가-려면,*,*,*,*
려무나,,,,EP,*,F,추가-려무나,*,*,*,*
려므나,,,,EP,*,F,추가-려므나,*,*,*,*
련노라,,,,EP,*,F,추가-련노라,*,*,*,*
련뎌,,,,EP,*,F,추가-련뎌,*,*,*,*
련마는,,,,EP,*,T,추가-련마는,*,*,*,*
련만,,,,EP,*,T,추가-련만,*,*,*,*
렴으나,,,,EP,*,F,추가-렴으나,*,*,*,*
렴은,,,,EP,*,T,추가-렴은,*,*,*,*
렵니까,,,,EP,*,F,추가-렵니까,*,*,*,*
렵니다,,,,EP,*,F,추가-렵니다,*,*,*,*
렷노라,,,,EP,*,F,추가-렷노라,*,*,*,*
렷다,,,,EP,*,F,추가-렷다,*,*,*,*
례니라,,,,EP,*,F,추가-례니라,*,*,*,*
롓다,,,,EP,*,F,추가-롓다,*,*,*,*
로고,,,,EP,*,F,추가-로고,*,*,*,*
로고나,,,,EP,*,F,추가-로고나,*,*,*,*
로구나,,,,EP,*,F,추가-로구나,*,*,*,*
로구려,,,,EP,*,F,추가-로구려,*,*,*,*
로구료,,,,EP,*,F,추가-로구료,*,*,*,*
로구만,,,,EP,*,T,추가-로구만,*,*,*,*
로구먼,,,,EP,*,T,추가-로구먼,*,*,*,*
로구면,,,,EP,*,T,추가-로구면,*,*,*,*
로군,,,,EP,*,T,추가-로군,*,*,*,*
로니,,,,EP,*,F,추가-로니,*,*,*,*
로다,,,,EP,*,F,추가-로다,*,*,*,*
로되,,,,EP,*,F,추가-로되,*,*,*,*
로라,,,,EP,*,F,추가-로라,*,*,*,*
로새라,,,,EP,*,F,추가-로새라,*,*,*,*
로서니,,,,EP,*,F,추가-로서니,*,*,*,*
로세,,,,EP,*,F,추가-로세,*,*,*,*
로소니,,,,EP,*,F,추가-로소니,*,*,*,*
로소이다,,,,EP,*,F,추가-로소이다,*,*,*,*
로쇠,,,,EP,*,F,추가-로쇠,*,*,*,*
롯다,,,,EP,*,F,추가-롯다,*,*,*,*
롯더라,,,,EP,*,F,추가-롯더라,*,*,*,*
르샷다,,,,EP,*,F,추가-르샷다,*,*,*,*
리까,,,,EP,*,F,추가-리까,*,*,*,*
리니,,,,EP,*,F,추가-리니,*,*,*,*
리니라,,,,EP,*,F,추가-리니라,*,*,*,*
리다,,,,EP,*,F,추가-리다,*,*,*,*
리라,,,,EP,*,F,추가-리라,*,*,*,*
리랏,,,,EP,*,T,추가-리랏,*,*,*,*
리랏다,,,,EP,*,F,추가-리랏다,*,*,*,*
리러니,,,,EP,*,F,추가-리러니,*,*,*,*
리러니라,,,,EP,*,F,추가-리러니라,*,*,*,*
리러라,,,,EP,*,F,추가-리러라,*,*,*,*
리러시다,,,,EP,*,F,추가-리러시다,*,*,*,*
리런댄,,,,EP,*,T,추가-리런댄,*,*,*,*
리로다,,,,EP,*,F,추가-리로다,*,*,*,*
리로소냐,,,,EP,*,F,추가-리로소냐,*,*,*,*
리로소녀,,,,EP,*,F,추가-리로소녀,*,*,*,*
리로소니,,,,EP,*,F,추가-리로소니,*,*,*,*
리로소니여,,,,EP,*,F,추가-리로소니여,*,*,*,*
리로손여,,,,EP,*,F,추가-리로손여,*,*,*,*
리만치,,,,EP,*,F,추가-리만치,*,*,*,*
리만큼,,,,EP,*,T,추가-리만큼,*,*,*,*
리며,,,,EP,*,F,추가-리며,*,*,*,*
리아,,,,EP,*,F,추가-리아,*,*,*,*
리야,,,,EP,*,F,추가-리야,*,*,*,*
리어늘,,,,EP,*,T,추가-리어늘,*,*,*,*
리어니,,,,EP,*,F,추가-리어니,*,*,*,*
리어니와,,,,EP,*,F,추가-리어니와,*,*,*,*
리어다,,,,EP,*,F,추가-리어다,*,*,*,*
리어며,,,,EP,*,F,추가-리어며,*,*,*,*
리여,,,,EP,*,F,추가-리여,*,*,*,*
리오,,,,EP,*,F,추가-리오,*,*,*,*
리온,,,,EP,*,T,추가-리온,*,*,*,*
리이다,,,,EP,*,F,추가-리이다,*,*,*,*
리잇가,,,,EP,*,F,추가-리잇가,*,*,*,*
리잇고,,,,EP,*,F,추가-리잇고,*,*,*,*
린댄,,,,EP,*,T,추가-린댄,*,*,*,*
린뎌,,,,EP,*,F,추가-린뎌,*,*,*,*
링다,,,,EP,*,F,추가-링다,*,*,*,*
링이다,,,,EP,*,F,추가-링이다,*,*,*,*
링잇가,,,,EP,*,F,추가-링잇가,*,*,*,*
마르는,,,,EP,*,T,추가-마르는,*,*,*,*
메서란,,,,EP,*,T,추가-메서란,*,*,*,*
메선,,,,EP,*,T,추가-메선,*,*,*,*
며셔,,,,EP,*,F,추가-며셔,*,*,*,*
면서,,,,EP,*,F,추가-면서,*,*,*,*
면셔,,,,EP,*,F,추가-면셔,*,*,*,*
면은,,,,EP,*,T,추가-면은,*,*,*,*
명셔,,,,EP,*,F,추가-명셔,*,*,*,*
모로,,,,EP,*,F,추가-모로,*,*,*,*
므는,,,,EP,*,T,추가-므는,*,*,*,*
므로,,,,EP,*,F,추가-므로,*,*,*,*
믄서,,,,EP,*,F,추가-믄서,*,*,*,*
사오,,,,EP,*,F,추가-사오,*,*,*,*
사오니까,,,,EP,*,F,추가-사오니까,*,*,*,*
사오리까,,,,EP,*,F,추가-사오리까,*,*,*,*
사오리다,,,,EP,*,F,추가-사오리다,*,*,*,*
사오리이까,,,,EP,*,F,추가-사오리이까,*,*,*,*
사오리이다,,,,EP,*,F,추가-사오리이다,*,*,*,*
사오이다,,,,EP,*,F,추가-사오이다,*,*,*,*
사옵,,,,EP,*,T,추가-사옵,*,*,*,*
사옵나이까,,,,EP,*,F,추가-사옵나이까,*,*,*,*
사옵나이다,,,,EP,*,F,추가-사옵나이다,*,*,*,*
사옵니까,,,,EP,*,F,추가-사옵니까,*,*,*,*
사옵니다,,,,EP,*,F,추가-사옵니다,*,*,*,*
사옵디까,,,,EP,*,F,추가-사옵디까,*,*,*,*
사옵디다,,,,EP,*,F,추가-사옵디다,*,*,*,*
사옵시,,,,EP,*,F,추가-사옵시,*,*,*,*
사와,,,,EP,*,F,추가-사와,*,*,*,*
사외다,,,,EP,*,F,추가-사외다,*,*,*,*
사이다,,,,EP,*,F,추가-사이다,*,*,*,*
사주,,,,EP,*,F,추가-사주,*,*,*,*
살가,,,,EP,*,F,추가-살가,*,*,*,*
상이다,,,,EP,*,F,추가-상이다,*,*,*,*
새근여,,,,EP,*,F,추가-새근여,*,*,*,*
새다,,,,EP,*,F,추가-새다,*,*,*,*
새이다,,,,EP,*,F,추가-새이다,*,*,*,*
샤나,,,,EP,*,F,추가-샤나,*,*,*,*
샤도,,,,EP,*,F,추가-샤도,*,*,*,*
샤리라,,,,EP,*,F,추가-샤리라,*,*,*,*
샨디라,,,,EP,*,F,추가-샨디라,*,*,*,*
샬뎬,,,,EP,*,T,추가-샬뎬,*,*,*,*
샬딘댄,,,,EP,*,T,추가-샬딘댄,*,*,*,*
샬뗸,,,,EP,*,T,추가-샬뗸,*,*,*,*
샷다,,,,EP,*,F,추가-샷다,*,*,*,*
세나,,,,EP,*,F,추가-세나,*,*,*,*
세요,,,,EP,*,F,추가-세요,*,*,*,*
셔뇨,,,,EP,*,F,추가-셔뇨,*,*,*,*
셔요,,,,EP,*,F,추가-셔요,*,*,*,*
션디,,,,EP,*,F,추가-션디,*,*,*,*
셰라,,,,EP,*,F,추가-셰라,*,*,*,*
셰야,,,,EP,*,F,추가-셰야,*,*,*,*
소니,,,,EP,*,F,추가-소니,*,*,*,*
소니까,,,,EP,*,F,추가-소니까,*,*,*,*
소다,,,,EP,*,F,추가-소다,*,*,*,*
소라,,,,EP,*,F,추가-소라,*,*,*,*
소서,,,,EP,*,F,추가-소서,*,*,*,*
소야,,,,EP,*,F,추가-소야,*,*,*,*
소오,,,,EP,*,F,추가-소오,*,*,*,*
소오리까,,,,EP,*,F,추가-소오리까,*,*,*,*
소옵니까,,,,EP,*,F,추가-소옵니까,*,*,*,*
소와요,,,,EP,*,F,추가-소와요,*,*,*,*
소웨,,,,EP,*,F,추가-소웨,*,*,*,*
소이까,,,,EP,*,F,추가-소이까,*,*,*,*
소이다,,,,EP,*,F,추가-소이다,*,*,*,*
손뎌,,,,EP,*,F,추가-손뎌,*,*,*,*
송와,,,,EP,*,F,추가-송와,*,*,*,*
쇠다,,,,EP,*,F,추가-쇠다,*,*,*,*
쇼셔,,,,EP,*,F,추가-쇼셔,*,*,*,*
수다,,,,EP,*,F,추가-수다,*,*,*,*
수다레,,,,EP,*,F,추가-수다레,*,*,*,*
수와,,,,EP,*,F,추가-수와,*,*,*,*
슈셔,,,,EP,*,F,추가-슈셔,*,*,*,*
슨다,,,,EP,*,F,추가-슨다,*,*,*,*
슴두,,,,EP,*,F,추가-슴두,*,*,*,*
슴둥,,,,EP,*,T,추가-슴둥,*,*,*,*
슴메,,,,EP,*,F,추가-슴메,*,*,*,*
습꾸마,,,,EP,*,F,추가-습꾸마,*,*,*,*
습꿔니,,,,EP,*,F,추가-습꿔니,*,*,*,*
습나,,,,EP,*,F,추가-습나,*,*,*,*
습네,,,,EP,*,F,추가-습네,*,*,*,*
습네다,,,,EP,*,F,추가-습네다,*,*,*,*
습네다레,,,,EP,*,F,추가-습네다레,*,*,*,*
습늰다,,,,EP,*,F,추가-습늰다,*,*,*,*
습니,,,,EP,*,F,추가-습니,*,*,*,*
습니까,,,,EP,*,F,추가-습니까,*,*,*,*
습니다,,,,EP,*,F,추가-습니다,*,*,*,*
습닌다,,,,EP,*,F,추가-습닌다,*,*,*,*
습데,,,,EP,*,F,추가-습데,*,*,*,*
습데게레,,,,EP,*,F,추가-습데게레,*,*,*,*
습동와,,,,EP,*,F,추가-습동와,*,*,*,*
습디까,,,,EP,*,F,추가-습디까,*,*,*,*
습디다,,,,EP,*,F,추가-습디다,*,*,*,*
습디다레,,,,EP,*,F,추가-습디다레,*,*,*,*
습디여,,,,EP,*,F,추가-습디여,*,*,*,*
습딘다,,,,EP,*,F,추가-습딘다,*,*,*,*
습마,,,,EP,*,F,추가-습마,*,*,*,*
습머니,,,,EP,*,F,추가-습머니,*,*,*,*
습머이,,,,EP,*,F,추가-습머이,*,*,*,*
습메게레,,,,EP,*,F,추가-습메게레,*,*,*,*
습메다,,,,EP,*,F,추가-습메다,*,*,*,*
습메다레,,,,EP,*,F,추가-습메다레,*,*,*,*
습무다,,,,EP,*,F,추가-습무다,*,*,*,*
습무다레,,,,EP,*,F,추가-습무다레,*,*,*,*
습세,,,,EP,*,F,추가-습세,*,*,*,*
습세다,,,,EP,*,F,추가-습세다,*,*,*,*
습죠,,,,EP,*,F,추가-습죠,*,*,*,*
습지요,,,,EP,*,F,추가-습지요,*,*,*,*
시거시니,,,,EP,*,F,추가-시거시니,*,*,*,*
시게소,,,,EP,*,F,추가-시게소,*,*,*,*
시겨,,,,EP,*,F,추가-시겨,*,*,*,*
시곤대,,,,EP,*,F,추가-시곤대,*,*,*,*
시과뎌,,,,EP,*,F,추가-시과뎌,*,*,*,*
시논,,,,EP,*,T,추가-시논,*,*,*,*
시놋다,,,,EP,*,F,추가-시놋다,*,*,*,*
시다,,,,EP,*,F,추가-시다,*,*,*,*
시단,,,,EP,*,T,추가-시단,*,*,*,*
시단딘댄,,,,EP,*,T,추가-시단딘댄,*,*,*,*
시덩이다,,,,EP,*,F,추가-시덩이다,*,*,*,*
시라,,,,EP,*,F,추가-시라,*,*,*,*
시라요,,,,EP,*,F,추가-시라요,*,*,*,*
시려뇨,,,,EP,*,F,추가-시려뇨,*,*,*,*
시리,,,,EP,*,F,추가-시리,*,*,*,*
시리러뇨,,,,EP,*,F,추가-시리러뇨,*,*,*,*
시리러라,,,,EP,*,F,추가-시리러라,*,*,*,*
시리여,,,,EP,*,F,추가-시리여,*,*,*,*
시리오,,,,EP,*,F,추가-시리오,*,*,*,*
시소,,,,EP,*,F,추가-시소,*,*,*,*
시압,,,,EP,*,T,추가-시압,*,*,*,*
시어요,,,,EP,*,F,추가-시어요,*,*,*,*
시이소,,,,EP,*,F,추가-시이소,*,*,*,*
신대,,,,EP,*,F,추가-신대,*,*,*,*
실가,,,,EP,*,F,추가-실가,*,*,*,*
실고,,,,EP,*,F,추가-실고,*,*,*,*
심니껴,,,,EP,*,F,추가-심니껴,*,*,*,*
심더,,,,EP,*,F,추가-심더,*,*,*,*
십니꺼,,,,EP,*,F,추가-십니꺼,*,*,*,*
십사,,,,EP,*,F,추가-십사,*,*,*,*
십시다,,,,EP,*,F,추가-십시다,*,*,*,*
십시오,,,,EP,*,F,추가-십시오,*,*,*,*
아뇨,,,,EP,*,F,추가-아뇨,*,*,*,*
아늘,,,,EP,*,T,추가-아늘,*,*,*,*
아니,,,,EP,*,F,추가-아니,*,*,*,*
아니와,,,,EP,*,F,추가-아니와,*,*,*,*
아다,,,,EP,*,F,추가-아다,*,*,*,*
아다가,,,,EP,*,F,추가-아다가,*,*,*,*
아도,,,,EP,*,F,추가-아도,*,*,*,*
아든,,,,EP,*,T,추가-아든,*,*,*,*
아디라,,,,EP,*,F,추가-아디라,*,*,*,*
아따,,,,EP,*,F,추가-아따,*,*,*,*
아라,,,,EP,*,F,추가-아라,*,*,*,*
아라우,,,,EP,*,F,추가-아라우,*,*,*,*
아리아,,,,EP,*,F,추가-아리아,*,*,*,*
아리여,,,,EP,*,F,추가-아리여,*,*,*,*
아서,,,,EP,*,F,추가-아서,*,*,*,*
아셔,,,,EP,*,F,추가-아셔,*,*,*,*
아숌,,,,EP,*,T,추가-아숌,*,*,*,*
아스라,,,,EP,*,F,추가-아스라,*,*,*,*
아시나,,,,EP,*,F,추가-아시나,*,*,*,*
아시뇨,,,,EP,*,F,추가-아시뇨,*,*,*,*
아시니,,,,EP,*,F,추가-아시니,*,*,*,*
아시든,,,,EP,*,T,추가-아시든,*,*,*,*
아시라,,,,EP,*,F,추가-아시라,*,*,*,*
아시리오,,,,EP,*,F,추가-아시리오,*,*,*,*
아시며,,,,EP,*,F,추가-아시며,*,*,*,*
아신,,,,EP,*,T,추가-아신,*,*,*,*
아쎠,,,,EP,*,F,추가-아쎠,*,*,*,*
아야,,,,EP,*,F,추가-아야,*,*,*,*
아야만,,,,EP,*,T,추가-아야만,*,*,*,*
아야지,,,,EP,*,F,추가-아야지,*,*,*,*
아요,,,,EP,*,F,추가-아요,*,*,*,*
아져,,,,EP,*,F,추가-아져,*,*,*,*
아지라,,,,EP,*,F,추가-아지라,*,*,*,*
아지이다,,,,EP,*,F,추가-아지이다,*,*,*,*
안게,,,,EP,*,F,추가-안게,*,*,*,*
안다,,,,EP,*,F,추가-안다,*,*,*,*
안에,,,,EP,*,F,추가-안에,*,*,*,*
암직,,,,EP,*,T,추가-암직,*,*,*,*
앗거든,,,,EP,*,T,추가-앗거든,*,*,*,*
앗다가,,,,EP,*,F,추가-앗다가,*,*,*,*
았었,,,,EP,*,T,추가-았었,*,*,*,*
았자,,,,EP,*,F,추가-았자,*,*,*,*
앙근,,,,EP,*,T,추가-앙근,*,*,*,*
앙근에,,,,EP,*,F,추가-앙근에,*,*,*,*
앙이다,,,,EP,*,F,추가-앙이다,*,*,*,*
애라,,,,EP,*,F,추가-애라,*,*,*,*
앳거니와,,,,EP,*,F,추가-앳거니와,*,*,*,*
앳거든,,,,EP,*,T,추가-앳거든,*,*,*,*
앳고,,,,EP,*,F,추가-앳고,*,*,*,*
앳다가,,,,EP,*,F,추가-앳다가,*,*,*,*
앳다니라,,,,EP,*,F,추가-앳다니라,*,*,*,*
앳더니,,,,EP,*,F,추가-앳더니,*,*,*,*
앳더시니,,,,EP,*,F,추가-앳더시니,*,*,*,*
앳도다,,,,EP,*,F,추가-앳도다,*,*,*,*
야괴야,,,,EP,*,F,추가-야괴야,*,*,*,*
야뇨,,,,EP,*,F,추가-야뇨,*,*,*,*
야니,,,,EP,*,F,추가-야니,*,*,*,*
야니오,,,,EP,*,F,추가-야니오,*,*,*,*
야니와,,,,EP,*,F,추가-야니와,*,*,*,*
야다,,,,EP,*,F,추가-야다,*,*,*,*
야도,,,,EP,*,F,추가-야도,*,*,*,*
야두,,,,EP,*,F,추가-야두,*,*,*,*
야든,,,,EP,*,T,추가-야든,*,*,*,*
야려,,,,EP,*,F,추가-야려,*,*,*,*
야리아,,,,EP,*,F,추가-야리아,*,*,*,*
야리여,,,,EP,*,F,추가-야리여,*,*,*,*
야만,,,,EP,*,T,추가-야만,*,*,*,*
야사,,,,EP,*,F,추가-야사,*,*,*,*
야사만,,,,EP,*,T,추가-야사만,*,*,*,*
야셔,,,,EP,*,F,추가-야셔,*,*,*,*
야쇼라,,,,EP,*,F,추가-야쇼라,*,*,*,*
야시,,,,EP,*,F,추가-야시,*,*,*,*
야시뇨,,,,EP,*,F,추가-야시뇨,*,*,*,*
야시늘,,,,EP,*,T,추가-야시늘,*,*,*,*
야시니,,,,EP,*,F,추가-야시니,*,*,*,*
야시니와,,,,EP,*,F,추가-야시니와,*,*,*,*
야시라,,,,EP,*,F,추가-야시라,*,*,*,*
야시면,,,,EP,*,T,추가-야시면,*,*,*,*
야실,,,,EP,*,T,추가-야실,*,*,*,*
야야,,,,EP,*,F,추가-야야,*,*,*,*
야지,,,,EP,*,F,추가-야지,*,*,*,*
야지라,,,,EP,*,F,추가-야지라,*,*,*,*
얀지,,,,EP,*,F,추가-얀지,*,*,*,*
얌즉,,,,EP,*,T,추가-얌즉,*,*,*,*
얌직,,,,EP,*,T,추가-얌직,*,*,*,*
어고,,,,EP,*,F,추가-어고,*,*,*,*
어근,,,,EP,*,T,추가-어근,*,*,*,*
어근에,,,,EP,*,F,추가-어근에,*,*,*,*
어네,,,,EP,*,F,추가-어네,*,*,*,*
어뇨,,,,EP,*,F,추가-어뇨,*,*,*,*
어늘,,,,EP,*,T,추가-어늘,*,*,*,*
어니,,,,EP,*,F,추가-어니,*,*,*,*
어니와,,,,EP,*,F,추가-어니와,*,*,*,*
어다,,,,EP,*,F,추가-어다,*,*,*,*
어다가,,,,EP,*,F,추가-어다가,*,*,*,*
어도,,,,EP,*,F,추가-어도,*,*,*,*
어드란,,,,EP,*,T,추가-어드란,*,*,*,*
어든,,,,EP,*,T,추가-어든,*,*,*,*
어라,,,,EP,*,F,추가-어라,*,*,*,*
어라우,,,,EP,*,F,추가-어라우,*,*,*,*
어를,,,,EP,*,T,추가-어를,*,*,*,*
어리아,,,,EP,*,F,추가-어리아,*,*,*,*
어리여,,,,EP,*,F,추가-어리여,*,*,*,*
어며,,,,EP,*,F,추가-어며,*,*,*,*
어사,,,,EP,*,F,추가-어사,*,*,*,*
어서,,,,EP,*,F,추가-어서,*,*,*,*
어셔,,,,EP,*,F,추가-어셔,*,*,*,*
어셔도,,,,EP,*,F,추가-어셔도,*,*,*,*
어셰라,,,,EP,*,F,추가-어셰라,*,*,*,*
어숌,,,,EP,*,T,추가-어숌,*,*,*,*
어슈라,,,,EP,*,F,추가-어슈라,*,*,*,*
어슘,,,,EP,*,T,추가-어슘,*,*,*,*
어스라,,,,EP,*,F,추가-어스라,*,*,*,*
어시니,,,,EP,*,F,추가-어시니,*,*,*,*
어시요,,,,EP,*,F,추가-어시요,*,*,*,*
어신,,,,EP,*,T,추가-어신,*,*,*,*
어야,,,,EP,*,F,추가-어야,*,*,*,*
어야만,,,,EP,*,T,추가-어야만,*,*,*,*
어야지,,,,EP,*,F,추가-어야지,*,*,*,*
어요,,,,EP,*,F,추가-어요,*,*,*,*
어유,,,,EP,*,F,추가-어유,*,*,*,*
어이니,,,,EP,*,F,추가-어이니,*,*,*,*
어지이다,,,,EP,*,F,추가-어지이다,*,*,*,*
언다,,,,EP,*,F,추가-언다,*,*,*,*
언댄,,,,EP,*,T,추가-언댄,*,*,*,*
언든,,,,EP,*,T,추가-언든,*,*,*,*
언마는,,,,EP,*,T,추가-언마는,*,*,*,*
언만,,,,EP,*,T,추가-언만,*,*,*,*
언정,,,,EP,*,T,추가-언정,*,*,*,*
엄즉,,,,EP,*,T,추가-엄즉,*,*,*,*
엄직,,,,EP,*,T,추가-엄직,*,*,*,*
엇거니라,,,,EP,*,F,추가-엇거니라,*,*,*,*
엇거든,,,,EP,*,T,추가-엇거든,*,*,*,*
엇고,,,,EP,*,F,추가-엇고,*,*,*,*
엇논,,,,EP,*,T,추가-엇논,*,*,*,*
엇다,,,,EP,*,F,추가-엇다,*,*,*,*
었었,,,,EP,*,T,추가-었었,*,*,*,*
엉게,,,,EP,*,F,추가-엉게,*,*,*,*
엉근,,,,EP,*,T,추가-엉근,*,*,*,*
엉은,,,,EP,*,T,추가-엉은,*,*,*,*
에니,,,,EP,*,F,추가-에니,*,*,*,*
에라,,,,EP,*,F,추가-에라,*,*,*,*
에셔,,,,EP,*,F,추가-에셔,*,*,*,*
에요,,,,EP,*,F,추가-에요,*,*,*,*
엣고,,,,EP,*,F,추가-엣고,*,*,*,*
엣노니,,,,EP,*,F,추가-엣노니,*,*,*,*
엣다,,,,EP,*,F,추가-엣다,*,*,*,*
엣다가,,,,EP,*,F,추가-엣다가,*,*,*,*
엣더니,,,,EP,*,F,추가-엣더니,*,*,*,*
엣더라,,,,EP,*,F,추가-엣더라,*,*,*,*
엣더시니,,,,EP,*,F,추가-엣더시니,*,*,*,*
엣던,,,,EP,*,T,추가-엣던,*,*,*,*
여근,,,,EP,*,T,추가-여근,*,*,*,*
여냐,,,,EP,*,F,추가-여냐,*,*,*,*
여도,,,,EP,*,F,추가-여도,*,*,*,*
여라,,,,EP,*,F,추가-여라,*,*,*,*
여리아,,,,EP,*,F,추가-여리아,*,*,*,*
여서,,,,EP,*,F,추가-여서,*,*,*,*
여셔,,,,EP,*,F,추가-여셔,*,*,*,*
여쇼매,,,,EP,*,F,추가-여쇼매,*,*,*,*
여슈라,,,,EP,*,F,추가-여슈라,*,*,*,*
여심으로,,,,EP,*,F,추가-여심으로,*,*,*,*
여야,,,,EP,*,F,추가-여야,*,*,*,*
여야지,,,,EP,*,F,추가-여야지,*,*,*,*
여요,,,,EP,*,F,추가-여요,*,*,*,*
여지이다,,,,EP,*,F,추가-여지이다,*,*,*,*
연게,,,,EP,*,F,추가-연게,*,*,*,*
연만,,,,EP,*,T,추가-연만,*,*,*,*
연에,,,,EP,*,F,추가-연에,*,*,*,*
염즉,,,,EP,*,T,추가-염즉,*,*,*,*
염직,,,,EP,*,T,추가-염직,*,*,*,*
였었,,,,EP,*,T,추가-였었,*,*,*,*
였자,,,,EP,*,F,추가-였자,*,*,*,*
영근,,,,EP,*,T,추가-영근,*,*,*,*
예니라,,,,EP,*,F,추가-예니라,*,*,*,*
예라,,,,EP,*,F,추가-예라,*,*,*,*
오니,,,,EP,*,F,추가-오니,*,*,*,*
오니까,,,,EP,*,F,추가-오니까,*,*,*,*
오도,,,,EP,*,F,추가-오도,*,*,*,*
오라,,,,EP,*,F,추가-오라,*,*,*,*
오레,,,,EP,*,F,추가-오레,*,*,*,*
오려,,,,EP,*,F,추가-오려,*,*,*,*
오려다,,,,EP,*,F,추가-오려다,*,*,*,*
오롓다,,,,EP,*,F,추가-오롓다,*,*,*,*
오리까,,,,EP,*,F,추가-오리까,*,*,*,*
오리니,,,,EP,*,F,추가-오리니,*,*,*,*
오리다,,,,EP,*,F,추가-오리다,*,*,*,*
오리라,,,,EP,*,F,추가-오리라,*,*,*,*
오리이까,,,,EP,*,F,추가-오리이까,*,*,*,*
오리이다,,,,EP,*,F,추가-오리이다,*,*,*,*
오마,,,,EP,*,F,추가-오마,*,*,*,*
오셔,,,,EP,*,F,추가-오셔,*,*,*,*
오소라,,,,EP,*,F,추가-오소라,*,*,*,*
오시라,,,,EP,*,F,추가-오시라,*,*,*,*
오이까,,,,EP,*,F,추가-오이까,*,*,*,*
오이다,,,,EP,*,F,추가-오이다,*,*,*,*
오져,,,,EP,*,F,추가-오져,*,*,*,*
온가,,,,EP,*,F,추가-온가,*,*,*,*
올뎐,,,,EP,*,T,추가-올뎐,*,*,*,*
올뎬,,,,EP,*,T,추가-올뎬,*,*,*,*
올디니,,,,EP,*,F,추가-올디니,*,*,*,*
올디니라,,,,EP,*,F,추가-올디니라,*,*,*,*
올디라,,,,EP,*,F,추가-올디라,*,*,*,*
올디로다,,,,EP,*,F,추가-올디로다,*,*,*,*
올디어다,,,,EP,*,F,추가-올디어다,*,*,*,*
올뗸,,,,EP,*,T,추가-올뗸,*,*,*,*
올띠니,,,,EP,*,F,추가-올띠니,*,*,*,*
올띠라,,,,EP,*,F,추가-올띠라,*,*,*,*
올습니다,,,,EP,*,F,추가-올습니다,*,*,*,*
올시다,,,,EP,*,F,추가-올시다,*,*,*,*
옴새,,,,EP,*,F,추가-옴새,*,*,*,*
옵나이까,,,,EP,*,F,추가-옵나이까,*,*,*,*
옵나이다,,,,EP,*,F,추가-옵나이다,*,*,*,*
옵니까,,,,EP,*,F,추가-옵니까,*,*,*,*
옵니다,,,,EP,*,F,추가-옵니다,*,*,*,*
옵디까,,,,EP,*,F,추가-옵디까,*,*,*,*
옵디다,,,,EP,*,F,추가-옵디다,*,*,*,*
옵소서,,,,EP,*,F,추가-옵소서,*,*,*,*
옵솝거니와,,,,EP,*,F,추가-옵솝거니와,*,*,*,*
옵시,,,,EP,*,F,추가-옵시,*,*,*,*
와댜,,,,EP,*,F,추가-와댜,*,*,*,*
와뎌,,,,EP,*,F,추가-와뎌,*,*,*,*
와라,,,,EP,*,F,추가-와라,*,*,*,*
완쟈,,,,EP,*,F,추가-완쟈,*,*,*,*
외다,,,,EP,*,F,추가-외다,*,*,*,*
외러니,,,,EP,*,F,추가-외러니,*,*,*,*
요니,,,,EP,*,F,추가-요니,*,*,*,*
요라,,,,EP,*,F,추가-요라,*,*,*,*
요려,,,,EP,*,F,추가-요려,*,*,*,*
요리,,,,EP,*,F,추가-요리,*,*,*,*
요리라,,,,EP,*,F,추가-요리라,*,*,*,*
요매,,,,EP,*,F,추가-요매,*,*,*,*
요미,,,,EP,*,F,추가-요미,*,*,*,*
요미오,,,,EP,*,F,추가-요미오,*,*,*,*
욘디라,,,,EP,*,F,추가-욘디라,*,*,*,*
욜뎬,,,,EP,*,T,추가-욜뎬,*,*,*,*
욜디며,,,,EP,*,F,추가-욜디며,*,*,*,*
욜디어니와,,,,EP,*,F,추가-욜디어니와,*,*,*,*
욜셰라,,,,EP,*,F,추가-욜셰라,*,*,*,*
우니,,,,EP,*,F,추가-우니,*,*,*,*
우다,,,,EP,*,F,추가-우다,*,*,*,*
우라,,,,EP,*,F,추가-우라,*,*,*,*
우려,,,,EP,*,F,추가-우려,*,*,*,*
우리니,,,,EP,*,F,추가-우리니,*,*,*,*
우리라,,,,EP,*,F,추가-우리라,*,*,*,*
운디라,,,,EP,*,F,추가-운디라,*,*,*,*
울디,,,,EP,*,F,추가-울디,*,*,*,*
울디니라,,,,EP,*,F,추가-울디니라,*,*,*,*
울딘댄,,,,EP,*,T,추가-울딘댄,*,*,*,*
워다,,,,EP,*,F,추가-워다,*,*,*,*
워다레,,,,EP,*,F,추가-워다레,*,*,*,*
워리,,,,EP,*,F,추가-워리,*,*,*,*
원다,,,,EP,*,F,추가-원다,*,*,*,*
월다,,,,EP,*,F,추가-월다,*,*,*,*
웨다,,,,EP,*,F,추가-웨다,*,*,*,*
웨다레,,,,EP,*,F,추가-웨다레,*,*,*,*
웬다,,,,EP,*,F,추가-웬다,*,*,*,*
웰다,,,,EP,*,F,추가-웰다,*,*,*,*
유라,,,,EP,*,F,추가-유라,*,*,*,*
유려,,,,EP,*,F,추가-유려,*,*,*,*
으꺼마,,,,EP,*,F,추가-으꺼마,*,*,*,*
으께,,,,EP,*,F,추가-으께,*,*,*,*
으나,,,,EP,*,F,추가-으나,*,*,*,*
으나따나,,,,EP,*,F,추가-으나따나,*,*,*,*
으나마,,,,EP,*,F,추가-으나마,*,*,*,*
으난,,,,EP,*,T,추가-으난,*,*,*,*
으냐,,,,EP,*,F,추가-으냐,*,*,*,*
으냐고,,,,EP,*,F,추가-으냐고,*,*,*,*
으뇨,,,,EP,*,F,추가-으뇨,*,*,*,*
으니,,,,EP,*,F,추가-으니,*,*,*,*
으니까,,,,EP,*,F,추가-으니까,*,*,*,*
으니까느루,,,,EP,*,F,추가-으니까느루,*,*,*,*
으니까는,,,,EP,*,T,추가-으니까는,*,*,*,*
으니까니,,,,EP,*,F,추가-으니까니,*,*,*,*
으니깐,,,,EP,*,T,추가-으니깐,*,*,*,*
으니라,,,,EP,*,F,추가-으니라,*,*,*,*
으니만치,,,,EP,*,F,추가-으니만치,*,*,*,*
으니만큼,,,,EP,*,T,추가-으니만큼,*,*,*,*
으니야,,,,EP,*,F,추가-으니야,*,*,*,*
으니오,,,,EP,*,F,추가-으니오,*,*,*,*
으닝까,,,,EP,*,F,추가-으닝까,*,*,*,*
으되,,,,EP,*,F,추가-으되,*,*,*,*
으라,,,,EP,*,F,추가-으라,*,*,*,*
으라고,,,,EP,*,F,추가-으라고,*,*,*,*
으라나,,,,EP,*,F,추가-으라나,*,*,*,*
으라느니,,,,EP,*,F,추가-으라느니,*,*,*,*
으라니까,,,,EP,*,F,추가-으라니까,*,*,*,*
으라마,,,,EP,*,F,추가-으라마,*,*,*,*
으라며,,,,EP,*,F,추가-으라며,*,*,*,*
으라면서,,,,EP,*,F,추가-으라면서,*,*,*,*
으라무나,,,,EP,*,F,추가-으라무나,*,*,*,*
으라손,,,,EP,*,T,추가-으라손,*,*,*,*
으라우,,,,EP,*,F,추가-으라우,*,*,*,*
으라이,,,,EP,*,F,추가-으라이,*,*,*,*
으락,,,,EP,*,T,추가-으락,*,*,*,*
으란,,,,EP,*,T,추가-으란,*,*,*,*
으람,,,,EP,*,T,추가-으람,*,*,*,*
으래니께,,,,EP,*,F,추가-으래니께,*,*,*,*
으래이,,,,EP,*,F,추가-으래이,*,*,*,*
으랴,,,,EP,*,F,추가-으랴,*,*,*,*
으러,,,,EP,*,F,추가-으러,*,*,*,*
으레,,,,EP,*,F,추가-으레,*,*,*,*
으려,,,,EP,*,F,추가-으려,*,*,*,*
으려거든,,,,EP,*,T,추가-으려거든,*,*,*,*
으려고,,,,EP,*,F,추가-으려고,*,*,*,*
으려나,,,,EP,*,F,추가-으려나,*,*,*,*
으려니,,,,EP,*,F,추가-으려니,*,*,*,*
으려니와,,,,EP,*,F,추가-으려니와,*,*,*,*
으려다,,,,EP,*,F,추가-으려다,*,*,*,*
으려든,,,,EP,*,T,추가-으려든,*,*,*,*
으려마,,,,EP,*,F,추가-으려마,*,*,*,*
으려면,,,,EP,*,T,추가-으려면,*,*,*,*
으려무나,,,,EP,*,F,추가-으려무나,*,*,*,*
으련,,,,EP,*,T,추가-으련,*,*,*,*
으련마는,,,,EP,*,T,추가-으련마는,*,*,*,*
으련만,,,,EP,*,T,추가-으련만,*,*,*,*
으렴,,,,EP,*,T,추가-으렴,*,*,*,*
으렵니까,,,,EP,*,F,추가-으렵니까,*,*,*,*
으렵니다,,,,EP,*,F,추가-으렵니다,*,*,*,*
으렷다,,,,EP,*,F,추가-으렷다,*,*,*,*
으료,,,,EP,*,F,추가-으료,*,*,*,*
으리,,,,EP,*,F,추가-으리,*,*,*,*
으리까,,,,EP,*,F,추가-으리까,*,*,*,*
으리니,,,,EP,*,F,추가-으리니,*,*,*,*
으리니라,,,,EP,*,F,추가-으리니라,*,*,*,*
으리다,,,,EP,*,F,추가-으리다,*,*,*,*
으리라,,,,EP,*,F,추가-으리라,*,*,*,*
으리러라,,,,EP,*,F,추가-으리러라,*,*,*,*
으리로다,,,,EP,*,F,추가-으리로다,*,*,*,*
으리로소니,,,,EP,*,F,추가-으리로소니,*,*,*,*
으리만치,,,,EP,*,F,추가-으리만치,*,*,*,*
으리만큼,,,,EP,*,T,추가-으리만큼,*,*,*,*
으리며,,,,EP,*,F,추가-으리며,*,*,*,*
으리야,,,,EP,*,F,추가-으리야,*,*,*,*
으리어늘,,,,EP,*,T,추가-으리어늘,*,*,*,*
으리어니,,,,EP,*,F,추가-으리어니,*,*,*,*
으리어니와,,,,EP,*,F,추가-으리어니와,*,*,*,*
으리오,,,,EP,*,F,추가-으리오,*,*,*,*
으마,,,,EP,*,F,추가-으마,*,*,*,*
으만,,,,EP,*,T,추가-으만,*,*,*,*
으매,,,,EP,*,F,추가-으매,*,*,*,*
으멍,,,,EP,*,T,추가-으멍,*,*,*,*
으멘,,,,EP,*,T,추가-으멘,*,*,*,*
으며,,,,EP,*,F,추가-으며,*,*,*,*
으며셔,,,,EP,*,F,추가-으며셔,*,*,*,*
으면,,,,EP,*,T,추가-으면,*,*,*,*
으면서,,,,EP,*,F,추가-으면서,*,*,*,*
으모,,,,EP,*,F,추가-으모,*,*,*,*
으문,,,,EP,*,T,추가-으문,*,*,*,*
으므로,,,,EP,*,F,추가-으므로,*,*,*,*
으민,,,,EP,*,T,추가-으민,*,*,*,*
으사,,,,EP,*,F,추가-으사,*,*,*,*
으사이다,,,,EP,*,F,추가-으사이다,*,*,*,*
으샤,,,,EP,*,F,추가-으샤,*,*,*,*
으샨,,,,EP,*,T,추가-으샨,*,*,*,*
으샷다,,,,EP,*,F,추가-으샷다,*,*,*,*
으섀라,,,,EP,*,F,추가-으섀라,*,*,*,*
으세,,,,EP,*,F,추가-으세,*,*,*,*
으세요,,,,EP,*,F,추가-으세요,*,*,*,*
으셔요,,,,EP,*,F,추가-으셔요,*,*,*,*
으소서,,,,EP,*,F,추가-으소서,*,*,*,*
으쇼셔,,,,EP,*,F,추가-으쇼셔,*,*,*,*
으시,,,,EP,*,F,추가-으시,*,*,*,*
으시다나,,,,EP,*,F,추가-으시다나,*,*,*,*
으시더,,,,EP,*,F,추가-으시더,*,*,*,*
으시라,,,,EP,*,F,추가-으시라,*,*,*,*
으시압,,,,EP,*,T,추가-으시압,*,*,*,*
으시어요,,,,EP,*,F,추가-으시어요,*,*,*,*
으시이소,,,,EP,*,F,추가-으시이소,*,*,*,*
으십사,,,,EP,*,F,추가-으십사,*,*,*,*
으십시다,,,,EP,*,F,추가-으십시다,*,*,*,*
으십시오,,,,EP,*,F,추가-으십시오,*,*,*,*
으오,,,,EP,*,F,추가-으오,*,*,*,*
으오니까,,,,EP,*,F,추가-으오니까,*,*,*,*
으오리까,,,,EP,*,F,추가-으오리까,*,*,*,*
으오리다,,,,EP,*,F,추가-으오리다,*,*,*,*
으오리이까,,,,EP,*,F,추가-으오리이까,*,*,*,*
으오리이다,,,,EP,*,F,추가-으오리이다,*,*,*,*
으오이다,,,,EP,*,F,추가-으오이다,*,*,*,*
으옵,,,,EP,*,T,추가-으옵,*,*,*,*
으옵나이까,,,,EP,*,F,추가-으옵나이까,*,*,*,*
으옵나이다,,,,EP,*,F,추가-으옵나이다,*,*,*,*
으옵니까,,,,EP,*,F,추가-으옵니까,*,*,*,*
으옵니다,,,,EP,*,F,추가-으옵니다,*,*,*,*
으옵디까,,,,EP,*,F,추가-으옵디까,*,*,*,*
으옵디다,,,,EP,*,F,추가-으옵디다,*,*,*,*
으옵소서,,,,EP,*,F,추가-으옵소서,*,*,*,*
으옵시,,,,EP,*,F,추가-으옵시,*,*,*,*
으와,,,,EP,*,F,추가-으와,*,*,*,*
으외다,,,,EP,*,F,추가-으외다,*,*,*,*
으우,,,,EP,*,F,추가-으우,*,*,*,*
으워리,,,,EP,*,F,추가-으워리,*,*,*,*
으월다,,,,EP,*,F,추가-으월다,*,*,*,*
으이,,,,EP,*,F,추가-으이,*,*,*,*
으이까,,,,EP,*,F,추가-으이까,*,*,*,*
으이께,,,,EP,*,F,추가-으이께,*,*,*,*
으이소,,,,EP,*,F,추가-으이소,*,*,*,*
은가,,,,EP,*,F,추가-은가,*,*,*,*
은감,,,,EP,*,T,추가-은감,*,*,*,*
은걸,,,,EP,*,T,추가-은걸,*,*,*,*
은고,,,,EP,*,F,추가-은고,*,*,*,*
은교,,,,EP,*,F,추가-은교,*,*,*,*
은께,,,,EP,*,F,추가-은께,*,*,*,*
은다,,,,EP,*,F,추가-은다,*,*,*,*
은대,,,,EP,*,F,추가-은대,*,*,*,*
은데,,,,EP,*,F,추가-은데,*,*,*,*
은뎁쇼,,,,EP,*,F,추가-은뎁쇼,*,*,*,*
은들,,,,EP,*,T,추가-은들,*,*,*,*
은디라,,,,EP,*,F,추가-은디라,*,*,*,*
은바,,,,EP,*,F,추가-은바,*,*,*,*
은배,,,,EP,*,F,추가-은배,*,*,*,*
은즉,,,,EP,*,T,추가-은즉,*,*,*,*
은즉슨,,,,EP,*,T,추가-은즉슨,*,*,*,*
은지,,,,EP,*,F,추가-은지,*,*,*,*
은지고,,,,EP,*,F,추가-은지고,*,*,*,*
은지라,,,,EP,*,F,추가-은지라,*,*,*,*
을가,,,,EP,*,F,추가-을가,*,*,*,*
을값에,,,,EP,*,F,추가-을값에,*,*,*,*
을거나,,,,EP,*,F,추가-을거나,*,*,*,*
을걸,,,,EP,*,T,추가-을걸,*,*,*,*
을게,,,,EP,*,F,추가-을게,*,*,*,*
을고,,,,EP,*,F,추가-을고,*,*,*,*
을까,,,,EP,*,F,추가-을까,*,*,*,*
을깝쇼,,,,EP,*,F,추가-을깝쇼,*,*,*,*
을께,,,,EP,*,F,추가-을께,*,*,*,*
을꼬,,,,EP,*,F,추가-을꼬,*,*,*,*
을꾸마,,,,EP,*,F,추가-을꾸마,*,*,*,*
을는지,,,,EP,*,F,추가-을는지,*,*,*,*
을다,,,,EP,*,F,추가-을다,*,*,*,*
을단댄,,,,EP,*,T,추가-을단댄,*,*,*,*
을데라니,,,,EP,*,F,추가-을데라니,*,*,*,*
을라,,,,EP,*,F,추가-을라,*,*,*,*
을라고,,,,EP,*,F,추가-을라고,*,*,*,*
을라구,,,,EP,*,F,추가-을라구,*,*,*,*
을라꼬,,,,EP,*,F,추가-을라꼬,*,*,*,*
을라치면,,,,EP,*,T,추가-을라치면,*,*,*,*
을락,,,,EP,*,T,추가-을락,*,*,*,*
을람더,,,,EP,*,F,추가-을람더,*,*,*,*
을래,,,,EP,*,F,추가-을래,*,*,*,*
을래문,,,,EP,*,T,추가-을래문,*,*,*,*
을랜,,,,EP,*,T,추가-을랜,*,*,*,*
을러니,,,,EP,*,F,추가-을러니,*,*,*,*
을러라,,,,EP,*,F,추가-을러라,*,*,*,*
을런가,,,,EP,*,F,추가-을런가,*,*,*,*
을런고,,,,EP,*,F,추가-을런고,*,*,*,*
을런지,,,,EP,*,F,추가-을런지,*,*,*,*
을레,,,,EP,*,F,추가-을레,*,*,*,*
을레라,,,,EP,*,F,추가-을레라,*,*,*,*
을려고,,,,EP,*,F,추가-을려고,*,*,*,*
을리라,,,,EP,*,F,추가-을리라,*,*,*,*
을망정,,,,EP,*,T,추가-을망정,*,*,*,*
을밖에,,,,EP,*,F,추가-을밖에,*,*,*,*
을뿐더러,,,,EP,*,F,추가-을뿐더러,*,*,*,*
을사,,,,EP,*,F,추가-을사,*,*,*,*
을새,,,,EP,*,F,추가-을새,*,*,*,*
을세,,,,EP,*,F,추가-을세,*,*,*,*
을세라,,,,EP,*,F,추가-을세라,*,*,*,*
을세말이지,,,,EP,*,F,추가-을세말이지,*,*,*,*
을소냐,,,,EP,*,F,추가-을소냐,*,*,*,*
을손가,,,,EP,*,F,추가-을손가,*,*,*,*
을수록,,,,EP,*,T,추가-을수록,*,*,*,*
을시,,,,EP,*,F,추가-을시,*,*,*,*
을시고,,,,EP,*,F,추가-을시고,*,*,*,*
을싸록,,,,EP,*,T,추가-을싸록,*,*,*,*
을쎠,,,,EP,*,F,추가-을쎠,*,*,*,*
을쏘냐,,,,EP,*,F,추가-을쏘냐,*,*,*,*
을쏜가,,,,EP,*,F,추가-을쏜가,*,*,*,*
을이만큼,,,,EP,*,T,추가-을이만큼,*,*,*,*
을작시면,,,,EP,*,T,추가-을작시면,*,*,*,*
을지,,,,EP,*,F,추가-을지,*,*,*,*
을지나,,,,EP,*,F,추가-을지나,*,*,*,*
을지니,,,,EP,*,F,추가-을지니,*,*,*,*
을지니라,,,,EP,*,F,추가-을지니라,*,*,*,*
을지라,,,,EP,*,F,추가-을지라,*,*,*,*
을지라도,,,,EP,*,F,추가-을지라도,*,*,*,*
을지로다,,,,EP,*,F,추가-을지로다,*,*,*,*
을지며,,,,EP,*,F,추가-을지며,*,*,*,*
을지어다,,,,EP,*,F,추가-을지어다,*,*,*,*
을지언정,,,,EP,*,T,추가-을지언정,*,*,*,*
을진대,,,,EP,*,F,추가-을진대,*,*,*,*
을진대는,,,,EP,*,T,추가-을진대는,*,*,*,*
을진댄,,,,EP,*,T,추가-을진댄,*,*,*,*
을진들,,,,EP,*,T,추가-을진들,*,*,*,*
을진저,,,,EP,*,F,추가-을진저,*,*,*,*
음사,,,,EP,*,F,추가-음사,*,*,*,*
음성,,,,EP,*,T,추가-음성,*,*,*,*
음세,,,,EP,*,F,추가-음세,*,*,*,*
음시롱,,,,EP,*,T,추가-음시롱,*,*,*,*
음에도,,,,EP,*,F,추가-음에도,*,*,*,*
음에랴,,,,EP,*,F,추가-음에랴,*,*,*,*
읍꿔니,,,,EP,*,F,추가-읍꿔니,*,*,*,*
읍네꺼,,,,EP,*,F,추가-읍네꺼,*,*,*,*
읍네더,,,,EP,*,F,추가-읍네더,*,*,*,*
읍늰다,,,,EP,*,F,추가-읍늰다,*,*,*,*
읍니까,,,,EP,*,F,추가-읍니까,*,*,*,*
읍니꺄,,,,EP,*,F,추가-읍니꺄,*,*,*,*
읍니껴,,,,EP,*,F,추가-읍니껴,*,*,*,*
읍니다,,,,EP,*,F,추가-읍니다,*,*,*,*
읍디까,,,,EP,*,F,추가-읍디까,*,*,*,*
읍디꺼,,,,EP,*,F,추가-읍디꺼,*,*,*,*
읍디껴,,,,EP,*,F,추가-읍디껴,*,*,*,*
읍디다,,,,EP,*,F,추가-읍디다,*,*,*,*
읍디더,,,,EP,*,F,추가-읍디더,*,*,*,*
읍디여,,,,EP,*,F,추가-읍디여,*,*,*,*
읍딘다,,,,EP,*,F,추가-읍딘다,*,*,*,*
읍딘저,,,,EP,*,F,추가-읍딘저,*,*,*,*
읍마,,,,EP,*,F,추가-읍마,*,*,*,*
읍쇼,,,,EP,*,F,추가-읍쇼,*,*,*,*
읍시다,,,,EP,*,F,추가-읍시다,*,*,*,*
읍시더,,,,EP,*,F,추가-읍시더,*,*,*,*
읍시사,,,,EP,*,F,추가-읍시사,*,*,*,*
읍시오,,,,EP,*,F,추가-읍시오,*,*,*,*
읍죠,,,,EP,*,F,추가-읍죠,*,*,*,*
읍지요,,,,EP,*,F,추가-읍지요,*,*,*,*
응거,,,,EP,*,F,추가-응거,*,*,*,*
응께,,,,EP,*,F,추가-응께,*,*,*,*
이까,,,,EP,*,F,추가-이까,*,*,*,*
이껴,,,,EP,*,F,추가-이껴,*,*,*,*
이두룩새,,,,EP,*,F,추가-이두룩새,*,*,*,*
이라,,,,EP,*,F,추가-이라,*,*,*,*
이소,,,,EP,*,F,추가-이소,*,*,*,*
이요,,,,EP,*,F,추가-이요,*,*,*,*
이워니,,,,EP,*,F,추가-이워니,*,*,*,*
이원다,,,,EP,*,F,추가-이원다,*,*,*,*
이웨,,,,EP,*,F,추가-이웨,*,*,*,*
인교,,,,EP,*,F,추가-인교,*,*,*,*
잇고,,,,EP,*,F,추가-잇고,*,*,*,*
자고,,,,EP,*,F,추가-자고,*,*,*,*
자구,,,,EP,*,F,추가-자구,*,*,*,*
자꾸나,,,,EP,*,F,추가-자꾸나,*,*,*,*
자느니,,,,EP,*,F,추가-자느니,*,*,*,*
자니까,,,,EP,*,F,추가-자니까,*,*,*,*
자마,,,,EP,*,F,추가-자마,*,*,*,*
자마자,,,,EP,*,F,추가-자마자,*,*,*,*
자며,,,,EP,*,F,추가-자며,*,*,*,*
자면,,,,EP,*,T,추가-자면,*,*,*,*
자면서,,,,EP,*,F,추가-자면서,*,*,*,*
자무나,,,,EP,*,F,추가-자무나,*,*,*,*
자손,,,,EP,*,T,추가-자손,*,*,*,*
자오,,,,EP,*,F,추가-자오,*,*,*,*
자옵,,,,EP,*,T,추가-자옵,*,*,*,*
자옵시,,,,EP,*,F,추가-자옵시,*,*,*,*
쟈스라,,,,EP,*,F,추가-쟈스라,*,*,*,*
쟛고야,,,,EP,*,F,추가-쟛고야,*,*,*,*
젠도,,,,EP,*,F,추가-젠도,*,*,*,*
져라,,,,EP,*,F,추가-져라,*,*,*,*
졔니라,,,,EP,*,F,추가-졔니라,*,*,*,*
졔시니,,,,EP,*,F,추가-졔시니,*,*,*,*
주마는,,,,EP,*,T,추가-주마는,*,*,*,*
지로,,,,EP,*,F,추가-지로,*,*,*,*
지록,,,,EP,*,T,추가-지록,*,*,*,*
지마는,,,,EP,*,T,추가-지마는,*,*,*,*
지만,,,,EP,*,T,추가-지만,*,*,*,*
지만서도,,,,EP,*,F,추가-지만서도,*,*,*,*
지만지,,,,EP,*,F,추가-지만지,*,*,*,*
지비,,,,EP,*,F,추가-지비,*,*,*,*
지요,,,,EP,*,F,추가-지요,*,*,*,*
히다,,,,EP,*,F,추가-히다,*,*,*,*
사오,,,,EP,*,F,추가-사오,*,*,*,*
았었,,,,EP,*,T,추가-았었,*,*,*,*
었었,,,,EP,*,T,추가-었었,*,*,*,*
으시,,,,EP,*,F,추가-으시,*,*,*,*
