가동가동,,,,NNG,*,T,추가-가동가동,*,*,*,*
가동강가동강,,,,NNG,*,T,추가-가동강가동강,*,*,*,*
가둥가둥,,,,NNG,*,T,추가-가둥가둥,*,*,*,*
가만,,,,NNG,*,T,추가-가만,*,*,*,*
가서,,,,NNG,*,F,추가-가서,*,*,*,*
가설랑,,,,NNG,*,T,추가-가설랑,*,*,*,*
가설랑은,,,,NNG,*,T,추가-가설랑은,*,*,*,*
개치네쒜,,,,NNG,*,F,추가-개치네쒜,*,*,*,*
개치네시,,,,NNG,*,F,추가-개치네시,*,*,*,*
거보시오,,,,NNG,*,F,추가-거보시오,*,*,*,*
거봐,,,,NNG,*,F,추가-거봐,*,*,*,*
거봐라,,,,NNG,*,F,추가-거봐라,*,*,*,*
거참,,,,NNG,*,T,추가-거참,*,*,*,*
거래,,,,NNG,*,F,추가-거래,*,*,*,*
거럼,,,,NNG,*,T,추가-거럼,*,*,*,*
거름아,,,,NNG,*,F,추가-거름아,*,*,*,*
거서가니,,,,NNG,*,F,추가-거서가니,*,*,*,*
거석,,,,NNG,*,T,추가-거석,*,*,*,*
거세기,,,,NNG,*,F,추가-거세기,*,*,*,*
거시기,,,,NNG,*,F,추가-거시기,*,*,*,*
거시끼,,,,NNG,*,F,추가-거시끼,*,*,*,*
거시키,,,,NNG,*,F,추가-거시키,*,*,*,*
거이키,,,,NNG,*,F,추가-거이키,*,*,*,*
거정,,,,NNG,*,T,추가-거정,*,*,*,*
거총,,,,NNG,*,T,추가-거총,*,*,*,*
걸빠람,,,,NNG,*,T,추가-걸빠람,*,*,*,*
걸쎄,,,,NNG,*,F,추가-걸쎄,*,*,*,*
걸어총,,,,NNG,*,T,추가-걸어총,*,*,*,*
걸엄마,,,,NNG,*,F,추가-걸엄마,*,*,*,*
걸음마,,,,NNG,*,F,추가-걸음마,*,*,*,*
걸음매,,,,NNG,*,F,추가-걸음매,*,*,*,*
걸음발,,,,NNG,*,T,추가-걸음발,*,*,*,*
걸음배,,,,NNG,*,F,추가-걸음배,*,*,*,*
걸음마짜짜,,,,NNG,*,F,추가-걸음마짜짜,*,*,*,*
걸음마찍찍,,,,NNG,*,T,추가-걸음마찍찍,*,*,*,*
검사총,,,,NNG,*,T,추가-검사총,*,*,*,*
검제검제,,,,NNG,*,F,추가-검제검제,*,*,*,*
게매,,,,NNG,*,F,추가-게매,*,*,*,*
게메,,,,NNG,*,F,추가-게메,*,*,*,*
게메게,,,,NNG,*,F,추가-게메게,*,*,*,*
게메마시,,,,NNG,*,F,추가-게메마시,*,*,*,*
게메마씨,,,,NNG,*,F,추가-게메마씨,*,*,*,*
게메마씸,,,,NNG,*,T,추가-게메마씸,*,*,*,*
게메서란,,,,NNG,*,T,추가-게메서란,*,*,*,*
게메선,,,,NNG,*,T,추가-게메선,*,*,*,*
게시레,,,,NNG,*,F,추가-게시레,*,*,*,*
게으쭈루,,,,NNG,*,F,추가-게으쭈루,*,*,*,*
겐지겐지,,,,NNG,*,F,추가-겐지겐지,*,*,*,*
겔쎄,,,,NNG,*,F,추가-겔쎄,*,*,*,*
겔쎄라,,,,NNG,*,F,추가-겔쎄라,*,*,*,*
겡레,,,,NNG,*,F,추가-겡레,*,*,*,*
경례,,,,NNG,*,F,추가-경례,*,*,*,*
고고,,,,NNG,*,F,추가-고고,*,*,*,*
고내고내,,,,NNG,*,F,추가-고내고내,*,*,*,*
고노고노,,,,NNG,*,F,추가-고노고노,*,*,*,*
고누고누,,,,NNG,*,F,추가-고누고누,*,*,*,*
고도고도,,,,NNG,*,F,추가-고도고도,*,*,*,*
고땅,,,,NNG,*,T,추가-고땅,*,*,*,*
고래고래,,,,NNG,*,F,추가-고래고래,*,*,*,*
고런,,,,NNG,*,T,추가-고런,*,*,*,*
고렇지,,,,NNG,*,F,추가-고렇지,*,*,*,*
고롬,,,,NNG,*,T,추가-고롬,*,*,*,*
고마부,,,,NNG,*,F,추가-고마부,*,*,*,*
고마빠,,,,NNG,*,F,추가-고마빠,*,*,*,*
고마재,,,,NNG,*,F,추가-고마재,*,*,*,*
고모보,,,,NNG,*,F,추가-고모보,*,*,*,*
고모부,,,,NNG,*,F,추가-고모부,*,*,*,*
고모아재,,,,NNG,*,F,추가-고모아재,*,*,*,*
고모할머니,,,,NNG,*,F,추가-고모할머니,*,*,*,*
고모할아버지,,,,NNG,*,F,추가-고모할아버지,*,*,*,*
고무부,,,,NNG,*,F,추가-고무부,*,*,*,*
고무아재,,,,NNG,*,F,추가-고무아재,*,*,*,*
고무작숙,,,,NNG,*,T,추가-고무작숙,*,*,*,*
고수레,,,,NNG,*,F,추가-고수레,*,*,*,*
고스레,,,,NNG,*,F,추가-고스레,*,*,*,*
고시레,,,,NNG,*,F,추가-고시레,*,*,*,*
고시례,,,,NNG,*,F,추가-고시례,*,*,*,*
곤두곤두,,,,NNG,*,F,추가-곤두곤두,*,*,*,*
곤지곤지,,,,NNG,*,F,추가-곤지곤지,*,*,*,*
골치,,,,NNG,*,F,추가-골치,*,*,*,*
구구,,,,NNG,*,F,추가-구구,*,*,*,*
구두구두,,,,NNG,*,F,추가-구두구두,*,*,*,*
구럼,,,,NNG,*,T,추가-구럼,*,*,*,*
국국,,,,NNG,*,T,추가-국국,*,*,*,*
굴굴,,,,NNG,*,T,추가-굴굴,*,*,*,*
굽아,,,,NNG,*,F,추가-굽아,*,*,*,*
그것참,,,,NNG,*,T,추가-그것참,*,*,*,*
그냐,,,,NNG,*,F,추가-그냐,*,*,*,*
그누므꺼,,,,NNG,*,F,추가-그누므꺼,*,*,*,*
그라,,,,NNG,*,F,추가-그라,*,*,*,*
그람,,,,NNG,*,T,추가-그람,*,*,*,*
그래,,,,NNG,*,F,추가-그래,*,*,*,*
그래그래,,,,NNG,*,F,추가-그래그래,*,*,*,*
그래게,,,,NNG,*,F,추가-그래게,*,*,*,*
그래여,,,,NNG,*,F,추가-그래여,*,*,*,*
그랴,,,,NNG,*,F,추가-그랴,*,*,*,*
그러게,,,,NNG,*,F,추가-그러게,*,*,*,*
그러지,,,,NNG,*,F,추가-그러지,*,*,*,*
그런,,,,NNG,*,T,추가-그런,*,*,*,*
그럼,,,,NNG,*,T,추가-그럼,*,*,*,*
그렇나,,,,NNG,*,F,추가-그렇나,*,*,*,*
그렇제,,,,NNG,*,F,추가-그렇제,*,*,*,*
그렇지,,,,NNG,*,F,추가-그렇지,*,*,*,*
그려,,,,NNG,*,F,추가-그려,*,*,*,*
그례,,,,NNG,*,F,추가-그례,*,*,*,*
그리야,,,,NNG,*,F,추가-그리야,*,*,*,*
그리어,,,,NNG,*,F,추가-그리어,*,*,*,*
그리어그리어,,,,NNG,*,F,추가-그리어그리어,*,*,*,*
그리여,,,,NNG,*,F,추가-그리여,*,*,*,*
그쎄,,,,NNG,*,F,추가-그쎄,*,*,*,*
그여나,,,,NNG,*,F,추가-그여나,*,*,*,*
그여느꺼,,,,NNG,*,F,추가-그여느꺼,*,*,*,*
그연드라,,,,NNG,*,F,추가-그연드라,*,*,*,*
그연들꺼,,,,NNG,*,F,추가-그연들꺼,*,*,*,*
그자,,,,NNG,*,F,추가-그자,*,*,*,*
그자참,,,,NNG,*,T,추가-그자참,*,*,*,*
그제,,,,NNG,*,F,추가-그제,*,*,*,*
그케,,,,NNG,*,F,추가-그케,*,*,*,*
근드라,,,,NNG,*,F,추가-근드라,*,*,*,*
근들꺼,,,,NNG,*,F,추가-근들꺼,*,*,*,*
글메,,,,NNG,*,F,추가-글메,*,*,*,*
글쎄,,,,NNG,*,F,추가-글쎄,*,*,*,*
글쎄다,,,,NNG,*,F,추가-글쎄다,*,*,*,*
글쎄올시다,,,,NNG,*,F,추가-글쎄올시다,*,*,*,*
글쎄요,,,,NNG,*,F,추가-글쎄요,*,*,*,*
글씨,,,,NNG,*,F,추가-글씨,*,*,*,*
글장,,,,NNG,*,T,추가-글장,*,*,*,*
글지,,,,NNG,*,F,추가-글지,*,*,*,*
글케,,,,NNG,*,F,추가-글케,*,*,*,*
글키,,,,NNG,*,F,추가-글키,*,*,*,*
긇제,,,,NNG,*,F,추가-긇제,*,*,*,*
긇지,,,,NNG,*,F,추가-긇지,*,*,*,*
금메,,,,NNG,*,F,추가-금메,*,*,*,*
기래,,,,NNG,*,F,추가-기래,*,*,*,*
기럼,,,,NNG,*,T,추가-기럼,*,*,*,*
기립,,,,NNG,*,T,추가-기립,*,*,*,*
기쎄,,,,NNG,*,F,추가-기쎄,*,*,*,*
기여,,,,NNG,*,F,추가-기여,*,*,*,*
기엿,,,,NNG,*,T,추가-기엿,*,*,*,*
기준,,,,NNG,*,T,추가-기준,*,*,*,*
기지,,,,NNG,*,F,추가-기지,*,*,*,*
길쎄,,,,NNG,*,F,추가-길쎄,*,*,*,*
까꿍,,,,NNG,*,T,추가-까꿍,*,*,*,*
까연들꺼,,,,NNG,*,F,추가-까연들꺼,*,*,*,*
까지,,,,NNG,*,F,추가-까지,*,*,*,*
까짓,,,,NNG,*,T,추가-까짓,*,*,*,*
까짓거,,,,NNG,*,F,추가-까짓거,*,*,*,*
까짓것,,,,NNG,*,T,추가-까짓것,*,*,*,*
깐대거리,,,,NNG,*,F,추가-깐대거리,*,*,*,*
깜짝이야,,,,NNG,*,F,추가-깜짝이야,*,*,*,*
깜짹이야,,,,NNG,*,F,추가-깜짹이야,*,*,*,*
깜쩍이야,,,,NNG,*,F,추가-깜쩍이야,*,*,*,*
깨꼬,,,,NNG,*,F,추가-깨꼬,*,*,*,*
껄음마껄음마,,,,NNG,*,F,추가-껄음마껄음마,*,*,*,*
껜서껜서,,,,NNG,*,F,추가-껜서껜서,*,*,*,*
껜수껜수,,,,NNG,*,F,추가-껜수껜수,*,*,*,*
껜시게껜시게,,,,NNG,*,F,추가-껜시게껜시게,*,*,*,*
껜제껜제,,,,NNG,*,F,추가-껜제껜제,*,*,*,*
꼬꼬질,,,,NNG,*,T,추가-꼬꼬질,*,*,*,*
꼬내꼬내,,,,NNG,*,F,추가-꼬내꼬내,*,*,*,*
꼬노꼬노,,,,NNG,*,F,추가-꼬노꼬노,*,*,*,*
꼬누꼬누,,,,NNG,*,F,추가-꼬누꼬누,*,*,*,*
꼬대꼬대,,,,NNG,*,F,추가-꼬대꼬대,*,*,*,*
꼬도꼬도,,,,NNG,*,F,추가-꼬도꼬도,*,*,*,*
꼬독꼬독,,,,NNG,*,T,추가-꼬독꼬독,*,*,*,*
꼬둑꼬둑,,,,NNG,*,T,추가-꼬둑꼬둑,*,*,*,*
꼬마꼬마,,,,NNG,*,F,추가-꼬마꼬마,*,*,*,*
꼬막꼬막,,,,NNG,*,T,추가-꼬막꼬막,*,*,*,*
꼬시네,,,,NNG,*,F,추가-꼬시네,*,*,*,*
꼬시데,,,,NNG,*,F,추가-꼬시데,*,*,*,*
꼬시레,,,,NNG,*,F,추가-꼬시레,*,*,*,*
꼰대꼰대,,,,NNG,*,F,추가-꼰대꼰대,*,*,*,*
꼰두꼰두,,,,NNG,*,F,추가-꼰두꼰두,*,*,*,*
꼰지꼰지,,,,NNG,*,F,추가-꼰지꼰지,*,*,*,*
꼴꼴,,,,NNG,*,T,추가-꼴꼴,*,*,*,*
꽂아칼,,,,NNG,*,T,추가-꽂아칼,*,*,*,*
꾸꾸,,,,NNG,*,F,추가-꾸꾸,*,*,*,*
꿀꿀,,,,NNG,*,T,추가-꿀꿀,*,*,*,*
꿇어사격,,,,NNG,*,T,추가-꿇어사격,*,*,*,*
꿍아,,,,NNG,*,F,추가-꿍아,*,*,*,*
꿴세꿴세,,,,NNG,*,F,추가-꿴세꿴세,*,*,*,*
뀌뀌,,,,NNG,*,F,추가-뀌뀌,*,*,*,*
끔메,,,,NNG,*,F,추가-끔메,*,*,*,*
끼라,,,,NNG,*,F,추가-끼라,*,*,*,*
끼랴,,,,NNG,*,F,추가-끼랴,*,*,*,*
나머이,,,,NNG,*,F,추가-나머이,*,*,*,*
나무아미타불,,,,NNG,*,T,추가-나무아미타불,*,*,*,*
나야,,,,NNG,*,F,추가-나야,*,*,*,*
나야더리,,,,NNG,*,F,추가-나야더리,*,*,*,*
나헤,,,,NNG,*,F,추가-나헤,*,*,*,*
난장맞을,,,,NNG,*,T,추가-난장맞을,*,*,*,*
난장칠,,,,NNG,*,T,추가-난장칠,*,*,*,*
내괘,,,,NNG,*,F,추가-내괘,*,*,*,*
내야더리,,,,NNG,*,F,추가-내야더리,*,*,*,*
낸장,,,,NNG,*,T,추가-낸장,*,*,*,*
낸장맞일,,,,NNG,*,T,추가-낸장맞일,*,*,*,*
너미,,,,NNG,*,F,추가-너미,*,*,*,*
너임너임,,,,NNG,*,T,추가-너임너임,*,*,*,*
널미,,,,NNG,*,F,추가-널미,*,*,*,*
네기,,,,NNG,*,F,추가-네기,*,*,*,*
네미,,,,NNG,*,F,추가-네미,*,*,*,*
네미네미,,,,NNG,*,F,추가-네미네미,*,*,*,*
네미랄,,,,NNG,*,T,추가-네미랄,*,*,*,*
넨자,,,,NNG,*,F,추가-넨자,*,*,*,*
넨장,,,,NNG,*,T,추가-넨장,*,*,*,*
넨장맞을,,,,NNG,*,T,추가-넨장맞을,*,*,*,*
넨장아더리,,,,NNG,*,F,추가-넨장아더리,*,*,*,*
넨장질껏,,,,NNG,*,T,추가-넨장질껏,*,*,*,*
넨장칠,,,,NNG,*,T,추가-넨장칠,*,*,*,*
넨장헐,,,,NNG,*,T,추가-넨장헐,*,*,*,*
노마,,,,NNG,*,F,추가-노마,*,*,*,*
노로,,,,NNG,*,F,추가-노로,*,*,*,*
놓고,,,,NNG,*,F,추가-놓고,*,*,*,*
누갈나갈,,,,NNG,*,T,추가-누갈나갈,*,*,*,*
늬나노,,,,NNG,*,F,추가-늬나노,*,*,*,*
니거리,,,,NNG,*,F,추가-니거리,*,*,*,*
니게미,,,,NNG,*,F,추가-니게미,*,*,*,*
니기럴,,,,NNG,*,T,추가-니기럴,*,*,*,*
니기미,,,,NNG,*,F,추가-니기미,*,*,*,*
니끼미,,,,NNG,*,F,추가-니끼미,*,*,*,*
니나노,,,,NNG,*,F,추가-니나노,*,*,*,*
니디,,,,NNG,*,F,추가-니디,*,*,*,*
니미,,,,NNG,*,F,추가-니미,*,*,*,*
니미랄,,,,NNG,*,T,추가-니미랄,*,*,*,*
니미럴,,,,NNG,*,T,추가-니미럴,*,*,*,*
니이미,,,,NNG,*,F,추가-니이미,*,*,*,*
닌장,,,,NNG,*,T,추가-닌장,*,*,*,*
닌장맞을,,,,NNG,*,T,추가-닌장맞을,*,*,*,*
닌장맞일,,,,NNG,*,T,추가-닌장맞일,*,*,*,*
다이를까,,,,NNG,*,F,추가-다이를까,*,*,*,*
단배단배,,,,NNG,*,F,추가-단배단배,*,*,*,*
달강달강,,,,NNG,*,T,추가-달강달강,*,*,*,*
달공달공,,,,NNG,*,T,추가-달공달공,*,*,*,*
달궁달궁,,,,NNG,*,T,추가-달궁달궁,*,*,*,*
담배담배,,,,NNG,*,F,추가-담배담배,*,*,*,*
당모님,,,,NNG,*,T,추가-당모님,*,*,*,*
대끼순,,,,NNG,*,T,추가-대끼순,*,*,*,*
대려라,,,,NNG,*,F,추가-대려라,*,*,*,*
대차,,,,NNG,*,F,추가-대차,*,*,*,*
대차나,,,,NNG,*,F,추가-대차나,*,*,*,*
대처,,,,NNG,*,F,추가-대처,*,*,*,*
대처나,,,,NNG,*,F,추가-대처나,*,*,*,*
대큰,,,,NNG,*,T,추가-대큰,*,*,*,*
던데던데,,,,NNG,*,F,추가-던데던데,*,*,*,*
데거시니,,,,NNG,*,F,추가-데거시니,*,*,*,*
데머사니,,,,NNG,*,F,추가-데머사니,*,*,*,*
데메세가니,,,,NNG,*,F,추가-데메세가니,*,*,*,*
데끼,,,,NNG,*,F,추가-데끼,*,*,*,*
데끼순,,,,NNG,*,T,추가-데끼순,*,*,*,*
데런,,,,NNG,*,T,추가-데런,*,*,*,*
데루화,,,,NNG,*,F,추가-데루화,*,*,*,*
덱숭,,,,NNG,*,T,추가-덱숭,*,*,*,*
도시위,,,,NNG,*,F,추가-도시위,*,*,*,*
도곤도곤,,,,NNG,*,T,추가-도곤도곤,*,*,*,*
도도도,,,,NNG,*,F,추가-도도도,*,*,*,*
도래도래,,,,NNG,*,F,추가-도래도래,*,*,*,*
도래도래,,,,NNG,*,F,추가-도래도래,*,*,*,*
도레도레,,,,NNG,*,F,추가-도레도레,*,*,*,*
도레도레,,,,NNG,*,F,추가-도레도레,*,*,*,*
도루돌돌돌,,,,NNG,*,T,추가-도루돌돌돌,*,*,*,*
도르래도르래,,,,NNG,*,F,추가-도르래도르래,*,*,*,*
도르레도르레,,,,NNG,*,F,추가-도르레도르레,*,*,*,*
도르르돌돌,,,,NNG,*,T,추가-도르르돌돌,*,*,*,*
도리도리,,,,NNG,*,F,추가-도리도리,*,*,*,*
돌개돌개,,,,NNG,*,F,추가-돌개돌개,*,*,*,*
돌돌,,,,NNG,*,T,추가-돌돌,*,*,*,*
되되되되,,,,NNG,*,F,추가-되되되되,*,*,*,*
두두,,,,NNG,*,F,추가-두두,*,*,*,*
두두두두,,,,NNG,*,F,추가-두두두두,*,*,*,*
두어라,,,,NNG,*,F,추가-두어라,*,*,*,*
둥가둥가,,,,NNG,*,F,추가-둥가둥가,*,*,*,*
둥개둥개,,,,NNG,*,F,추가-둥개둥개,*,*,*,*
둥기둥기,,,,NNG,*,F,추가-둥기둥기,*,*,*,*
둥둥,,,,NNG,*,T,추가-둥둥,*,*,*,*
둬둬,,,,NNG,*,F,추가-둬둬,*,*,*,*
둬둬둬,,,,NNG,*,F,추가-둬둬둬,*,*,*,*
뒈뒈,,,,NNG,*,F,추가-뒈뒈,*,*,*,*
뒤로돌아,,,,NNG,*,F,추가-뒤로돌아,*,*,*,*
뒤로돌아가,,,,NNG,*,F,추가-뒤로돌아가,*,*,*,*
드디장궐리장,,,,NNG,*,T,추가-드디장궐리장,*,*,*,*
드디장당개장,,,,NNG,*,T,추가-드디장당개장,*,*,*,*
드디장드디장,,,,NNG,*,T,추가-드디장드디장,*,*,*,*
드레드레,,,,NNG,*,F,추가-드레드레,*,*,*,*
드오,,,,NNG,*,F,추가-드오,*,*,*,*
들보,,,,NNG,*,F,추가-들보,*,*,*,*
디디장궐리장,,,,NNG,*,T,추가-디디장궐리장,*,*,*,*
디로돌아,,,,NNG,*,F,추가-디로돌아,*,*,*,*
디로돌아이가,,,,NNG,*,F,추가-디로돌아이가,*,*,*,*
따따따따,,,,NNG,*,F,추가-따따따따,*,*,*,*
따로따로,,,,NNG,*,F,추가-따로따로,*,*,*,*
따로따로따따로,,,,NNG,*,F,추가-따로따로따따로,*,*,*,*
따루따루,,,,NNG,*,F,추가-따루따루,*,*,*,*
따루마따루마,,,,NNG,*,F,추가-따루마따루마,*,*,*,*
따룸마따룸마,,,,NNG,*,F,추가-따룸마따룸마,*,*,*,*
따르마따르마,,,,NNG,*,F,추가-따르마따르마,*,*,*,*
따름마따름마,,,,NNG,*,F,추가-따름마따름마,*,*,*,*
딴지딴지,,,,NNG,*,F,추가-딴지딴지,*,*,*,*
때꼭,,,,NNG,*,T,추가-때꼭,*,*,*,*
떡을할,,,,NNG,*,T,추가-떡을할,*,*,*,*
떵개떵개,,,,NNG,*,F,추가-떵개떵개,*,*,*,*
떵구떵구,,,,NNG,*,F,추가-떵구떵구,*,*,*,*
떵기떵기,,,,NNG,*,F,추가-떵기떵기,*,*,*,*
떼그랄,,,,NNG,*,T,추가-떼그랄,*,*,*,*
떼기,,,,NNG,*,F,추가-떼기,*,*,*,*
떼기랄,,,,NNG,*,T,추가-떼기랄,*,*,*,*
떼끼,,,,NNG,*,F,추가-떼끼,*,*,*,*
뗀데뗀데,,,,NNG,*,F,추가-뗀데뗀데,*,*,*,*
또로또로,,,,NNG,*,F,추가-또로또로,*,*,*,*
또로섬마,,,,NNG,*,F,추가-또로섬마,*,*,*,*
또르또르,,,,NNG,*,F,추가-또르또르,*,*,*,*
똘똘,,,,NNG,*,T,추가-똘똘,*,*,*,*
뚤뚤,,,,NNG,*,T,추가-뚤뚤,*,*,*,*
뛰어가,,,,NNG,*,F,추가-뛰어가,*,*,*,*
레디고,,,,NNG,*,F,추가-레디고,*,*,*,*
마나,,,,NNG,*,F,추가-마나,*,*,*,*
마니마니,,,,NNG,*,F,추가-마니마니,*,*,*,*
마라,,,,NNG,*,F,추가-마라,*,*,*,*
마매,,,,NNG,*,F,추가-마매,*,*,*,*
마맹이,,,,NNG,*,F,추가-마맹이,*,*,*,*
만만세,,,,NNG,*,F,추가-만만세,*,*,*,*
만세,,,,NNG,*,F,추가-만세,*,*,*,*
맏아마임,,,,NNG,*,T,추가-맏아마임,*,*,*,*
맏아매,,,,NNG,*,F,추가-맏아매,*,*,*,*
맏아바네,,,,NNG,*,F,추가-맏아바네,*,*,*,*
맏아바니,,,,NNG,*,F,추가-맏아바니,*,*,*,*
맏아바이,,,,NNG,*,F,추가-맏아바이,*,*,*,*
맏아배,,,,NNG,*,F,추가-맏아배,*,*,*,*
맏아뱀,,,,NNG,*,T,추가-맏아뱀,*,*,*,*
맏아버지,,,,NNG,*,F,추가-맏아버지,*,*,*,*
맏아빼,,,,NNG,*,F,추가-맏아빼,*,*,*,*
맏애매,,,,NNG,*,F,추가-맏애매,*,*,*,*
맏어매,,,,NNG,*,F,추가-맏어매,*,*,*,*
맏엄매,,,,NNG,*,F,추가-맏엄매,*,*,*,*
맏클아반,,,,NNG,*,T,추가-맏클아반,*,*,*,*
맏삼춘오마니,,,,NNG,*,F,추가-맏삼춘오마니,*,*,*,*
맙소사,,,,NNG,*,F,추가-맙소사,*,*,*,*
맙시사,,,,NNG,*,F,추가-맙시사,*,*,*,*
매제,,,,NNG,*,F,추가-매제,*,*,*,*
매지,,,,NNG,*,F,추가-매지,*,*,*,*
머미,,,,NNG,*,F,추가-머미,*,*,*,*
머사니,,,,NNG,*,F,추가-머사니,*,*,*,*
머서가니,,,,NNG,*,F,추가-머서가니,*,*,*,*
머서기,,,,NNG,*,F,추가-머서기,*,*,*,*
머시,,,,NNG,*,F,추가-머시,*,*,*,*
머시가니,,,,NNG,*,F,추가-머시가니,*,*,*,*
머시기,,,,NNG,*,F,추가-머시기,*,*,*,*
머시끼,,,,NNG,*,F,추가-머시끼,*,*,*,*
머시냐,,,,NNG,*,F,추가-머시냐,*,*,*,*
머식,,,,NNG,*,T,추가-머식,*,*,*,*
멍군,,,,NNG,*,T,추가-멍군,*,*,*,*
멍털군,,,,NNG,*,T,추가-멍털군,*,*,*,*
메께,,,,NNG,*,F,추가-메께,*,*,*,*
메께라,,,,NNG,*,F,추가-메께라,*,*,*,*
메롱,,,,NNG,*,T,추가-메롱,*,*,*,*
메사가니,,,,NNG,*,F,추가-메사가니,*,*,*,*
메사니,,,,NNG,*,F,추가-메사니,*,*,*,*
메세가니,,,,NNG,*,F,추가-메세가니,*,*,*,*
메옹,,,,NNG,*,T,추가-메옹,*,*,*,*
멜록,,,,NNG,*,T,추가-멜록,*,*,*,*
멩군,,,,NNG,*,T,추가-멩군,*,*,*,*
모어리수에,,,,NNG,*,F,추가-모어리수에,*,*,*,*
모여,,,,NNG,*,F,추가-모여,*,*,*,*
모여총,,,,NNG,*,T,추가-모여총,*,*,*,*
몯아매,,,,NNG,*,F,추가-몯아매,*,*,*,*
몯아바니,,,,NNG,*,F,추가-몯아바니,*,*,*,*
몯아배,,,,NNG,*,F,추가-몯아배,*,*,*,*
몯애비,,,,NNG,*,F,추가-몯애비,*,*,*,*
몯에미,,,,NNG,*,F,추가-몯에미,*,*,*,*
몸써리야,,,,NNG,*,F,추가-몸써리야,*,*,*,*
무릎쏴,,,,NNG,*,F,추가-무릎쏴,*,*,*,*
무릎앉아,,,,NNG,*,F,추가-무릎앉아,*,*,*,*
무사,,,,NNG,*,F,추가-무사,*,*,*,*
무서라,,,,NNG,*,F,추가-무서라,*,*,*,*
무어,,,,NNG,*,F,추가-무어,*,*,*,*
무에리수에,,,,NNG,*,F,추가-무에리수에,*,*,*,*
물러,,,,NNG,*,F,추가-물러,*,*,*,*
미어미어,,,,NNG,*,F,추가-미어미어,*,*,*,*
바로,,,,NNG,*,F,추가-바로,*,*,*,*
바른걸음으로가,,,,NNG,*,F,추가-바른걸음으로가,*,*,*,*
반걸음으로가,,,,NNG,*,F,추가-반걸음으로가,*,*,*,*
받들어총,,,,NNG,*,T,추가-받들어총,*,*,*,*
발여,,,,NNG,*,F,추가-발여,*,*,*,*
방가방가,,,,NNG,*,F,추가-방가방가,*,*,*,*
방에야방에야,,,,NNG,*,F,추가-방에야방에야,*,*,*,*
배라먹을,,,,NNG,*,T,추가-배라먹을,*,*,*,*
배라묵을,,,,NNG,*,T,추가-배라묵을,*,*,*,*
밸아묵을,,,,NNG,*,T,추가-밸아묵을,*,*,*,*
번호,,,,NNG,*,F,추가-번호,*,*,*,*
보래,,,,NNG,*,F,추가-보래,*,*,*,*
보르,,,,NNG,*,F,추가-보르,*,*,*,*
보소,,,,NNG,*,F,추가-보소,*,*,*,*
보이소,,,,NNG,*,F,추가-보이소,*,*,*,*
복스,,,,NNG,*,F,추가-복스,*,*,*,*
뵈시위,,,,NNG,*,F,추가-뵈시위,*,*,*,*
부라,,,,NNG,*,F,추가-부라,*,*,*,*
부라부라,,,,NNG,*,F,추가-부라부라,*,*,*,*
부바,,,,NNG,*,F,추가-부바,*,*,*,*
부바부바,,,,NNG,*,F,추가-부바부바,*,*,*,*
부애,,,,NNG,*,F,추가-부애,*,*,*,*
불래불래,,,,NNG,*,F,추가-불래불래,*,*,*,*
불매불매,,,,NNG,*,F,추가-불매불매,*,*,*,*
불무불무,,,,NNG,*,F,추가-불무불무,*,*,*,*
불미불미,,,,NNG,*,F,추가-불미불미,*,*,*,*
불싸다가,,,,NNG,*,F,추가-불싸다가,*,*,*,*
브라보,,,,NNG,*,F,추가-브라보,*,*,*,*
빌어먹을,,,,NNG,*,T,추가-빌어먹을,*,*,*,*
빌어묵을,,,,NNG,*,T,추가-빌어묵을,*,*,*,*
빌어물,,,,NNG,*,T,추가-빌어물,*,*,*,*
빙고,,,,NNG,*,F,추가-빙고,*,*,*,*
빙모님,,,,NNG,*,T,추가-빙모님,*,*,*,*
빙무님,,,,NNG,*,T,추가-빙무님,*,*,*,*
빠이빠이,,,,NNG,*,F,추가-빠이빠이,*,*,*,*
사구려,,,,NNG,*,F,추가-사구려,*,*,*,*
삼촌엄매,,,,NNG,*,F,추가-삼촌엄매,*,*,*,*
삼춘엄매,,,,NNG,*,F,추가-삼춘엄매,*,*,*,*
삼춘오마니,,,,NNG,*,F,추가-삼춘오마니,*,*,*,*
삿다삿다,,,,NNG,*,F,추가-삿다삿다,*,*,*,*
상사뒤야,,,,NNG,*,F,추가-상사뒤야,*,*,*,*
상사뒤요,,,,NNG,*,F,추가-상사뒤요,*,*,*,*
상사디야,,,,NNG,*,F,추가-상사디야,*,*,*,*
새아가,,,,NNG,*,F,추가-새아가,*,*,*,*
서마서마,,,,NNG,*,F,추가-서마서마,*,*,*,*
서서쏴,,,,NNG,*,F,추가-서서쏴,*,*,*,*
서서사격,,,,NNG,*,T,추가-서서사격,*,*,*,*
선다선다,,,,NNG,*,F,추가-선다선다,*,*,*,*
선달선달,,,,NNG,*,T,추가-선달선달,*,*,*,*
선데선데,,,,NNG,*,F,추가-선데선데,*,*,*,*
섬마섬마,,,,NNG,*,F,추가-섬마섬마,*,*,*,*
섬메섬메,,,,NNG,*,F,추가-섬메섬메,*,*,*,*
섬바섬바,,,,NNG,*,F,추가-섬바섬바,*,*,*,*
섬배섬배,,,,NNG,*,F,추가-섬배섬배,*,*,*,*
섯다섯다,,,,NNG,*,F,추가-섯다섯다,*,*,*,*
섰다섰다,,,,NNG,*,F,추가-섰다섰다,*,*,*,*
세메,,,,NNG,*,F,추가-세메,*,*,*,*
세사아,,,,NNG,*,F,추가-세사아,*,*,*,*
세상세상,,,,NNG,*,T,추가-세상세상,*,*,*,*
세상에,,,,NNG,*,F,추가-세상에,*,*,*,*
세워총,,,,NNG,*,T,추가-세워총,*,*,*,*
셔마셔마,,,,NNG,*,F,추가-셔마셔마,*,*,*,*
송고송고,,,,NNG,*,F,추가-송고송고,*,*,*,*
송구송구,,,,NNG,*,F,추가-송구송구,*,*,*,*
수어,,,,NNG,*,F,추가-수어,*,*,*,*
수워,,,,NNG,*,F,추가-수워,*,*,*,*
숴이,,,,NNG,*,F,추가-숴이,*,*,*,*
쉬야,,,,NNG,*,F,추가-쉬야,*,*,*,*
쉬어,,,,NNG,*,F,추가-쉬어,*,*,*,*
쉬엿,,,,NNG,*,T,추가-쉬엿,*,*,*,*
시상아,,,,NNG,*,F,추가-시상아,*,*,*,*
시상에,,,,NNG,*,F,추가-시상에,*,*,*,*
시상에나,,,,NNG,*,F,추가-시상에나,*,*,*,*
시야,,,,NNG,*,F,추가-시야,*,*,*,*
시장달공,,,,NNG,*,T,추가-시장달공,*,*,*,*
시장시장,,,,NNG,*,T,추가-시장시장,*,*,*,*
시재시재,,,,NNG,*,F,추가-시재시재,*,*,*,*
시호시호,,,,NNG,*,F,추가-시호시호,*,*,*,*
식식,,,,NNG,*,T,추가-식식,*,*,*,*
심봤다,,,,NNG,*,F,추가-심봤다,*,*,*,*
싸거라,,,,NNG,*,F,추가-싸거라,*,*,*,*
싸구레,,,,NNG,*,F,추가-싸구레,*,*,*,*
싸구려,,,,NNG,*,F,추가-싸구려,*,*,*,*
쌩코나,,,,NNG,*,F,추가-쌩코나,*,*,*,*
쎙코나,,,,NNG,*,F,추가-쎙코나,*,*,*,*
쏘아,,,,NNG,*,F,추가-쏘아,*,*,*,*
쒜쒜,,,,NNG,*,F,추가-쒜쒜,*,*,*,*
씨연코,,,,NNG,*,F,추가-씨연코,*,*,*,*
씨연콩,,,,NNG,*,T,추가-씨연콩,*,*,*,*
아아,,,,NNG,*,F,추가-아아,*,*,*,*
아가,,,,NNG,*,F,추가-아가,*,*,*,*
아갸,,,,NNG,*,F,추가-아갸,*,*,*,*
아구메,,,,NNG,*,F,추가-아구메,*,*,*,*
아나,,,,NNG,*,F,추가-아나,*,*,*,*
아나나비야,,,,NNG,*,F,추가-아나나비야,*,*,*,*
아나아나,,,,NNG,*,F,추가-아나아나,*,*,*,*
아나나나,,,,NNG,*,F,추가-아나나나,*,*,*,*
아냐,,,,NNG,*,F,추가-아냐,*,*,*,*
아뇨,,,,NNG,*,F,추가-아뇨,*,*,*,*
아니,,,,NNG,*,F,추가-아니,*,*,*,*
아니야,,,,NNG,*,F,추가-아니야,*,*,*,*
아니오,,,,NNG,*,F,추가-아니오,*,*,*,*
아니요,,,,NNG,*,F,추가-아니요,*,*,*,*
아니참,,,,NNG,*,T,추가-아니참,*,*,*,*
아듀,,,,NNG,*,F,추가-아듀,*,*,*,*
아따,,,,NNG,*,F,추가-아따,*,*,*,*
아따가라,,,,NNG,*,F,추가-아따가라,*,*,*,*
아따메,,,,NNG,*,F,추가-아따메,*,*,*,*
아먼,,,,NNG,*,T,추가-아먼,*,*,*,*
아멘,,,,NNG,*,T,추가-아멘,*,*,*,*
아모렴,,,,NNG,*,T,추가-아모렴,*,*,*,*
아모리,,,,NNG,*,F,추가-아모리,*,*,*,*
아몬,,,,NNG,*,T,추가-아몬,*,*,*,*
아무나,,,,NNG,*,F,추가-아무나,*,*,*,*
아무념,,,,NNG,*,T,추가-아무념,*,*,*,*
아무래문,,,,NNG,*,T,추가-아무래문,*,*,*,*
아무러나,,,,NNG,*,F,추가-아무러나,*,*,*,*
아무러먼,,,,NNG,*,T,추가-아무러먼,*,*,*,*
아무러믄,,,,NNG,*,T,추가-아무러믄,*,*,*,*
아무럼,,,,NNG,*,T,추가-아무럼,*,*,*,*
아무레마,,,,NNG,*,F,추가-아무레마,*,*,*,*
아무렘,,,,NNG,*,T,추가-아무렘,*,*,*,*
아무려나,,,,NNG,*,F,추가-아무려나,*,*,*,*
아무려니,,,,NNG,*,F,추가-아무려니,*,*,*,*
아무려면,,,,NNG,*,T,추가-아무려면,*,*,*,*
아무련,,,,NNG,*,T,추가-아무련,*,*,*,*
아무렴,,,,NNG,*,T,추가-아무렴,*,*,*,*
아무리,,,,NNG,*,F,추가-아무리,*,*,*,*
아무리나,,,,NNG,*,F,추가-아무리나,*,*,*,*
아무림,,,,NNG,*,T,추가-아무림,*,*,*,*
아문사,,,,NNG,*,F,추가-아문사,*,*,*,*
아민,,,,NNG,*,T,추가-아민,*,*,*,*
아배,,,,NNG,*,F,추가-아배,*,*,*,*
아불쌍,,,,NNG,*,T,추가-아불쌍,*,*,*,*
아뿔까,,,,NNG,*,F,추가-아뿔까,*,*,*,*
아뿔싸,,,,NNG,*,F,추가-아뿔싸,*,*,*,*
아사,,,,NNG,*,F,추가-아사,*,*,*,*
아서,,,,NNG,*,F,추가-아서,*,*,*,*
아서라,,,,NNG,*,F,추가-아서라,*,*,*,*
아소라,,,,NNG,*,F,추가-아소라,*,*,*,*
아야,,,,NNG,*,F,추가-아야,*,*,*,*
아양,,,,NNG,*,T,추가-아양,*,*,*,*
아여,,,,NNG,*,F,추가-아여,*,*,*,*
아옹,,,,NNG,*,T,추가-아옹,*,*,*,*
아요,,,,NNG,*,F,추가-아요,*,*,*,*
아웅,,,,NNG,*,T,추가-아웅,*,*,*,*
아유,,,,NNG,*,F,추가-아유,*,*,*,*
아으,,,,NNG,*,F,추가-아으,*,*,*,*
아이,,,,NNG,*,F,추가-아이,*,*,*,*
아이야,,,,NNG,*,F,추가-아이야,*,*,*,*
아이참,,,,NNG,*,T,추가-아이참,*,*,*,*
아이갸,,,,NNG,*,F,추가-아이갸,*,*,*,*
아이고,,,,NNG,*,F,추가-아이고,*,*,*,*
아이고나,,,,NNG,*,F,추가-아이고나,*,*,*,*
아이고머니,,,,NNG,*,F,추가-아이고머니,*,*,*,*
아이고멍아,,,,NNG,*,F,추가-아이고멍아,*,*,*,*
아이고메,,,,NNG,*,F,추가-아이고메,*,*,*,*
아이고아이고,,,,NNG,*,F,추가-아이고아이고,*,*,*,*
아이고머니나,,,,NNG,*,F,추가-아이고머니나,*,*,*,*
아이과야,,,,NNG,*,F,추가-아이과야,*,*,*,*
아이구,,,,NNG,*,F,추가-아이구,*,*,*,*
아이구머니,,,,NNG,*,F,추가-아이구머니,*,*,*,*
아이따,,,,NNG,*,F,추가-아이따,*,*,*,*
아이마다,,,,NNG,*,F,추가-아이마다,*,*,*,*
아이스케키,,,,NNG,*,F,추가-아이스케키,*,*,*,*
아이유,,,,NNG,*,F,추가-아이유,*,*,*,*
아이코,,,,NNG,*,F,추가-아이코,*,*,*,*
아이쿠,,,,NNG,*,F,추가-아이쿠,*,*,*,*
아자,,,,NNG,*,F,추가-아자,*,*,*,*
아제,,,,NNG,*,F,추가-아제,*,*,*,*
아주,,,,NNG,*,F,추가-아주,*,*,*,*
아주마니,,,,NNG,*,F,추가-아주마니,*,*,*,*
아주바이,,,,NNG,*,F,추가-아주바이,*,*,*,*
아즈마니,,,,NNG,*,F,추가-아즈마니,*,*,*,*
아즈마이,,,,NNG,*,F,추가-아즈마이,*,*,*,*
아즈바네,,,,NNG,*,F,추가-아즈바네,*,*,*,*
아즈바니,,,,NNG,*,F,추가-아즈바니,*,*,*,*
아즈바이,,,,NNG,*,F,추가-아즈바이,*,*,*,*
아지바이,,,,NNG,*,F,추가-아지바이,*,*,*,*
아지반,,,,NNG,*,T,추가-아지반,*,*,*,*
아짜,,,,NNG,*,F,추가-아짜,*,*,*,*
아쭈,,,,NNG,*,F,추가-아쭈,*,*,*,*
아차,,,,NNG,*,F,추가-아차,*,*,*,*
아차차,,,,NNG,*,F,추가-아차차,*,*,*,*
아처불따,,,,NNG,*,F,추가-아처불따,*,*,*,*
아카사니,,,,NNG,*,F,추가-아카사니,*,*,*,*
아하,,,,NNG,*,F,추가-아하,*,*,*,*
아휴,,,,NNG,*,F,추가-아휴,*,*,*,*
안가시위,,,,NNG,*,F,추가-안가시위,*,*,*,*
안녕,,,,NNG,*,T,추가-안녕,*,*,*,*
안마,,,,NNG,*,F,추가-안마,*,*,*,*
앉아,,,,NNG,*,F,추가-앉아,*,*,*,*
앉아쏴,,,,NNG,*,F,추가-앉아쏴,*,*,*,*
알나리깔나리,,,,NNG,*,F,추가-알나리깔나리,*,*,*,*
알라,,,,NNG,*,F,추가-알라,*,*,*,*
알라차,,,,NNG,*,F,추가-알라차,*,*,*,*
암만,,,,NNG,*,T,추가-암만,*,*,*,*
암먼,,,,NNG,*,T,추가-암먼,*,*,*,*
암사,,,,NNG,*,F,추가-암사,*,*,*,*
압다,,,,NNG,*,F,추가-압다,*,*,*,*
앗구려,,,,NNG,*,F,추가-앗구려,*,*,*,*
앗소,,,,NNG,*,F,추가-앗소,*,*,*,*
앗아라,,,,NNG,*,F,추가-앗아라,*,*,*,*
앗쭝,,,,NNG,*,T,추가-앗쭝,*,*,*,*
앞에총,,,,NNG,*,T,추가-앞에총,*,*,*,*
앞으로가,,,,NNG,*,F,추가-앞으로가,*,*,*,*
앞으로나란히,,,,NNG,*,F,추가-앞으로나란히,*,*,*,*
애하부지,,,,NNG,*,F,추가-애하부지,*,*,*,*
애할아바이,,,,NNG,*,F,추가-애할아바이,*,*,*,*
애개,,,,NNG,*,F,추가-애개,*,*,*,*
애개개,,,,NNG,*,F,추가-애개개,*,*,*,*
애걔,,,,NNG,*,F,추가-애걔,*,*,*,*
애걔걔,,,,NNG,*,F,추가-애걔걔,*,*,*,*
애고,,,,NNG,*,F,추가-애고,*,*,*,*
애고애고,,,,NNG,*,F,추가-애고애고,*,*,*,*
애고고,,,,NNG,*,F,추가-애고고,*,*,*,*
애고머니,,,,NNG,*,F,추가-애고머니,*,*,*,*
애고머니나,,,,NNG,*,F,추가-애고머니나,*,*,*,*
애구,,,,NNG,*,F,추가-애구,*,*,*,*
애구머니,,,,NNG,*,F,추가-애구머니,*,*,*,*
애그머니,,,,NNG,*,F,추가-애그머니,*,*,*,*
애노가,,,,NNG,*,F,추가-애노가,*,*,*,*
애따,,,,NNG,*,F,추가-애따,*,*,*,*
애따가라,,,,NNG,*,F,추가-애따가라,*,*,*,*
애매,,,,NNG,*,F,추가-애매,*,*,*,*
애오,,,,NNG,*,F,추가-애오,*,*,*,*
애재,,,,NNG,*,F,추가-애재,*,*,*,*
애쿠,,,,NNG,*,F,추가-애쿠,*,*,*,*
애해,,,,NNG,*,F,추가-애해,*,*,*,*
애햄,,,,NNG,*,T,추가-애햄,*,*,*,*
액션,,,,NNG,*,T,추가-액션,*,*,*,*
야매,,,,NNG,*,F,추가-야매,*,*,*,*
야야라,,,,NNG,*,F,추가-야야라,*,*,*,*
야야라이,,,,NNG,*,F,추가-야야라이,*,*,*,*
야호,,,,NNG,*,F,추가-야호,*,*,*,*
얄라차,,,,NNG,*,F,추가-얄라차,*,*,*,*
양우,,,,NNG,*,F,추가-양우,*,*,*,*
얘쿠,,,,NNG,*,F,추가-얘쿠,*,*,*,*
어어,,,,NNG,*,F,추가-어어,*,*,*,*
어갸,,,,NNG,*,F,추가-어갸,*,*,*,*
어구마니,,,,NNG,*,F,추가-어구마니,*,*,*,*
어구머니,,,,NNG,*,F,추가-어구머니,*,*,*,*
어구야,,,,NNG,*,F,추가-어구야,*,*,*,*
어기야,,,,NNG,*,F,추가-어기야,*,*,*,*
어기야디야,,,,NNG,*,F,추가-어기야디야,*,*,*,*
어기여차,,,,NNG,*,F,추가-어기여차,*,*,*,*
어기영어기영,,,,NNG,*,T,추가-어기영어기영,*,*,*,*
어기영차,,,,NNG,*,F,추가-어기영차,*,*,*,*
어깨총,,,,NNG,*,T,추가-어깨총,*,*,*,*
어나,,,,NNG,*,F,추가-어나,*,*,*,*
어니라,,,,NNG,*,F,추가-어니라,*,*,*,*
어둥둥,,,,NNG,*,T,추가-어둥둥,*,*,*,*
어디,,,,NNG,*,F,추가-어디,*,*,*,*
어디여,,,,NNG,*,F,추가-어디여,*,*,*,*
어따,,,,NNG,*,F,추가-어따,*,*,*,*
어따가라,,,,NNG,*,F,추가-어따가라,*,*,*,*
어떠불라,,,,NNG,*,F,추가-어떠불라,*,*,*,*
어뜨무러차,,,,NNG,*,F,추가-어뜨무러차,*,*,*,*
어러러,,,,NNG,*,F,추가-어러러,*,*,*,*
어럽쇼,,,,NNG,*,F,추가-어럽쇼,*,*,*,*
어려려,,,,NNG,*,F,추가-어려려,*,*,*,*
어렵쇼,,,,NNG,*,F,추가-어렵쇼,*,*,*,*
어론쟈,,,,NNG,*,F,추가-어론쟈,*,*,*,*
어르머,,,,NNG,*,F,추가-어르머,*,*,*,*
어리머,,,,NNG,*,F,추가-어리머,*,*,*,*
어리얼씨,,,,NNG,*,F,추가-어리얼씨,*,*,*,*
어마,,,,NNG,*,F,추가-어마,*,*,*,*
어마뜨거라,,,,NNG,*,F,추가-어마뜨거라,*,*,*,*
어마나,,,,NNG,*,F,추가-어마나,*,*,*,*
어마넉덜라,,,,NNG,*,F,추가-어마넉덜라,*,*,*,*
어마떵어리,,,,NNG,*,F,추가-어마떵어리,*,*,*,*
어마야,,,,NNG,*,F,추가-어마야,*,*,*,*
어마이,,,,NNG,*,F,추가-어마이,*,*,*,*
어머,,,,NNG,*,F,추가-어머,*,*,*,*
어머머,,,,NNG,*,F,추가-어머머,*,*,*,*
어머나,,,,NNG,*,F,추가-어머나,*,*,*,*
어머야라,,,,NNG,*,F,추가-어머야라,*,*,*,*
어머이야,,,,NNG,*,F,추가-어머이야,*,*,*,*
어메,,,,NNG,*,F,추가-어메,*,*,*,*
어무니,,,,NNG,*,F,추가-어무니,*,*,*,*
어무이,,,,NNG,*,F,추가-어무이,*,*,*,*
어부바,,,,NNG,*,F,추가-어부바,*,*,*,*
어부아,,,,NNG,*,F,추가-어부아,*,*,*,*
어부애,,,,NNG,*,F,추가-어부애,*,*,*,*
어불싸,,,,NNG,*,F,추가-어불싸,*,*,*,*
어불쌍,,,,NNG,*,T,추가-어불쌍,*,*,*,*
어비,,,,NNG,*,F,추가-어비,*,*,*,*
어빠,,,,NNG,*,F,추가-어빠,*,*,*,*
어뿔깡,,,,NNG,*,T,추가-어뿔깡,*,*,*,*
어뿔꺼,,,,NNG,*,F,추가-어뿔꺼,*,*,*,*
어뿔싸,,,,NNG,*,F,추가-어뿔싸,*,*,*,*
어뿔쌍,,,,NNG,*,T,추가-어뿔쌍,*,*,*,*
어사와,,,,NNG,*,F,추가-어사와,*,*,*,*
어쏘,,,,NNG,*,F,추가-어쏘,*,*,*,*
어야,,,,NNG,*,F,추가-어야,*,*,*,*
어야디야,,,,NNG,*,F,추가-어야디야,*,*,*,*
어야나,,,,NNG,*,F,추가-어야나,*,*,*,*
어얘,,,,NNG,*,F,추가-어얘,*,*,*,*
어여디어,,,,NNG,*,F,추가-어여디어,*,*,*,*
어여로,,,,NNG,*,F,추가-어여로,*,*,*,*
어여차,,,,NNG,*,F,추가-어여차,*,*,*,*
어예이,,,,NNG,*,F,추가-어예이,*,*,*,*
어와,,,,NNG,*,F,추가-어와,*,*,*,*
어우아,,,,NNG,*,F,추가-어우아,*,*,*,*
어우하,,,,NNG,*,F,추가-어우하,*,*,*,*
어유,,,,NNG,*,F,추가-어유,*,*,*,*
어이,,,,NNG,*,F,추가-어이,*,*,*,*
어이어이,,,,NNG,*,F,추가-어이어이,*,*,*,*
어이구,,,,NNG,*,F,추가-어이구,*,*,*,*
어이구머니,,,,NNG,*,F,추가-어이구머니,*,*,*,*
어이구나,,,,NNG,*,F,추가-어이구나,*,*,*,*
어이구머니나,,,,NNG,*,F,추가-어이구머니나,*,*,*,*
어이쿠,,,,NNG,*,F,추가-어이쿠,*,*,*,*
어일싸,,,,NNG,*,F,추가-어일싸,*,*,*,*
어절씨구,,,,NNG,*,F,추가-어절씨구,*,*,*,*
어져,,,,NNG,*,F,추가-어져,*,*,*,*
어주,,,,NNG,*,F,추가-어주,*,*,*,*
어즈버,,,,NNG,*,F,추가-어즈버,*,*,*,*
어쩌면,,,,NNG,*,T,추가-어쩌면,*,*,*,*
어쩜,,,,NNG,*,T,추가-어쩜,*,*,*,*
어쭈,,,,NNG,*,F,추가-어쭈,*,*,*,*
어쭈구리,,,,NNG,*,F,추가-어쭈구리,*,*,*,*
어쭝,,,,NNG,*,T,추가-어쭝,*,*,*,*
어차불싸,,,,NNG,*,F,추가-어차불싸,*,*,*,*
어차불쌍,,,,NNG,*,T,추가-어차불쌍,*,*,*,*
어풀싸,,,,NNG,*,F,추가-어풀싸,*,*,*,*
어풀쌍,,,,NNG,*,T,추가-어풀쌍,*,*,*,*
어허,,,,NNG,*,F,추가-어허,*,*,*,*
어허둥둥,,,,NNG,*,T,추가-어허둥둥,*,*,*,*
어허라달구야,,,,NNG,*,F,추가-어허라달구야,*,*,*,*
어허랑,,,,NNG,*,T,추가-어허랑,*,*,*,*
어허리달구야,,,,NNG,*,F,추가-어허리달구야,*,*,*,*
어허야어허,,,,NNG,*,F,추가-어허야어허,*,*,*,*
어험,,,,NNG,*,T,추가-어험,*,*,*,*
어화,,,,NNG,*,F,추가-어화,*,*,*,*
어화둥둥,,,,NNG,*,T,추가-어화둥둥,*,*,*,*
어휴,,,,NNG,*,F,추가-어휴,*,*,*,*
어흐흐,,,,NNG,*,F,추가-어흐흐,*,*,*,*
어흠,,,,NNG,*,T,추가-어흠,*,*,*,*
어흥,,,,NNG,*,T,추가-어흥,*,*,*,*
어희,,,,NNG,*,F,추가-어희,*,*,*,*
억새,,,,NNG,*,F,추가-억새,*,*,*,*
얼라,,,,NNG,*,F,추가-얼라,*,*,*,*
얼래,,,,NNG,*,F,추가-얼래,*,*,*,*
얼레,,,,NNG,*,F,추가-얼레,*,*,*,*
얼싸,,,,NNG,*,F,추가-얼싸,*,*,*,*
얼싸둥둥,,,,NNG,*,T,추가-얼싸둥둥,*,*,*,*
얼쑤,,,,NNG,*,F,추가-얼쑤,*,*,*,*
얼쑤절쑤,,,,NNG,*,F,추가-얼쑤절쑤,*,*,*,*
얼씨구,,,,NNG,*,F,추가-얼씨구,*,*,*,*
얼씨구절씨구,,,,NNG,*,F,추가-얼씨구절씨구,*,*,*,*
얼씨구나,,,,NNG,*,F,추가-얼씨구나,*,*,*,*
얼씨구나절씨구나,,,,NNG,*,F,추가-얼씨구나절씨구나,*,*,*,*
엄마,,,,NNG,*,F,추가-엄마,*,*,*,*
업다,,,,NNG,*,F,추가-업다,*,*,*,*
업다가라,,,,NNG,*,F,추가-업다가라,*,*,*,*
업세,,,,NNG,*,F,추가-업세,*,*,*,*
업세나,,,,NNG,*,F,추가-업세나,*,*,*,*
엇더타,,,,NNG,*,F,추가-엇더타,*,*,*,*
엇디타,,,,NNG,*,F,추가-엇디타,*,*,*,*
엇소,,,,NNG,*,F,추가-엇소,*,*,*,*
엉이자랑,,,,NNG,*,T,추가-엉이자랑,*,*,*,*
엎드려뻗쳐,,,,NNG,*,F,추가-엎드려뻗쳐,*,*,*,*
엎드려쏴,,,,NNG,*,F,추가-엎드려쏴,*,*,*,*
에뜨거라,,,,NNG,*,F,추가-에뜨거라,*,*,*,*
에말이요,,,,NNG,*,F,추가-에말이요,*,*,*,*
에큰아매,,,,NNG,*,F,추가-에큰아매,*,*,*,*
에클아배,,,,NNG,*,F,추가-에클아배,*,*,*,*
에하나씨,,,,NNG,*,F,추가-에하나씨,*,*,*,*
에하납시,,,,NNG,*,F,추가-에하납시,*,*,*,*
에할마니,,,,NNG,*,F,추가-에할마니,*,*,*,*
에할마이,,,,NNG,*,F,추가-에할마이,*,*,*,*
에할매,,,,NNG,*,F,추가-에할매,*,*,*,*
에할머니,,,,NNG,*,F,추가-에할머니,*,*,*,*
에할무니,,,,NNG,*,F,추가-에할무니,*,*,*,*
에할무이,,,,NNG,*,F,추가-에할무이,*,*,*,*
에할배,,,,NNG,*,F,추가-에할배,*,*,*,*
에할부지,,,,NNG,*,F,추가-에할부지,*,*,*,*
에할아부지,,,,NNG,*,F,추가-에할아부지,*,*,*,*
에함머니,,,,NNG,*,F,추가-에함머니,*,*,*,*
에계,,,,NNG,*,F,추가-에계,*,*,*,*
에계계,,,,NNG,*,F,추가-에계계,*,*,*,*
에구,,,,NNG,*,F,추가-에구,*,*,*,*
에구에구,,,,NNG,*,F,추가-에구에구,*,*,*,*
에구구,,,,NNG,*,F,추가-에구구,*,*,*,*
에구머니,,,,NNG,*,F,추가-에구머니,*,*,*,*
에구머니나,,,,NNG,*,F,추가-에구머니나,*,*,*,*
에그,,,,NNG,*,F,추가-에그,*,*,*,*
에그나,,,,NNG,*,F,추가-에그나,*,*,*,*
에그그,,,,NNG,*,F,추가-에그그,*,*,*,*
에그마,,,,NNG,*,F,추가-에그마,*,*,*,*
에그마나,,,,NNG,*,F,추가-에그마나,*,*,*,*
에그머니,,,,NNG,*,F,추가-에그머니,*,*,*,*
에기,,,,NNG,*,F,추가-에기,*,*,*,*
에께,,,,NNG,*,F,추가-에께,*,*,*,*
에꾸,,,,NNG,*,F,추가-에꾸,*,*,*,*
에꾸나,,,,NNG,*,F,추가-에꾸나,*,*,*,*
에끼,,,,NNG,*,F,추가-에끼,*,*,*,*
에나,,,,NNG,*,F,추가-에나,*,*,*,*
에따,,,,NNG,*,F,추가-에따,*,*,*,*
에따가라,,,,NNG,*,F,추가-에따가라,*,*,*,*
에라,,,,NNG,*,F,추가-에라,*,*,*,*
에라이,,,,NNG,*,F,추가-에라이,*,*,*,*
에래기,,,,NNG,*,F,추가-에래기,*,*,*,*
에래이,,,,NNG,*,F,추가-에래이,*,*,*,*
에루화,,,,NNG,*,F,추가-에루화,*,*,*,*
에마,,,,NNG,*,F,추가-에마,*,*,*,*
에비,,,,NNG,*,F,추가-에비,*,*,*,*
에씨요,,,,NNG,*,F,추가-에씨요,*,*,*,*
에야디야,,,,NNG,*,F,추가-에야디야,*,*,*,*
에야라차,,,,NNG,*,F,추가-에야라차,*,*,*,*
에야사,,,,NNG,*,F,추가-에야사,*,*,*,*
에에,,,,NNG,*,F,추가-에에,*,*,*,*
에여라차,,,,NNG,*,F,추가-에여라차,*,*,*,*
에우쭈루,,,,NNG,*,F,추가-에우쭈루,*,*,*,*
에이,,,,NNG,*,F,추가-에이,*,*,*,*
에이쒜,,,,NNG,*,F,추가-에이쒜,*,*,*,*
에이구,,,,NNG,*,F,추가-에이구,*,*,*,*
에이구머니,,,,NNG,*,F,추가-에이구머니,*,*,*,*
에이그,,,,NNG,*,F,추가-에이그,*,*,*,*
에이끼,,,,NNG,*,F,추가-에이끼,*,*,*,*
에이크,,,,NNG,*,F,추가-에이크,*,*,*,*
에잇,,,,NNG,*,T,추가-에잇,*,*,*,*
에참,,,,NNG,*,T,추가-에참,*,*,*,*
에쿠,,,,NNG,*,F,추가-에쿠,*,*,*,*
에쿠나,,,,NNG,*,F,추가-에쿠나,*,*,*,*
에쿠쿠,,,,NNG,*,F,추가-에쿠쿠,*,*,*,*
에크,,,,NNG,*,F,추가-에크,*,*,*,*
에크나,,,,NNG,*,F,추가-에크나,*,*,*,*
에키,,,,NNG,*,F,추가-에키,*,*,*,*
에함,,,,NNG,*,T,추가-에함,*,*,*,*
에헤,,,,NNG,*,F,추가-에헤,*,*,*,*
에헤라덜구야,,,,NNG,*,F,추가-에헤라덜구야,*,*,*,*
에헤야,,,,NNG,*,F,추가-에헤야,*,*,*,*
에헤영,,,,NNG,*,T,추가-에헤영,*,*,*,*
에헤요,,,,NNG,*,F,추가-에헤요,*,*,*,*
에헤이에,,,,NNG,*,F,추가-에헤이에,*,*,*,*
에헬쌍,,,,NNG,*,T,추가-에헬쌍,*,*,*,*
에헴,,,,NNG,*,T,추가-에헴,*,*,*,*
에헹,,,,NNG,*,T,추가-에헹,*,*,*,*
에후,,,,NNG,*,F,추가-에후,*,*,*,*
엑숭,,,,NNG,*,T,추가-엑숭,*,*,*,*
엣소,,,,NNG,*,F,추가-엣소,*,*,*,*
엥야,,,,NNG,*,F,추가-엥야,*,*,*,*
엥이,,,,NNG,*,F,추가-엥이,*,*,*,*
여보,,,,NNG,*,F,추가-여보,*,*,*,*
여보게,,,,NNG,*,F,추가-여보게,*,*,*,*
여보서요,,,,NNG,*,F,추가-여보서요,*,*,*,*
여보세요,,,,NNG,*,F,추가-여보세요,*,*,*,*
여보셔요,,,,NNG,*,F,추가-여보셔요,*,*,*,*
여보소,,,,NNG,*,F,추가-여보소,*,*,*,*
여보쇼,,,,NNG,*,F,추가-여보쇼,*,*,*,*
여보슈,,,,NNG,*,F,추가-여보슈,*,*,*,*
여보시게,,,,NNG,*,F,추가-여보시게,*,*,*,*
여보시오,,,,NNG,*,F,추가-여보시오,*,*,*,*
여보십시오,,,,NNG,*,F,추가-여보십시오,*,*,*,*
여보아라,,,,NNG,*,F,추가-여보아라,*,*,*,*
여보우다,,,,NNG,*,F,추가-여보우다,*,*,*,*
여봅시오,,,,NNG,*,F,추가-여봅시오,*,*,*,*
여봐,,,,NNG,*,F,추가-여봐,*,*,*,*
여봐라,,,,NNG,*,F,추가-여봐라,*,*,*,*
여개,,,,NNG,*,F,추가-여개,*,*,*,*
여라,,,,NNG,*,F,추가-여라,*,*,*,*
여며,,,,NNG,*,F,추가-여며,*,*,*,*
여보게나,,,,NNG,*,F,추가-여보게나,*,*,*,*
여봐요,,,,NNG,*,F,추가-여봐요,*,*,*,*
여와여와,,,,NNG,*,F,추가-여와여와,*,*,*,*
여이쌰여이쌰,,,,NNG,*,F,추가-여이쌰여이쌰,*,*,*,*
여차,,,,NNG,*,F,추가-여차,*,*,*,*
여호,,,,NNG,*,F,추가-여호,*,*,*,*
열중쉬어,,,,NNG,*,F,추가-열중쉬어,*,*,*,*
염병할,,,,NNG,*,T,추가-염병할,*,*,*,*
염여,,,,NNG,*,F,추가-염여,*,*,*,*
엽쇼,,,,NNG,*,F,추가-엽쇼,*,*,*,*
엿단쇠,,,,NNG,*,F,추가-엿단쇠,*,*,*,*
영접들어총,,,,NNG,*,T,추가-영접들어총,*,*,*,*
영차,,,,NNG,*,F,추가-영차,*,*,*,*
영차영차,,,,NNG,*,F,추가-영차영차,*,*,*,*
영치기,,,,NNG,*,F,추가-영치기,*,*,*,*
영치기영차,,,,NNG,*,F,추가-영치기영차,*,*,*,*
예말이요,,,,NNG,*,F,추가-예말이요,*,*,*,*
예시위,,,,NNG,*,F,추가-예시위,*,*,*,*
예예,,,,NNG,*,F,추가-예예,*,*,*,*
예이,,,,NNG,*,F,추가-예이,*,*,*,*
예할매,,,,NNG,*,F,추가-예할매,*,*,*,*
예할부지,,,,NNG,*,F,추가-예할부지,*,*,*,*
예기,,,,NNG,*,F,추가-예기,*,*,*,*
예끼,,,,NNG,*,F,추가-예끼,*,*,*,*
예따,,,,NNG,*,F,추가-예따,*,*,*,*
예라,,,,NNG,*,F,추가-예라,*,*,*,*
예레이,,,,NNG,*,F,추가-예레이,*,*,*,*
예미날,,,,NNG,*,T,추가-예미날,*,*,*,*
예오,,,,NNG,*,F,추가-예오,*,*,*,*
옌장,,,,NNG,*,T,추가-옌장,*,*,*,*
옘벵할,,,,NNG,*,T,추가-옘벵할,*,*,*,*
옘병헐,,,,NNG,*,T,추가-옘병헐,*,*,*,*
옛소,,,,NNG,*,F,추가-옛소,*,*,*,*
옛수다,,,,NNG,*,F,추가-옛수다,*,*,*,*
옜네,,,,NNG,*,F,추가-옜네,*,*,*,*
옜다,,,,NNG,*,F,추가-옜다,*,*,*,*
옜소,,,,NNG,*,F,추가-옜소,*,*,*,*
옜소웨,,,,NNG,*,F,추가-옜소웨,*,*,*,*
옜습니다,,,,NNG,*,F,추가-옜습니다,*,*,*,*
오햐라버지,,,,NNG,*,F,추가-오햐라버지,*,*,*,*
오나,,,,NNG,*,F,추가-오나,*,*,*,*
오냐,,,,NNG,*,F,추가-오냐,*,*,*,*
오냐오냐,,,,NNG,*,F,추가-오냐오냐,*,*,*,*
오녀,,,,NNG,*,F,추가-오녀,*,*,*,*
오라,,,,NNG,*,F,추가-오라,*,*,*,*
오라질,,,,NNG,*,T,추가-오라질,*,*,*,*
오래오래,,,,NNG,*,F,추가-오래오래,*,*,*,*
오루오루,,,,NNG,*,F,추가-오루오루,*,*,*,*
오르래오르래,,,,NNG,*,F,추가-오르래오르래,*,*,*,*
오마,,,,NNG,*,F,추가-오마,*,*,*,*
오메,,,,NNG,*,F,추가-오메,*,*,*,*
오버,,,,NNG,*,F,추가-오버,*,*,*,*
오야,,,,NNG,*,F,추가-오야,*,*,*,*
오야오야,,,,NNG,*,F,추가-오야오야,*,*,*,*
오오,,,,NNG,*,F,추가-오오,*,*,*,*
오요오요,,,,NNG,*,F,추가-오요오요,*,*,*,*
오요요,,,,NNG,*,F,추가-오요요,*,*,*,*
오이,,,,NNG,*,F,추가-오이,*,*,*,*
오이할머니,,,,NNG,*,F,추가-오이할머니,*,*,*,*
오이할아버지,,,,NNG,*,F,추가-오이할아버지,*,*,*,*
오이미,,,,NNG,*,F,추가-오이미,*,*,*,*
오호,,,,NNG,*,F,추가-오호,*,*,*,*
오호애재,,,,NNG,*,F,추가-오호애재,*,*,*,*
오호통재,,,,NNG,*,F,추가-오호통재,*,*,*,*
오홉다,,,,NNG,*,F,추가-오홉다,*,*,*,*
오희,,,,NNG,*,F,추가-오희,*,*,*,*
올라,,,,NNG,*,F,추가-올라,*,*,*,*
올레리꼴레리,,,,NNG,*,F,추가-올레리꼴레리,*,*,*,*
옳다,,,,NNG,*,F,추가-옳다,*,*,*,*
옳다구나,,,,NNG,*,F,추가-옳다구나,*,*,*,*
옳소,,,,NNG,*,F,추가-옳소,*,*,*,*
옳아,,,,NNG,*,F,추가-옳아,*,*,*,*
옳제,,,,NNG,*,F,추가-옳제,*,*,*,*
옳지,,,,NNG,*,F,추가-옳지,*,*,*,*
옴마,,,,NNG,*,F,추가-옴마,*,*,*,*
와와,,,,NNG,*,F,추가-와와,*,*,*,*
와따,,,,NNG,*,F,추가-와따,*,*,*,*
와따메,,,,NNG,*,F,추가-와따메,*,*,*,*
와마,,,,NNG,*,F,추가-와마,*,*,*,*
와야,,,,NNG,*,F,추가-와야,*,*,*,*
와우,,,,NNG,*,F,추가-와우,*,*,*,*
왐마,,,,NNG,*,F,추가-왐마,*,*,*,*
왕왕,,,,NNG,*,T,추가-왕왕,*,*,*,*
왕배야덕배야,,,,NNG,*,F,추가-왕배야덕배야,*,*,*,*
왕의자랑,,,,NNG,*,T,추가-왕의자랑,*,*,*,*
왕이자랑,,,,NNG,*,T,추가-왕이자랑,*,*,*,*
왜야,,,,NNG,*,F,추가-왜야,*,*,*,*
왜큰나바니,,,,NNG,*,F,추가-왜큰나바니,*,*,*,*
왜큰마니,,,,NNG,*,F,추가-왜큰마니,*,*,*,*
왜큰아바니,,,,NNG,*,F,추가-왜큰아바니,*,*,*,*
왜큰아바지,,,,NNG,*,F,추가-왜큰아바지,*,*,*,*
왜클마니,,,,NNG,*,F,추가-왜클마니,*,*,*,*
왜클아바지,,,,NNG,*,F,추가-왜클아바지,*,*,*,*
왜할매,,,,NNG,*,F,추가-왜할매,*,*,*,*
왜할머니,,,,NNG,*,F,추가-왜할머니,*,*,*,*
왜할배,,,,NNG,*,F,추가-왜할배,*,*,*,*
왜서,,,,NNG,*,F,추가-왜서,*,*,*,*
외하나씨,,,,NNG,*,F,추가-외하나씨,*,*,*,*
외하내,,,,NNG,*,F,추가-외하내,*,*,*,*
외한아버지,,,,NNG,*,F,추가-외한아버지,*,*,*,*
외한아비,,,,NNG,*,F,추가-외한아비,*,*,*,*
외한애비,,,,NNG,*,F,추가-외한애비,*,*,*,*
외할마니,,,,NNG,*,F,추가-외할마니,*,*,*,*
외할마이,,,,NNG,*,F,추가-외할마이,*,*,*,*
외할매,,,,NNG,*,F,추가-외할매,*,*,*,*
외할머니,,,,NNG,*,F,추가-외할머니,*,*,*,*
외할머이,,,,NNG,*,F,추가-외할머이,*,*,*,*
외할무니,,,,NNG,*,F,추가-외할무니,*,*,*,*
외할무이,,,,NNG,*,F,추가-외할무이,*,*,*,*
외할배,,,,NNG,*,F,추가-외할배,*,*,*,*
외할아바이,,,,NNG,*,F,추가-외할아바이,*,*,*,*
외할아버지,,,,NNG,*,F,추가-외할아버지,*,*,*,*
외할아부지,,,,NNG,*,F,추가-외할아부지,*,*,*,*
외할압지,,,,NNG,*,F,추가-외할압지,*,*,*,*
외할어버이,,,,NNG,*,F,추가-외할어버이,*,*,*,*
외할으버이,,,,NNG,*,F,추가-외할으버이,*,*,*,*
외할으버지,,,,NNG,*,F,추가-외할으버지,*,*,*,*
외함니,,,,NNG,*,F,추가-외함니,*,*,*,*
외함머니,,,,NNG,*,F,추가-외함머니,*,*,*,*
외함씨,,,,NNG,*,F,추가-외함씨,*,*,*,*
외나,,,,NNG,*,F,추가-외나,*,*,*,*
외숙부님,,,,NNG,*,T,추가-외숙부님,*,*,*,*
요개,,,,NNG,*,F,추가-요개,*,*,*,*
요보이소,,,,NNG,*,F,추가-요보이소,*,*,*,*
요러이,,,,NNG,*,F,추가-요러이,*,*,*,*
요런,,,,NNG,*,T,추가-요런,*,*,*,*
요렇지,,,,NNG,*,F,추가-요렇지,*,*,*,*
용용,,,,NNG,*,T,추가-용용,*,*,*,*
우우,,,,NNG,*,F,추가-우우,*,*,*,*
우두구네,,,,NNG,*,F,추가-우두구네,*,*,*,*
우라질,,,,NNG,*,T,추가-우라질,*,*,*,*
우로나란히,,,,NNG,*,F,추가-우로나란히,*,*,*,*
우로봐,,,,NNG,*,F,추가-우로봐,*,*,*,*
우로어깨총,,,,NNG,*,T,추가-우로어깨총,*,*,*,*
우아,,,,NNG,*,F,추가-우아,*,*,*,*
우아우아,,,,NNG,*,F,추가-우아우아,*,*,*,*
우야,,,,NNG,*,F,추가-우야,*,*,*,*
우어,,,,NNG,*,F,추가-우어,*,*,*,*
우어우어,,,,NNG,*,F,추가-우어우어,*,*,*,*
우에,,,,NNG,*,F,추가-우에,*,*,*,*
우여,,,,NNG,*,F,추가-우여,*,*,*,*
우여우여,,,,NNG,*,F,추가-우여우여,*,*,*,*
우이,,,,NNG,*,F,추가-우이,*,*,*,*
우째문,,,,NNG,*,T,추가-우째문,*,*,*,*
우쨈,,,,NNG,*,T,추가-우쨈,*,*,*,*
우향우,,,,NNG,*,F,추가-우향우,*,*,*,*
우향앞으로가,,,,NNG,*,F,추가-우향앞으로가,*,*,*,*
워워,,,,NNG,*,F,추가-워워,*,*,*,*
워대,,,,NNG,*,F,추가-워대,*,*,*,*
워디,,,,NNG,*,F,추가-워디,*,*,*,*
워따,,,,NNG,*,F,추가-워따,*,*,*,*
워따메,,,,NNG,*,F,추가-워따메,*,*,*,*
워리,,,,NNG,*,F,추가-워리,*,*,*,*
워머,,,,NNG,*,F,추가-워머,*,*,*,*
워메,,,,NNG,*,F,추가-워메,*,*,*,*
워미,,,,NNG,*,F,추가-워미,*,*,*,*
워어미,,,,NNG,*,F,추가-워어미,*,*,*,*
워어호,,,,NNG,*,F,추가-워어호,*,*,*,*
워이,,,,NNG,*,F,추가-워이,*,*,*,*
워째문,,,,NNG,*,T,추가-워째문,*,*,*,*
워쨈,,,,NNG,*,T,추가-워쨈,*,*,*,*
워호,,,,NNG,*,F,추가-워호,*,*,*,*
월야,,,,NNG,*,F,추가-월야,*,*,*,*
웜메,,,,NNG,*,F,추가-웜메,*,*,*,*
웨컬아배,,,,NNG,*,F,추가-웨컬아배,*,*,*,*
웨큰아매,,,,NNG,*,F,추가-웨큰아매,*,*,*,*
웨클라배,,,,NNG,*,F,추가-웨클라배,*,*,*,*
웨클마,,,,NNG,*,F,추가-웨클마,*,*,*,*
웨클아바니,,,,NNG,*,F,추가-웨클아바니,*,*,*,*
웨클아바이,,,,NNG,*,F,추가-웨클아바이,*,*,*,*
웨클아배,,,,NNG,*,F,추가-웨클아배,*,*,*,*
웨하르방,,,,NNG,*,T,추가-웨하르방,*,*,*,*
웨한아버지,,,,NNG,*,F,추가-웨한아버지,*,*,*,*
웨할망,,,,NNG,*,T,추가-웨할망,*,*,*,*
웨할매,,,,NNG,*,F,추가-웨할매,*,*,*,*
웨할머니,,,,NNG,*,F,추가-웨할머니,*,*,*,*
웨할머이,,,,NNG,*,F,추가-웨할머이,*,*,*,*
웨할바지,,,,NNG,*,F,추가-웨할바지,*,*,*,*
웨할배,,,,NNG,*,F,추가-웨할배,*,*,*,*
웨할아바지,,,,NNG,*,F,추가-웨할아바지,*,*,*,*
웨할아버지,,,,NNG,*,F,추가-웨할아버지,*,*,*,*
웨나,,,,NNG,*,F,추가-웨나,*,*,*,*
웨레,,,,NNG,*,F,추가-웨레,*,*,*,*
웬걸,,,,NNG,*,T,추가-웬걸,*,*,*,*
웬그,,,,NNG,*,F,추가-웬그,*,*,*,*
웬글,,,,NNG,*,T,추가-웬글,*,*,*,*
웬기,,,,NNG,*,F,추가-웬기,*,*,*,*
위할마이,,,,NNG,*,F,추가-위할마이,*,*,*,*
위할매,,,,NNG,*,F,추가-위할매,*,*,*,*
위할머니,,,,NNG,*,F,추가-위할머니,*,*,*,*
위할머이,,,,NNG,*,F,추가-위할머이,*,*,*,*
위할무이,,,,NNG,*,F,추가-위할무이,*,*,*,*
위할배,,,,NNG,*,F,추가-위할배,*,*,*,*
위할아부지,,,,NNG,*,F,추가-위할아부지,*,*,*,*
위여,,,,NNG,*,F,추가-위여,*,*,*,*
위엿,,,,NNG,*,T,추가-위엿,*,*,*,*
위위엿,,,,NNG,*,T,추가-위위엿,*,*,*,*
위치로,,,,NNG,*,F,추가-위치로,*,*,*,*
유가,,,,NNG,*,F,추가-유가,*,*,*,*
유유,,,,NNG,*,F,추가-유유,*,*,*,*
육시랄,,,,NNG,*,T,추가-육시랄,*,*,*,*
으게,,,,NNG,*,F,추가-으게,*,*,*,*
으까,,,,NNG,*,F,추가-으까,*,*,*,*
으라차차,,,,NNG,*,F,추가-으라차차,*,*,*,*
으리,,,,NNG,*,F,추가-으리,*,*,*,*
으식,,,,NNG,*,T,추가-으식,*,*,*,*
으쌰,,,,NNG,*,F,추가-으쌰,*,*,*,*
으아,,,,NNG,*,F,추가-으아,*,*,*,*
으악,,,,NNG,*,T,추가-으악,*,*,*,*
으음,,,,NNG,*,T,추가-으음,*,*,*,*
으응,,,,NNG,*,T,추가-으응,*,*,*,*
으이구,,,,NNG,*,F,추가-으이구,*,*,*,*
으집,,,,NNG,*,T,추가-으집,*,*,*,*
으험,,,,NNG,*,T,추가-으험,*,*,*,*
으흠,,,,NNG,*,T,추가-으흠,*,*,*,*
음냐,,,,NNG,*,F,추가-음냐,*,*,*,*
음마,,,,NNG,*,F,추가-음마,*,*,*,*
음메,,,,NNG,*,F,추가-음메,*,*,*,*
응응,,,,NNG,*,T,추가-응응,*,*,*,*
응가,,,,NNG,*,F,추가-응가,*,*,*,*
응까,,,,NNG,*,F,추가-응까,*,*,*,*
응아,,,,NNG,*,F,추가-응아,*,*,*,*
응야,,,,NNG,*,F,추가-응야,*,*,*,*
이개,,,,NNG,*,F,추가-이개,*,*,*,*
이괴,,,,NNG,*,F,추가-이괴,*,*,*,*
이바,,,,NNG,*,F,추가-이바,*,*,*,*
이보,,,,NNG,*,F,추가-이보,*,*,*,*
이보게,,,,NNG,*,F,추가-이보게,*,*,*,*
이보시오,,,,NNG,*,F,추가-이보시오,*,*,*,*
이보시우,,,,NNG,*,F,추가-이보시우,*,*,*,*
이보시우야,,,,NNG,*,F,추가-이보시우야,*,*,*,*
이보우,,,,NNG,*,F,추가-이보우,*,*,*,*
이보우다,,,,NNG,*,F,추가-이보우다,*,*,*,*
이봅새,,,,NNG,*,F,추가-이봅새,*,*,*,*
이봐,,,,NNG,*,F,추가-이봐,*,*,*,*
이할매,,,,NNG,*,F,추가-이할매,*,*,*,*
이할무이,,,,NNG,*,F,추가-이할무이,*,*,*,*
이할배,,,,NNG,*,F,추가-이할배,*,*,*,*
이할부지,,,,NNG,*,F,추가-이할부지,*,*,*,*
이할아부지,,,,NNG,*,F,추가-이할아부지,*,*,*,*
이개지개,,,,NNG,*,F,추가-이개지개,*,*,*,*
이고내,,,,NNG,*,F,추가-이고내,*,*,*,*
이까,,,,NNG,*,F,추가-이까,*,*,*,*
이끼,,,,NNG,*,F,추가-이끼,*,*,*,*
이끼나,,,,NNG,*,F,추가-이끼나,*,*,*,*
이누므꺼,,,,NNG,*,F,추가-이누므꺼,*,*,*,*
이따,,,,NNG,*,F,추가-이따,*,*,*,*
이라,,,,NNG,*,F,추가-이라,*,*,*,*
이라자라,,,,NNG,*,F,추가-이라자라,*,*,*,*
이라타,,,,NNG,*,F,추가-이라타,*,*,*,*
이랴,,,,NNG,*,F,추가-이랴,*,*,*,*
이러,,,,NNG,*,F,추가-이러,*,*,*,*
이러쩌쩌,,,,NNG,*,F,추가-이러쩌쩌,*,*,*,*
이러루,,,,NNG,*,F,추가-이러루,*,*,*,*
이러이,,,,NNG,*,F,추가-이러이,*,*,*,*
이런,,,,NNG,*,T,추가-이런,*,*,*,*
이렇지,,,,NNG,*,F,추가-이렇지,*,*,*,*
이르봅소,,,,NNG,*,F,추가-이르봅소,*,*,*,*
이리연초,,,,NNG,*,F,추가-이리연초,*,*,*,*
이리위,,,,NNG,*,F,추가-이리위,*,*,*,*
이모부,,,,NNG,*,F,추가-이모부,*,*,*,*
이보라우,,,,NNG,*,F,추가-이보라우,*,*,*,*
이비,,,,NNG,*,F,추가-이비,*,*,*,*
이식,,,,NNG,*,T,추가-이식,*,*,*,*
이씨요,,,,NNG,*,F,추가-이씨요,*,*,*,*
이씩,,,,NNG,*,T,추가-이씩,*,*,*,*
이야,,,,NNG,*,F,추가-이야,*,*,*,*
이야아,,,,NNG,*,F,추가-이야아,*,*,*,*
이야차,,,,NNG,*,F,추가-이야차,*,*,*,*
이어차,,,,NNG,*,F,추가-이어차,*,*,*,*
이여느꺼,,,,NNG,*,F,추가-이여느꺼,*,*,*,*
이여싸,,,,NNG,*,F,추가-이여싸,*,*,*,*
이여싸나,,,,NNG,*,F,추가-이여싸나,*,*,*,*
이여차,,,,NNG,*,F,추가-이여차,*,*,*,*
이연들꺼,,,,NNG,*,F,추가-이연들꺼,*,*,*,*
이엿싸,,,,NNG,*,F,추가-이엿싸,*,*,*,*
이영차,,,,NNG,*,F,추가-이영차,*,*,*,*
이우아,,,,NNG,*,F,추가-이우아,*,*,*,*
이응차,,,,NNG,*,F,추가-이응차,*,*,*,*
이차,,,,NNG,*,F,추가-이차,*,*,*,*
이커서니,,,,NNG,*,F,추가-이커서니,*,*,*,*
이크,,,,NNG,*,F,추가-이크,*,*,*,*
이크나,,,,NNG,*,F,추가-이크나,*,*,*,*
이키,,,,NNG,*,F,추가-이키,*,*,*,*
이키나,,,,NNG,*,F,추가-이키나,*,*,*,*
이키서니,,,,NNG,*,F,추가-이키서니,*,*,*,*
익힝,,,,NNG,*,T,추가-익힝,*,*,*,*
인들꺼,,,,NNG,*,F,추가-인들꺼,*,*,*,*
인자깨,,,,NNG,*,F,추가-인자깨,*,*,*,*
일보,,,,NNG,*,F,추가-일보,*,*,*,*
일어서,,,,NNG,*,F,추가-일어서,*,*,*,*
자깡자깡,,,,NNG,*,T,추가-자깡자깡,*,*,*,*
자랑자랑,,,,NNG,*,T,추가-자랑자랑,*,*,*,*
자메자메,,,,NNG,*,F,추가-자메자메,*,*,*,*
자인어른,,,,NNG,*,T,추가-자인어른,*,*,*,*
자장자장,,,,NNG,*,T,추가-자장자장,*,*,*,*
작어머이,,,,NNG,*,F,추가-작어머이,*,*,*,*
작언매,,,,NNG,*,F,추가-작언매,*,*,*,*
작엄마,,,,NNG,*,F,추가-작엄마,*,*,*,*
작으마이,,,,NNG,*,F,추가-작으마이,*,*,*,*
작으매,,,,NNG,*,F,추가-작으매,*,*,*,*
작으머니,,,,NNG,*,F,추가-작으머니,*,*,*,*
작으멍이,,,,NNG,*,F,추가-작으멍이,*,*,*,*
작으메,,,,NNG,*,F,추가-작으메,*,*,*,*
작은마,,,,NNG,*,F,추가-작은마,*,*,*,*
작은매,,,,NNG,*,F,추가-작은매,*,*,*,*
작숙,,,,NNG,*,T,추가-작숙,*,*,*,*
작은아바이,,,,NNG,*,F,추가-작은아바이,*,*,*,*
작은아바지,,,,NNG,*,F,추가-작은아바지,*,*,*,*
작은아밤,,,,NNG,*,T,추가-작은아밤,*,*,*,*
작은아배,,,,NNG,*,F,추가-작은아배,*,*,*,*
작은아버이,,,,NNG,*,F,추가-작은아버이,*,*,*,*
작은아버지,,,,NNG,*,F,추가-작은아버지,*,*,*,*
작은아범,,,,NNG,*,T,추가-작은아범,*,*,*,*
작은아벙이,,,,NNG,*,F,추가-작은아벙이,*,*,*,*
작은아베,,,,NNG,*,F,추가-작은아베,*,*,*,*
작은아부지,,,,NNG,*,F,추가-작은아부지,*,*,*,*
작은아저씨,,,,NNG,*,F,추가-작은아저씨,*,*,*,*
작은아지매,,,,NNG,*,F,추가-작은아지매,*,*,*,*
작은압시,,,,NNG,*,F,추가-작은압시,*,*,*,*
작은압씨,,,,NNG,*,F,추가-작은압씨,*,*,*,*
작은애비,,,,NNG,*,F,추가-작은애비,*,*,*,*
작은어마,,,,NNG,*,F,추가-작은어마,*,*,*,*
작은어마니,,,,NNG,*,F,추가-작은어마니,*,*,*,*
작은어마이,,,,NNG,*,F,추가-작은어마이,*,*,*,*
작은어매,,,,NNG,*,F,추가-작은어매,*,*,*,*
작은어머니,,,,NNG,*,F,추가-작은어머니,*,*,*,*
작은어머이,,,,NNG,*,F,추가-작은어머이,*,*,*,*
작은어멍이,,,,NNG,*,F,추가-작은어멍이,*,*,*,*
작은어무니,,,,NNG,*,F,추가-작은어무니,*,*,*,*
작은어무이,,,,NNG,*,F,추가-작은어무이,*,*,*,*
작은어문,,,,NNG,*,T,추가-작은어문,*,*,*,*
작은엄니,,,,NNG,*,F,추가-작은엄니,*,*,*,*
작은엄매,,,,NNG,*,F,추가-작은엄매,*,*,*,*
작은에미,,,,NNG,*,F,추가-작은에미,*,*,*,*
작은오마니,,,,NNG,*,F,추가-작은오마니,*,*,*,*
작은오메,,,,NNG,*,F,추가-작은오메,*,*,*,*
작은올케,,,,NNG,*,F,추가-작은올케,*,*,*,*
작은옴마,,,,NNG,*,F,추가-작은옴마,*,*,*,*
작은옴매,,,,NNG,*,F,추가-작은옴매,*,*,*,*
작은움마,,,,NNG,*,F,추가-작은움마,*,*,*,*
작은으마이,,,,NNG,*,F,추가-작은으마이,*,*,*,*
작은큰아버지,,,,NNG,*,F,추가-작은큰아버지,*,*,*,*
작은할머니,,,,NNG,*,F,추가-작은할머니,*,*,*,*
작은할아버지,,,,NNG,*,F,추가-작은할아버지,*,*,*,*
작자꿍작자꿍,,,,NNG,*,T,추가-작자꿍작자꿍,*,*,*,*
작장작장,,,,NNG,*,T,추가-작장작장,*,*,*,*
잔아배,,,,NNG,*,F,추가-잔아배,*,*,*,*
잔아부지,,,,NNG,*,F,추가-잔아부지,*,*,*,*
잔어마이,,,,NNG,*,F,추가-잔어마이,*,*,*,*
잔어매,,,,NNG,*,F,추가-잔어매,*,*,*,*
잔어무이,,,,NNG,*,F,추가-잔어무이,*,*,*,*
잔엄마,,,,NNG,*,F,추가-잔엄마,*,*,*,*
잔오매,,,,NNG,*,F,추가-잔오매,*,*,*,*
잔으멍이,,,,NNG,*,F,추가-잔으멍이,*,*,*,*
잘어매,,,,NNG,*,F,추가-잘어매,*,*,*,*
잘꾸사니,,,,NNG,*,F,추가-잘꾸사니,*,*,*,*
잘코사니,,,,NNG,*,F,추가-잘코사니,*,*,*,*
잘코셔니,,,,NNG,*,F,추가-잘코셔니,*,*,*,*
잘콰니,,,,NNG,*,F,추가-잘콰니,*,*,*,*
잘콴,,,,NNG,*,T,추가-잘콴,*,*,*,*
잘콴다리,,,,NNG,*,F,추가-잘콴다리,*,*,*,*
잠잠,,,,NNG,*,T,추가-잠잠,*,*,*,*
장게장게,,,,NNG,*,F,추가-장게장게,*,*,*,*
장군,,,,NNG,*,T,추가-장군,*,*,*,*
장기장기,,,,NNG,*,F,추가-장기장기,*,*,*,*
장나부지,,,,NNG,*,F,추가-장나부지,*,*,*,*
장모님,,,,NNG,*,T,추가-장모님,*,*,*,*
장무님,,,,NNG,*,T,추가-장무님,*,*,*,*
장인어른,,,,NNG,*,T,추가-장인어른,*,*,*,*
장재,,,,NNG,*,F,추가-장재,*,*,*,*
장훈이장쐬,,,,NNG,*,F,추가-장훈이장쐬,*,*,*,*
재깡재깡,,,,NNG,*,T,추가-재깡재깡,*,*,*,*
재인어른,,,,NNG,*,T,추가-재인어른,*,*,*,*
재장재장,,,,NNG,*,T,추가-재장재장,*,*,*,*
잼잼,,,,NNG,*,T,추가-잼잼,*,*,*,*
쟁인어른,,,,NNG,*,T,추가-쟁인어른,*,*,*,*
쟁쟁,,,,NNG,*,T,추가-쟁쟁,*,*,*,*
쟘쟘,,,,NNG,*,T,추가-쟘쟘,*,*,*,*
저거시기,,,,NNG,*,F,추가-저거시기,*,*,*,*
저보게,,,,NNG,*,F,추가-저보게,*,*,*,*
저보세요,,,,NNG,*,F,추가-저보세요,*,*,*,*
저보시오,,,,NNG,*,F,추가-저보시오,*,*,*,*
저보십시오,,,,NNG,*,F,추가-저보십시오,*,*,*,*
저기,,,,NNG,*,F,추가-저기,*,*,*,*
저라,,,,NNG,*,F,추가-저라,*,*,*,*
저랴,,,,NNG,*,F,추가-저랴,*,*,*,*
저러이,,,,NNG,*,F,추가-저러이,*,*,*,*
저런,,,,NNG,*,T,추가-저런,*,*,*,*
저렇지,,,,NNG,*,F,추가-저렇지,*,*,*,*
저리위,,,,NNG,*,F,추가-저리위,*,*,*,*
저멀리직직,,,,NNG,*,T,추가-저멀리직직,*,*,*,*
적은아배,,,,NNG,*,F,추가-적은아배,*,*,*,*
적은아부지,,,,NNG,*,F,추가-적은아부지,*,*,*,*
적은애비,,,,NNG,*,F,추가-적은애비,*,*,*,*
적은어매,,,,NNG,*,F,추가-적은어매,*,*,*,*
적은엄마,,,,NNG,*,F,추가-적은엄마,*,*,*,*
전들꺼,,,,NNG,*,F,추가-전들꺼,*,*,*,*
정말,,,,NNG,*,T,추가-정말,*,*,*,*
제기,,,,NNG,*,F,추가-제기,*,*,*,*
제기랄,,,,NNG,*,T,추가-제기랄,*,*,*,*
제기미,,,,NNG,*,F,추가-제기미,*,*,*,*
제길,,,,NNG,*,T,추가-제길,*,*,*,*
제길할,,,,NNG,*,T,추가-제길할,*,*,*,*
제끼제끼,,,,NNG,*,F,추가-제끼제끼,*,*,*,*
제마니,,,,NNG,*,F,추가-제마니,*,*,*,*
제미,,,,NNG,*,F,추가-제미,*,*,*,*
제미붙을,,,,NNG,*,T,추가-제미붙을,*,*,*,*
제밀할,,,,NNG,*,T,추가-제밀할,*,*,*,*
제바리,,,,NNG,*,F,추가-제바리,*,*,*,*
제에미,,,,NNG,*,F,추가-제에미,*,*,*,*
제자리에서,,,,NNG,*,F,추가-제자리에서,*,*,*,*
젠장,,,,NNG,*,T,추가-젠장,*,*,*,*
젠장맞을,,,,NNG,*,T,추가-젠장맞을,*,*,*,*
젠장칠,,,,NNG,*,T,추가-젠장칠,*,*,*,*
젠중,,,,NNG,*,T,추가-젠중,*,*,*,*
조곤조곤,,,,NNG,*,T,추가-조곤조곤,*,*,*,*
조러이,,,,NNG,*,F,추가-조러이,*,*,*,*
조런,,,,NNG,*,T,추가-조런,*,*,*,*
조렇지,,,,NNG,*,F,추가-조렇지,*,*,*,*
조메조메,,,,NNG,*,F,추가-조메조메,*,*,*,*
조얌조얌,,,,NNG,*,T,추가-조얌조얌,*,*,*,*
족은아바지,,,,NNG,*,F,추가-족은아바지,*,*,*,*
족은아방,,,,NNG,*,T,추가-족은아방,*,*,*,*
족은아버지,,,,NNG,*,F,추가-족은아버지,*,*,*,*
족은어멍,,,,NNG,*,T,추가-족은어멍,*,*,*,*
좀메좀메,,,,NNG,*,F,추가-좀메좀메,*,*,*,*
좀좀,,,,NNG,*,T,추가-좀좀,*,*,*,*
좀좀좀,,,,NNG,*,T,추가-좀좀좀,*,*,*,*
좋아,,,,NNG,*,F,추가-좋아,*,*,*,*
좌라,,,,NNG,*,F,추가-좌라,*,*,*,*
좌로어깨총,,,,NNG,*,T,추가-좌로어깨총,*,*,*,*
좌향좌,,,,NNG,*,F,추가-좌향좌,*,*,*,*
좌향앞으로가,,,,NNG,*,F,추가-좌향앞으로가,*,*,*,*
좜좜,,,,NNG,*,T,추가-좜좜,*,*,*,*
좸좸,,,,NNG,*,T,추가-좸좸,*,*,*,*
죄미죄미,,,,NNG,*,F,추가-죄미죄미,*,*,*,*
죄암죄암,,,,NNG,*,T,추가-죄암죄암,*,*,*,*
죄엄죄엄,,,,NNG,*,T,추가-죄엄죄엄,*,*,*,*
죄죄,,,,NNG,*,F,추가-죄죄,*,*,*,*
죄죄반반,,,,NNG,*,T,추가-죄죄반반,*,*,*,*
죔죔,,,,NNG,*,T,추가-죔죔,*,*,*,*
주목,,,,NNG,*,T,추가-주목,*,*,*,*
주암주암,,,,NNG,*,T,추가-주암주암,*,*,*,*
주앰주앰,,,,NNG,*,T,추가-주앰주앰,*,*,*,*
주워,,,,NNG,*,F,추가-주워,*,*,*,*
주웸주웸,,,,NNG,*,T,추가-주웸주웸,*,*,*,*
주주,,,,NNG,*,F,추가-주주,*,*,*,*
주쭉,,,,NNG,*,T,추가-주쭉,*,*,*,*
죽죽,,,,NNG,*,T,추가-죽죽,*,*,*,*
중백부,,,,NNG,*,F,추가-중백부,*,*,*,*
줴암줴암,,,,NNG,*,T,추가-줴암줴암,*,*,*,*
쥄쥄,,,,NNG,*,T,추가-쥄쥄,*,*,*,*
쥐암쥐암,,,,NNG,*,T,추가-쥐암쥐암,*,*,*,*
쥐앰쥐앰,,,,NNG,*,T,추가-쥐앰쥐앰,*,*,*,*
쥐엄쥐엄,,,,NNG,*,T,추가-쥐엄쥐엄,*,*,*,*
쥐왐쥐왐,,,,NNG,*,T,추가-쥐왐쥐왐,*,*,*,*
지가이,,,,NNG,*,F,추가-지가이,*,*,*,*
지개지개,,,,NNG,*,F,추가-지개지개,*,*,*,*
지기,,,,NNG,*,F,추가-지기,*,*,*,*
지기랄,,,,NNG,*,T,추가-지기랄,*,*,*,*
지기미,,,,NNG,*,F,추가-지기미,*,*,*,*
지깡지깡,,,,NNG,*,T,추가-지깡지깡,*,*,*,*
지꺼리,,,,NNG,*,F,추가-지꺼리,*,*,*,*
지껑지껑,,,,NNG,*,T,추가-지껑지껑,*,*,*,*
지께,,,,NNG,*,F,추가-지께,*,*,*,*
지께지께,,,,NNG,*,F,추가-지께지께,*,*,*,*
지끼지끼,,,,NNG,*,F,추가-지끼지끼,*,*,*,*
지끼미,,,,NNG,*,F,추가-지끼미,*,*,*,*
지랄문디,,,,NNG,*,F,추가-지랄문디,*,*,*,*
지미,,,,NNG,*,F,추가-지미,*,*,*,*
지암지암,,,,NNG,*,T,추가-지암지암,*,*,*,*
지어총,,,,NNG,*,T,추가-지어총,*,*,*,*
지엄지엄,,,,NNG,*,T,추가-지엄지엄,*,*,*,*
지여,,,,NNG,*,F,추가-지여,*,*,*,*
지여총,,,,NNG,*,T,추가-지여총,*,*,*,*
지오,,,,NNG,*,F,추가-지오,*,*,*,*
지화자,,,,NNG,*,F,추가-지화자,*,*,*,*
진장,,,,NNG,*,T,추가-진장,*,*,*,*
진장맞일,,,,NNG,*,T,추가-진장맞일,*,*,*,*
진진,,,,NNG,*,T,추가-진진,*,*,*,*
질라래비훨훨,,,,NNG,*,T,추가-질라래비훨훨,*,*,*,*
질부,,,,NNG,*,F,추가-질부,*,*,*,*
징징,,,,NNG,*,T,추가-징징,*,*,*,*
징개징개,,,,NNG,*,F,추가-징개징개,*,*,*,*
징기징기,,,,NNG,*,F,추가-징기징기,*,*,*,*
징지징지,,,,NNG,*,F,추가-징지징지,*,*,*,*
짜강짜강,,,,NNG,*,T,추가-짜강짜강,*,*,*,*
짜깡짜깡,,,,NNG,*,T,추가-짜깡짜깡,*,*,*,*
짜꽁짜꽁,,,,NNG,*,T,추가-짜꽁짜꽁,*,*,*,*
짜잔,,,,NNG,*,T,추가-짜잔,*,*,*,*
짜장구짜장구,,,,NNG,*,F,추가-짜장구짜장구,*,*,*,*
짜짱구짜짱구,,,,NNG,*,F,추가-짜짱구짜짱구,*,*,*,*
짝수기,,,,NNG,*,F,추가-짝수기,*,*,*,*
짝숙,,,,NNG,*,T,추가-짝숙,*,*,*,*
짝지짝지,,,,NNG,*,F,추가-짝지짝지,*,*,*,*
짝짜꾸짝짜꾸,,,,NNG,*,F,추가-짝짜꾸짝짜꾸,*,*,*,*
짝짜꿍짝짜꿍,,,,NNG,*,T,추가-짝짜꿍짝짜꿍,*,*,*,*
짝짱짝짱,,,,NNG,*,T,추가-짝짱짝짱,*,*,*,*
짝짱구짝짱구,,,,NNG,*,F,추가-짝짱구짝짱구,*,*,*,*
짱짱,,,,NNG,*,T,추가-짱짱,*,*,*,*
짱짱짱짱,,,,NNG,*,T,추가-짱짱짱짱,*,*,*,*
짱짱구짱짱구,,,,NNG,*,F,추가-짱짱구짱짱구,*,*,*,*
짱짱그짱짱그,,,,NNG,*,F,추가-짱짱그짱짱그,*,*,*,*
째강째강,,,,NNG,*,T,추가-째강째강,*,*,*,*
째깡째깡,,,,NNG,*,T,추가-째깡째깡,*,*,*,*
쩌쩌,,,,NNG,*,F,추가-쩌쩌,*,*,*,*
쪼막쪼막,,,,NNG,*,T,추가-쪼막쪼막,*,*,*,*
쫄쫄,,,,NNG,*,T,추가-쫄쫄,*,*,*,*
쭈쭈,,,,NNG,*,F,추가-쭈쭈,*,*,*,*
쭉쭉,,,,NNG,*,T,추가-쭉쭉,*,*,*,*
쯧쯧,,,,NNG,*,T,추가-쯧쯧,*,*,*,*
찌가이,,,,NNG,*,F,추가-찌가이,*,*,*,*
찌겅찌겅,,,,NNG,*,T,추가-찌겅찌겅,*,*,*,*
찌게찌게,,,,NNG,*,F,추가-찌게찌게,*,*,*,*
찌광이,,,,NNG,*,F,추가-찌광이,*,*,*,*
찌까찌까,,,,NNG,*,F,추가-찌까찌까,*,*,*,*
찌깡찌깡,,,,NNG,*,T,추가-찌깡찌깡,*,*,*,*
찌꽁찌꽁,,,,NNG,*,T,추가-찌꽁찌꽁,*,*,*,*
찌끼찌끼,,,,NNG,*,F,추가-찌끼찌끼,*,*,*,*
찌로,,,,NNG,*,F,추가-찌로,*,*,*,*
찐찐,,,,NNG,*,T,추가-찐찐,*,*,*,*
차말,,,,NNG,*,T,추가-차말,*,*,*,*
차려,,,,NNG,*,F,추가-차려,*,*,*,*
차렷,,,,NNG,*,T,추가-차렷,*,*,*,*
차렷총,,,,NNG,*,T,추가-차렷총,*,*,*,*
차하,,,,NNG,*,F,추가-차하,*,*,*,*
차호,,,,NNG,*,F,추가-차호,*,*,*,*
차홉다,,,,NNG,*,F,추가-차홉다,*,*,*,*
착석,,,,NNG,*,T,추가-착석,*,*,*,*
찰코사니,,,,NNG,*,F,추가-찰코사니,*,*,*,*
참말,,,,NNG,*,T,추가-참말,*,*,*,*
천만에,,,,NNG,*,F,추가-천만에,*,*,*,*
천제,,,,NNG,*,F,추가-천제,*,*,*,*
천지에,,,,NNG,*,F,추가-천지에,*,*,*,*
천하에,,,,NNG,*,F,추가-천하에,*,*,*,*
체라쎄,,,,NNG,*,F,추가-체라쎄,*,*,*,*
체체라쎄,,,,NNG,*,F,추가-체체라쎄,*,*,*,*
춘천이여,,,,NNG,*,F,추가-춘천이여,*,*,*,*
치기영,,,,NNG,*,T,추가-치기영,*,*,*,*
카트,,,,NNG,*,F,추가-카트,*,*,*,*
칼마니,,,,NNG,*,F,추가-칼마니,*,*,*,*
칼매,,,,NNG,*,F,추가-칼매,*,*,*,*
캔시개캔시개,,,,NNG,*,F,추가-캔시개캔시개,*,*,*,*
컨아바이,,,,NNG,*,F,추가-컨아바이,*,*,*,*
컬마니,,,,NNG,*,F,추가-컬마니,*,*,*,*
코시리,,,,NNG,*,F,추가-코시리,*,*,*,*
큰나바이,,,,NNG,*,F,추가-큰나바이,*,*,*,*
큰나바지,,,,NNG,*,F,추가-큰나바지,*,*,*,*
큰나버지,,,,NNG,*,F,추가-큰나버지,*,*,*,*
큰마니,,,,NNG,*,F,추가-큰마니,*,*,*,*
큰백부,,,,NNG,*,F,추가-큰백부,*,*,*,*
큰성,,,,NNG,*,T,추가-큰성,*,*,*,*
큰아매,,,,NNG,*,F,추가-큰아매,*,*,*,*
큰아바니,,,,NNG,*,F,추가-큰아바니,*,*,*,*
큰아바지,,,,NNG,*,F,추가-큰아바지,*,*,*,*
큰아반,,,,NNG,*,T,추가-큰아반,*,*,*,*
큰아방,,,,NNG,*,T,추가-큰아방,*,*,*,*
큰아배,,,,NNG,*,F,추가-큰아배,*,*,*,*
큰아뱅이,,,,NNG,*,F,추가-큰아뱅이,*,*,*,*
큰아버니,,,,NNG,*,F,추가-큰아버니,*,*,*,*
큰아버이,,,,NNG,*,F,추가-큰아버이,*,*,*,*
큰아버지,,,,NNG,*,F,추가-큰아버지,*,*,*,*
큰아벙이,,,,NNG,*,F,추가-큰아벙이,*,*,*,*
큰아부이,,,,NNG,*,F,추가-큰아부이,*,*,*,*
큰아부지,,,,NNG,*,F,추가-큰아부지,*,*,*,*
큰어마,,,,NNG,*,F,추가-큰어마,*,*,*,*
큰어마이,,,,NNG,*,F,추가-큰어마이,*,*,*,*
큰어머니,,,,NNG,*,F,추가-큰어머니,*,*,*,*
큰어머이,,,,NNG,*,F,추가-큰어머이,*,*,*,*
큰어멍,,,,NNG,*,T,추가-큰어멍,*,*,*,*
큰어멍이,,,,NNG,*,F,추가-큰어멍이,*,*,*,*
큰어무니,,,,NNG,*,F,추가-큰어무니,*,*,*,*
큰어무이,,,,NNG,*,F,추가-큰어무이,*,*,*,*
큰어문,,,,NNG,*,T,추가-큰어문,*,*,*,*
큰언니,,,,NNG,*,F,추가-큰언니,*,*,*,*
큰엄니,,,,NNG,*,F,추가-큰엄니,*,*,*,*
큰엄매,,,,NNG,*,F,추가-큰엄매,*,*,*,*
큰오마니,,,,NNG,*,F,추가-큰오마니,*,*,*,*
큰오마이,,,,NNG,*,F,추가-큰오마이,*,*,*,*
큰오만,,,,NNG,*,T,추가-큰오만,*,*,*,*
큰오매,,,,NNG,*,F,추가-큰오매,*,*,*,*
큰오빠,,,,NNG,*,F,추가-큰오빠,*,*,*,*
큰올케,,,,NNG,*,F,추가-큰올케,*,*,*,*
큰옴마,,,,NNG,*,F,추가-큰옴마,*,*,*,*
큰옴마이,,,,NNG,*,F,추가-큰옴마이,*,*,*,*
큰옴매,,,,NNG,*,F,추가-큰옴매,*,*,*,*
큰으마이,,,,NNG,*,F,추가-큰으마이,*,*,*,*
큰이미,,,,NNG,*,F,추가-큰이미,*,*,*,*
큰작은아버지,,,,NNG,*,F,추가-큰작은아버지,*,*,*,*
큰큰아부지,,,,NNG,*,F,추가-큰큰아부지,*,*,*,*
큰하르바이,,,,NNG,*,F,추가-큰하르바이,*,*,*,*
큰할마이,,,,NNG,*,F,추가-큰할마이,*,*,*,*
큰할머니,,,,NNG,*,F,추가-큰할머니,*,*,*,*
큰할아버지,,,,NNG,*,F,추가-큰할아버지,*,*,*,*
큰형,,,,NNG,*,T,추가-큰형,*,*,*,*
큰방아버지,,,,NNG,*,F,추가-큰방아버지,*,*,*,*
큰집아버지,,,,NNG,*,F,추가-큰집아버지,*,*,*,*
클아반,,,,NNG,*,T,추가-클아반,*,*,*,*
클단,,,,NNG,*,T,추가-클단,*,*,*,*
클만,,,,NNG,*,T,추가-클만,*,*,*,*
클씨,,,,NNG,*,F,추가-클씨,*,*,*,*
큼메,,,,NNG,*,F,추가-큼메,*,*,*,*
큼시,,,,NNG,*,F,추가-큼시,*,*,*,*
투탄,,,,NNG,*,T,추가-투탄,*,*,*,*
파이팅,,,,NNG,*,T,추가-파이팅,*,*,*,*
편히쉬어,,,,NNG,*,F,추가-편히쉬어,*,*,*,*
편히앉아,,,,NNG,*,F,추가-편히앉아,*,*,*,*
풀풀,,,,NNG,*,T,추가-풀풀,*,*,*,*
풀마풀마,,,,NNG,*,F,추가-풀마풀마,*,*,*,*
풀매풀매,,,,NNG,*,F,추가-풀매풀매,*,*,*,*
풀무달무,,,,NNG,*,F,추가-풀무달무,*,*,*,*
하하,,,,NNG,*,F,추가-하하,*,*,*,*
하기로,,,,NNG,*,F,추가-하기로,*,*,*,*
하나쌔,,,,NNG,*,F,추가-하나쌔,*,*,*,*
하나쎄,,,,NNG,*,F,추가-하나쎄,*,*,*,*
하내,,,,NNG,*,F,추가-하내,*,*,*,*
하냠,,,,NNG,*,T,추가-하냠,*,*,*,*
하답씨,,,,NNG,*,F,추가-하답씨,*,*,*,*
하라바님,,,,NNG,*,T,추가-하라바님,*,*,*,*
하루바니,,,,NNG,*,F,추가-하루바니,*,*,*,*
하루방,,,,NNG,*,T,추가-하루방,*,*,*,*
하룸씨,,,,NNG,*,F,추가-하룸씨,*,*,*,*
하르바님,,,,NNG,*,T,추가-하르바님,*,*,*,*
하르바니,,,,NNG,*,F,추가-하르바니,*,*,*,*
하르바이,,,,NNG,*,F,추가-하르바이,*,*,*,*
하르바지,,,,NNG,*,F,추가-하르바지,*,*,*,*
하르버이,,,,NNG,*,F,추가-하르버이,*,*,*,*
하르버지,,,,NNG,*,F,추가-하르버지,*,*,*,*
하르벙이,,,,NNG,*,F,추가-하르벙이,*,*,*,*
하르비,,,,NNG,*,F,추가-하르비,*,*,*,*
하릅씨,,,,NNG,*,F,추가-하릅씨,*,*,*,*
하리방,,,,NNG,*,T,추가-하리방,*,*,*,*
하리비,,,,NNG,*,F,추가-하리비,*,*,*,*
하먼,,,,NNG,*,T,추가-하먼,*,*,*,*
하모,,,,NNG,*,F,추가-하모,*,*,*,*
하문,,,,NNG,*,T,추가-하문,*,*,*,*
하불싸,,,,NNG,*,F,추가-하불싸,*,*,*,*
하붕이,,,,NNG,*,F,추가-하붕이,*,*,*,*
하뿔싸,,,,NNG,*,F,추가-하뿔싸,*,*,*,*
하이고,,,,NNG,*,F,추가-하이고,*,*,*,*
하이고메,,,,NNG,*,F,추가-하이고메,*,*,*,*
한나부니,,,,NNG,*,F,추가-한나부니,*,*,*,*
한아바니,,,,NNG,*,F,추가-한아바니,*,*,*,*
한아반,,,,NNG,*,T,추가-한아반,*,*,*,*
한아뱜,,,,NNG,*,T,추가-한아뱜,*,*,*,*
한아버니,,,,NNG,*,F,추가-한아버니,*,*,*,*
한아버지,,,,NNG,*,F,추가-한아버지,*,*,*,*
한아부니,,,,NNG,*,F,추가-한아부니,*,*,*,*
한아부이,,,,NNG,*,F,추가-한아부이,*,*,*,*
한아부지,,,,NNG,*,F,추가-한아부지,*,*,*,*
한압씨,,,,NNG,*,F,추가-한압씨,*,*,*,*
한애뱜,,,,NNG,*,T,추가-한애뱜,*,*,*,*
한애비,,,,NNG,*,F,추가-한애비,*,*,*,*
한냠,,,,NNG,*,T,추가-한냠,*,*,*,*
한념,,,,NNG,*,T,추가-한념,*,*,*,*
한매,,,,NNG,*,F,추가-한매,*,*,*,*
한머니,,,,NNG,*,F,추가-한머니,*,*,*,*
한무니,,,,NNG,*,F,추가-한무니,*,*,*,*
한씨,,,,NNG,*,F,추가-한씨,*,*,*,*
한아부,,,,NNG,*,F,추가-한아부,*,*,*,*
할냠,,,,NNG,*,T,추가-할냠,*,*,*,*
할념,,,,NNG,*,T,추가-할념,*,*,*,*
할녕,,,,NNG,*,T,추가-할녕,*,*,*,*
할마,,,,NNG,*,F,추가-할마,*,*,*,*
할마니,,,,NNG,*,F,추가-할마니,*,*,*,*
할맘,,,,NNG,*,T,추가-할맘,*,*,*,*
할매이,,,,NNG,*,F,추가-할매이,*,*,*,*
할먄,,,,NNG,*,T,추가-할먄,*,*,*,*
할머님,,,,NNG,*,T,추가-할머님,*,*,*,*
할머니,,,,NNG,*,F,추가-할머니,*,*,*,*
할멍이,,,,NNG,*,F,추가-할멍이,*,*,*,*
할메씨,,,,NNG,*,F,추가-할메씨,*,*,*,*
할모니,,,,NNG,*,F,추가-할모니,*,*,*,*
할몽이,,,,NNG,*,F,추가-할몽이,*,*,*,*
할문,,,,NNG,*,T,추가-할문,*,*,*,*
할므니,,,,NNG,*,F,추가-할므니,*,*,*,*
할바쌔,,,,NNG,*,F,추가-할바쌔,*,*,*,*
할바씨,,,,NNG,*,F,추가-할바씨,*,*,*,*
할뱀,,,,NNG,*,T,추가-할뱀,*,*,*,*
할뱅이,,,,NNG,*,F,추가-할뱅이,*,*,*,*
할버시,,,,NNG,*,F,추가-할버시,*,*,*,*
할부씨,,,,NNG,*,F,추가-할부씨,*,*,*,*
할부지,,,,NNG,*,F,추가-할부지,*,*,*,*
할아바,,,,NNG,*,F,추가-할아바,*,*,*,*
할아바지,,,,NNG,*,F,추가-할아바지,*,*,*,*
할아뱐,,,,NNG,*,T,추가-할아뱐,*,*,*,*
할아뱜,,,,NNG,*,T,추가-할아뱜,*,*,*,*
할아버님,,,,NNG,*,T,추가-할아버님,*,*,*,*
할아버지,,,,NNG,*,F,추가-할아버지,*,*,*,*
할아벙이,,,,NNG,*,F,추가-할아벙이,*,*,*,*
할아부니,,,,NNG,*,F,추가-할아부니,*,*,*,*
할아부님,,,,NNG,*,T,추가-할아부님,*,*,*,*
할아부지,,,,NNG,*,F,추가-할아부지,*,*,*,*
할아씨,,,,NNG,*,F,추가-할아씨,*,*,*,*
할어미,,,,NNG,*,F,추가-할어미,*,*,*,*
할어버이,,,,NNG,*,F,추가-할어버이,*,*,*,*
할우바이,,,,NNG,*,F,추가-할우바이,*,*,*,*
할으버지,,,,NNG,*,F,추가-할으버지,*,*,*,*
할이미,,,,NNG,*,F,추가-할이미,*,*,*,*
함마,,,,NNG,*,F,추가-함마,*,*,*,*
함마이,,,,NNG,*,F,추가-함마이,*,*,*,*
함머니,,,,NNG,*,F,추가-함머니,*,*,*,*
함메,,,,NNG,*,F,추가-함메,*,*,*,*
함무이,,,,NNG,*,F,추가-함무이,*,*,*,*
함쎄,,,,NNG,*,F,추가-함쎄,*,*,*,*
합다,,,,NNG,*,F,추가-합다,*,*,*,*
허쒸,,,,NNG,*,F,추가-허쒸,*,*,*,*
허참,,,,NNG,*,T,추가-허참,*,*,*,*
허허,,,,NNG,*,F,추가-허허,*,*,*,*
허기영,,,,NNG,*,T,추가-허기영,*,*,*,*
허따,,,,NNG,*,F,추가-허따,*,*,*,*
허뿔싸,,,,NNG,*,F,추가-허뿔싸,*,*,*,*
허허둥둥,,,,NNG,*,T,추가-허허둥둥,*,*,*,*
허허이루후어,,,,NNG,*,F,추가-허허이루후어,*,*,*,*
헐레헐레,,,,NNG,*,F,추가-헐레헐레,*,*,*,*
험험,,,,NNG,*,T,추가-험험,*,*,*,*
헙다,,,,NNG,*,F,추가-헙다,*,*,*,*
헤쳐,,,,NNG,*,F,추가-헤쳐,*,*,*,*
형수님,,,,NNG,*,T,추가-형수님,*,*,*,*
호호,,,,NNG,*,F,추가-호호,*,*,*,*
홈홈,,,,NNG,*,T,추가-홈홈,*,*,*,*
화이팅,,,,NNG,*,T,추가-화이팅,*,*,*,*
후두구네,,,,NNG,*,F,추가-후두구네,*,*,*,*
후여,,,,NNG,*,F,추가-후여,*,*,*,*
후여후여,,,,NNG,*,F,추가-후여후여,*,*,*,*
후워,,,,NNG,*,F,추가-후워,*,*,*,*
후유,,,,NNG,*,F,추가-후유,*,*,*,*
후이,,,,NNG,*,F,추가-후이,*,*,*,*
훌라,,,,NNG,*,F,추가-훌라,*,*,*,*
훠이,,,,NNG,*,F,추가-훠이,*,*,*,*
휘여,,,,NNG,*,F,추가-휘여,*,*,*,*
흐이미,,,,NNG,*,F,추가-흐이미,*,*,*,*
흐임,,,,NNG,*,T,추가-흐임,*,*,*,*
흠흠,,,,NNG,*,T,추가-흠흠,*,*,*,*
흥흥,,,,NNG,*,T,추가-흥흥,*,*,*,*
희라,,,,NNG,*,F,추가-희라,*,*,*,*
힝힝,,,,NNG,*,T,추가-힝힝,*,*,*,*
경롓,,,,NNG,*,T,추가-경롓,*,*,*,*
그것참,,,,NNG,*,T,추가-그것참,*,*,*,*
그래요,,,,NNG,*,F,추가-그래요,*,*,*,*
그러엄,,,,NNG,*,T,추가-그러엄,*,*,*,*
그럼요,,,,NNG,*,F,추가-그럼요,*,*,*,*
그럼은요,,,,NNG,*,F,추가-그럼은요,*,*,*,*
그렇지,,,,NNG,*,F,추가-그렇지,*,*,*,*
그참,,,,NNG,*,T,추가-그참,*,*,*,*
글쎄,,,,NNG,*,F,추가-글쎄,*,*,*,*
글쎄다,,,,NNG,*,F,추가-글쎄다,*,*,*,*
글쎄요,,,,NNG,*,F,추가-글쎄요,*,*,*,*
기쎄,,,,NNG,*,F,추가-기쎄,*,*,*,*
까짓거,,,,NNG,*,F,추가-까짓거,*,*,*,*
내롱,,,,NNG,*,T,추가-내롱,*,*,*,*
네에,,,,NNG,*,F,추가-네에,*,*,*,*
네엣,,,,NNG,*,T,추가-네엣,*,*,*,*
녜에,,,,NNG,*,F,추가-녜에,*,*,*,*
니기미,,,,NNG,*,F,추가-니기미,*,*,*,*
니미,,,,NNG,*,F,추가-니미,*,*,*,*
뎃끼,,,,NNG,*,F,추가-뎃끼,*,*,*,*
라랄라랄,,,,NNG,*,T,추가-라랄라랄,*,*,*,*
맙소사,,,,NNG,*,F,추가-맙소사,*,*,*,*
무시기,,,,NNG,*,F,추가-무시기,*,*,*,*
세상에,,,,NNG,*,F,추가-세상에,*,*,*,*
쉬잇,,,,NNG,*,T,추가-쉬잇,*,*,*,*
씨발,,,,NNG,*,T,추가-씨발,*,*,*,*
씨부랄,,,,NNG,*,T,추가-씨부랄,*,*,*,*
씨이,,,,NNG,*,F,추가-씨이,*,*,*,*
씨팔,,,,NNG,*,T,추가-씨팔,*,*,*,*
아고,,,,NNG,*,F,추가-아고,*,*,*,*
아냐,,,,NNG,*,F,추가-아냐,*,*,*,*
아뇨,,,,NNG,*,F,추가-아뇨,*,*,*,*
아니야,,,,NNG,*,F,추가-아니야,*,*,*,*
아니오,,,,NNG,*,F,추가-아니오,*,*,*,*
아니요,,,,NNG,*,F,추가-아니요,*,*,*,*
아따,,,,NNG,*,F,추가-아따,*,*,*,*
아멘,,,,NNG,*,T,추가-아멘,*,*,*,*
아무려나,,,,NNG,*,F,추가-아무려나,*,*,*,*
아무려면,,,,NNG,*,T,추가-아무려면,*,*,*,*
아무렴,,,,NNG,*,T,추가-아무렴,*,*,*,*
아뿔사,,,,NNG,*,F,추가-아뿔사,*,*,*,*
아뿔싸,,,,NNG,*,F,추가-아뿔싸,*,*,*,*
아서라,,,,NNG,*,F,추가-아서라,*,*,*,*
아소,,,,NNG,*,F,추가-아소,*,*,*,*
아아뇨,,,,NNG,*,F,추가-아아뇨,*,*,*,*
아아니,,,,NNG,*,F,추가-아아니,*,*,*,*
아아씨,,,,NNG,*,F,추가-아아씨,*,*,*,*
아암,,,,NNG,*,T,추가-아암,*,*,*,*
아앙,,,,NNG,*,T,추가-아앙,*,*,*,*
아얏,,,,NNG,*,T,추가-아얏,*,*,*,*
아으,,,,NNG,*,F,추가-아으,*,*,*,*
아이고,,,,NNG,*,F,추가-아이고,*,*,*,*
아이고오,,,,NNG,*,F,추가-아이고오,*,*,*,*
아이구,,,,NNG,*,F,추가-아이구,*,*,*,*
아이쿠,,,,NNG,*,F,추가-아이쿠,*,*,*,*
아차,,,,NNG,*,F,추가-아차,*,*,*,*
아참,,,,NNG,*,T,추가-아참,*,*,*,*
아하,,,,NNG,*,F,추가-아하,*,*,*,*
아항,,,,NNG,*,T,추가-아항,*,*,*,*
아휴,,,,NNG,*,F,추가-아휴,*,*,*,*
앗다,,,,NNG,*,F,추가-앗다,*,*,*,*
애개,,,,NNG,*,F,추가-애개,*,*,*,*
애걔,,,,NNG,*,F,추가-애걔,*,*,*,*
애걔걔,,,,NNG,*,F,추가-애걔걔,*,*,*,*
애고,,,,NNG,*,F,추가-애고,*,*,*,*
애그,,,,NNG,*,F,추가-애그,*,*,*,*
애햄,,,,NNG,*,T,추가-애햄,*,*,*,*
야아,,,,NNG,*,F,추가-야아,*,*,*,*
야야,,,,NNG,*,F,추가-야야,*,*,*,*
야호,,,,NNG,*,F,추가-야호,*,*,*,*
얀마,,,,NNG,*,F,추가-얀마,*,*,*,*
얏호,,,,NNG,*,F,추가-얏호,*,*,*,*
어거,,,,NNG,*,F,추가-어거,*,*,*,*
어기야,,,,NNG,*,F,추가-어기야,*,*,*,*
어디,,,,NNG,*,F,추가-어디,*,*,*,*
어매,,,,NNG,*,F,추가-어매,*,*,*,*
어머,,,,NNG,*,F,추가-어머,*,*,*,*
어머나,,,,NNG,*,F,추가-어머나,*,*,*,*
어머머,,,,NNG,*,F,추가-어머머,*,*,*,*
어머머머,,,,NNG,*,F,추가-어머머머,*,*,*,*
어어,,,,NNG,*,F,추가-어어,*,*,*,*
어어이,,,,NNG,*,F,추가-어어이,*,*,*,*
어와,,,,NNG,*,F,추가-어와,*,*,*,*
어이구,,,,NNG,*,F,추가-어이구,*,*,*,*
어이야,,,,NNG,*,F,추가-어이야,*,*,*,*
어이어이,,,,NNG,*,F,추가-어이어이,*,*,*,*
어이쿠,,,,NNG,*,F,추가-어이쿠,*,*,*,*
어쭈,,,,NNG,*,F,추가-어쭈,*,*,*,*
어허,,,,NNG,*,F,추가-어허,*,*,*,*
어휴,,,,NNG,*,F,추가-어휴,*,*,*,*
어흠,,,,NNG,*,T,추가-어흠,*,*,*,*
얼시고나,,,,NNG,*,F,추가-얼시고나,*,*,*,*
얼싸,,,,NNG,*,F,추가-얼싸,*,*,*,*
얼씨고나,,,,NNG,*,F,추가-얼씨고나,*,*,*,*
얼씨구나,,,,NNG,*,F,추가-얼씨구나,*,*,*,*
에구,,,,NNG,*,F,추가-에구,*,*,*,*
에또,,,,NNG,*,F,추가-에또,*,*,*,*
에라,,,,NNG,*,F,추가-에라,*,*,*,*
에유,,,,NNG,*,F,추가-에유,*,*,*,*
에이고,,,,NNG,*,F,추가-에이고,*,*,*,*
에이구,,,,NNG,*,F,추가-에이구,*,*,*,*
에이구머니,,,,NNG,*,F,추가-에이구머니,*,*,*,*
에헴,,,,NNG,*,T,추가-에헴,*,*,*,*
여보게,,,,NNG,*,F,추가-여보게,*,*,*,*
여보세요,,,,NNG,*,F,추가-여보세요,*,*,*,*
여보쇼,,,,NNG,*,F,추가-여보쇼,*,*,*,*
여보슈,,,,NNG,*,F,추가-여보슈,*,*,*,*
예끼,,,,NNG,*,F,추가-예끼,*,*,*,*
예에,,,,NNG,*,F,추가-예에,*,*,*,*
예예,,,,NNG,*,F,추가-예예,*,*,*,*
예이,,,,NNG,*,F,추가-예이,*,*,*,*
옛다,,,,NNG,*,F,추가-옛다,*,*,*,*
옛소,,,,NNG,*,F,추가-옛소,*,*,*,*
옜다,,,,NNG,*,F,추가-옜다,*,*,*,*
오냐,,,,NNG,*,F,추가-오냐,*,*,*,*
오라잇,,,,NNG,*,T,추가-오라잇,*,*,*,*
오매,,,,NNG,*,F,추가-오매,*,*,*,*
오머머,,,,NNG,*,F,추가-오머머,*,*,*,*
오메,,,,NNG,*,F,추가-오메,*,*,*,*
오오,,,,NNG,*,F,추가-오오,*,*,*,*
오오냐,,,,NNG,*,F,추가-오오냐,*,*,*,*
오호,,,,NNG,*,F,추가-오호,*,*,*,*
올레,,,,NNG,*,F,추가-올레,*,*,*,*
옳지,,,,NNG,*,F,추가-옳지,*,*,*,*
옴브레,,,,NNG,*,F,추가-옴브레,*,*,*,*
옵소,,,,NNG,*,F,추가-옵소,*,*,*,*
옹야,,,,NNG,*,F,추가-옹야,*,*,*,*
와아,,,,NNG,*,F,추가-와아,*,*,*,*
용용,,,,NNG,*,T,추가-용용,*,*,*,*
우무,,,,NNG,*,F,추가-우무,*,*,*,*
우히히히,,,,NNG,*,F,추가-우히히히,*,*,*,*
워매,,,,NNG,*,F,추가-워매,*,*,*,*
워어리,,,,NNG,*,F,추가-워어리,*,*,*,*
웬걸요,,,,NNG,*,F,추가-웬걸요,*,*,*,*
으아,,,,NNG,*,F,추가-으아,*,*,*,*
으악,,,,NNG,*,T,추가-으악,*,*,*,*
으앗,,,,NNG,*,T,추가-으앗,*,*,*,*
으앙,,,,NNG,*,T,추가-으앙,*,*,*,*
으음,,,,NNG,*,T,추가-으음,*,*,*,*
으응,,,,NNG,*,T,추가-으응,*,*,*,*
으헤헤,,,,NNG,*,F,추가-으헤헤,*,*,*,*
으흠으흠,,,,NNG,*,T,추가-으흠으흠,*,*,*,*
으흥,,,,NNG,*,T,추가-으흥,*,*,*,*
응아,,,,NNG,*,F,추가-응아,*,*,*,*
응응,,,,NNG,*,T,추가-응응,*,*,*,*
이그,,,,NNG,*,F,추가-이그,*,*,*,*
이러언,,,,NNG,*,T,추가-이러언,*,*,*,*
이보슈,,,,NNG,*,F,추가-이보슈,*,*,*,*
이봐,,,,NNG,*,F,추가-이봐,*,*,*,*
이봐라,,,,NNG,*,F,추가-이봐라,*,*,*,*
이애,,,,NNG,*,F,추가-이애,*,*,*,*
이잉,,,,NNG,*,T,추가-이잉,*,*,*,*
익익,,,,NNG,*,T,추가-익익,*,*,*,*
임마,,,,NNG,*,F,추가-임마,*,*,*,*
제기랄,,,,NNG,*,T,추가-제기랄,*,*,*,*
제길,,,,NNG,*,T,추가-제길,*,*,*,*
제미,,,,NNG,*,F,추가-제미,*,*,*,*
제미랄,,,,NNG,*,T,추가-제미랄,*,*,*,*
젠장,,,,NNG,*,T,추가-젠장,*,*,*,*
좋아,,,,NNG,*,F,추가-좋아,*,*,*,*
지미씨팔,,,,NNG,*,T,추가-지미씨팔,*,*,*,*
짜샤,,,,NNG,*,F,추가-짜샤,*,*,*,*
쯧쯧쯧,,,,NNG,*,T,추가-쯧쯧쯧,*,*,*,*
차려,,,,NNG,*,F,추가-차려,*,*,*,*
천만에,,,,NNG,*,F,추가-천만에,*,*,*,*
피이,,,,NNG,*,F,추가-피이,*,*,*,*
하이고,,,,NNG,*,F,추가-하이고,*,*,*,*
하하,,,,NNG,*,F,추가-하하,*,*,*,*
하하핫,,,,NNG,*,T,추가-하하핫,*,*,*,*
하핫,,,,NNG,*,T,추가-하핫,*,*,*,*
핫핫,,,,NNG,*,T,추가-핫핫,*,*,*,*
햐아,,,,NNG,*,F,추가-햐아,*,*,*,*
허어,,,,NNG,*,F,추가-허어,*,*,*,*
헛헛헛,,,,NNG,*,T,추가-헛헛헛,*,*,*,*
호오,,,,NNG,*,F,추가-호오,*,*,*,*
호호,,,,NNG,*,F,추가-호호,*,*,*,*
호호호,,,,NNG,*,F,추가-호호호,*,*,*,*
후여,,,,NNG,*,F,추가-후여,*,*,*,*
후우,,,,NNG,*,F,추가-후우,*,*,*,*
후이,,,,NNG,*,F,추가-후이,*,*,*,*
후훗,,,,NNG,*,T,추가-후훗,*,*,*,*
휴우,,,,NNG,*,F,추가-휴우,*,*,*,*
흐응,,,,NNG,*,T,추가-흐응,*,*,*,*
흐흥,,,,NNG,*,T,추가-흐흥,*,*,*,*
흑흑흑,,,,NNG,*,T,추가-흑흑흑,*,*,*,*
히야,,,,NNG,*,F,추가-히야,*,*,*,*
