곤백,,,,NR,*,T,추가-곤백,*,*,*,*
곱백,,,,NR,*,T,추가-곱백,*,*,*,*
구십,,,,NR,*,T,추가-구십,*,*,*,*
기백만,,,,NR,*,T,추가-기백만,*,*,*,*
기십만,,,,NR,*,T,추가-기십만,*,*,*,*
기만,,,,NR,*,T,추가-기만,*,*,*,*
기백,,,,NR,*,T,추가-기백,*,*,*,*
기십,,,,NR,*,T,추가-기십,*,*,*,*
기천,,,,NR,*,T,추가-기천,*,*,*,*
나술,,,,NR,*,T,추가-나술,*,*,*,*
나유다,,,,NR,*,F,추가-나유다,*,*,*,*
나유타,,,,NR,*,F,추가-나유타,*,*,*,*
너댓,,,,NR,*,T,추가-너댓,*,*,*,*
너더댓,,,,NR,*,T,추가-너더댓,*,*,*,*
너더댓째,,,,NR,*,F,추가-너더댓째,*,*,*,*
너덧,,,,NR,*,T,추가-너덧,*,*,*,*
너덧째,,,,NR,*,F,추가-너덧째,*,*,*,*
너이,,,,NR,*,F,추가-너이,*,*,*,*
너희,,,,NR,*,F,추가-너희,*,*,*,*
너히,,,,NR,*,F,추가-너히,*,*,*,*
네낫,,,,NR,*,T,추가-네낫,*,*,*,*
네다섯,,,,NR,*,T,추가-네다섯,*,*,*,*
네다슷,,,,NR,*,T,추가-네다슷,*,*,*,*
네다엿,,,,NR,*,T,추가-네다엿,*,*,*,*
네닷,,,,NR,*,T,추가-네닷,*,*,*,*
네댓,,,,NR,*,T,추가-네댓,*,*,*,*
네짜,,,,NR,*,F,추가-네짜,*,*,*,*
네째,,,,NR,*,F,추가-네째,*,*,*,*
네차,,,,NR,*,F,추가-네차,*,*,*,*
네차히,,,,NR,*,F,추가-네차히,*,*,*,*
네나,,,,NR,*,F,추가-네나,*,*,*,*
네다섯째,,,,NR,*,F,추가-네다섯째,*,*,*,*
네댓째,,,,NR,*,F,추가-네댓째,*,*,*,*
넷째,,,,NR,*,F,추가-넷째,*,*,*,*
녀이,,,,NR,*,F,추가-녀이,*,*,*,*
눅십,,,,NR,*,T,추가-눅십,*,*,*,*
뉵십,,,,NR,*,T,추가-뉵십,*,*,*,*
느이,,,,NR,*,F,추가-느이,*,*,*,*
니낫,,,,NR,*,T,추가-니낫,*,*,*,*
니댓,,,,NR,*,T,추가-니댓,*,*,*,*
닐야듧,,,,NR,*,T,추가-닐야듧,*,*,*,*
닐곱,,,,NR,*,T,추가-닐곱,*,*,*,*
닐구,,,,NR,*,F,추가-닐구,*,*,*,*
닐굽,,,,NR,*,T,추가-닐굽,*,*,*,*
닐굽재,,,,NR,*,F,추가-닐굽재,*,*,*,*
닐굽차,,,,NR,*,F,추가-닐굽차,*,*,*,*
닐굽차히,,,,NR,*,F,추가-닐굽차히,*,*,*,*
닐급,,,,NR,*,T,추가-닐급,*,*,*,*
닐흔,,,,NR,*,T,추가-닐흔,*,*,*,*
닛째,,,,NR,*,F,추가-닛째,*,*,*,*
닛차,,,,NR,*,F,추가-닛차,*,*,*,*
다서,,,,NR,*,F,추가-다서,*,*,*,*
다서여서,,,,NR,*,F,추가-다서여서,*,*,*,*
다서여섯,,,,NR,*,T,추가-다서여섯,*,*,*,*
다서이,,,,NR,*,F,추가-다서이,*,*,*,*
다석,,,,NR,*,T,추가-다석,*,*,*,*
다섯,,,,NR,*,T,추가-다섯,*,*,*,*
다섯낫,,,,NR,*,T,추가-다섯낫,*,*,*,*
다섯째,,,,NR,*,F,추가-다섯째,*,*,*,*
다솟,,,,NR,*,T,추가-다솟,*,*,*,*
다숫,,,,NR,*,T,추가-다숫,*,*,*,*
다스,,,,NR,*,F,추가-다스,*,*,*,*
다슷,,,,NR,*,T,추가-다슷,*,*,*,*
다슷낫,,,,NR,*,T,추가-다슷낫,*,*,*,*
다써,,,,NR,*,F,추가-다써,*,*,*,*
다쓰,,,,NR,*,F,추가-다쓰,*,*,*,*
다아,,,,NR,*,F,추가-다아,*,*,*,*
닷째,,,,NR,*,F,추가-닷째,*,*,*,*
닷스,,,,NR,*,F,추가-닷스,*,*,*,*
대야섯,,,,NR,*,T,추가-대야섯,*,*,*,*
대여서,,,,NR,*,F,추가-대여서,*,*,*,*
대여섯,,,,NR,*,T,추가-대여섯,*,*,*,*
대여슷,,,,NR,*,T,추가-대여슷,*,*,*,*
대여어,,,,NR,*,F,추가-대여어,*,*,*,*
대여엇,,,,NR,*,T,추가-대여엇,*,*,*,*
대엿,,,,NR,*,T,추가-대엿,*,*,*,*
대요슷,,,,NR,*,T,추가-대요슷,*,*,*,*
대여섯째,,,,NR,*,F,추가-대여섯째,*,*,*,*
대여어째,,,,NR,*,F,추가-대여어째,*,*,*,*
댓째,,,,NR,*,F,추가-댓째,*,*,*,*
두낫,,,,NR,*,T,추가-두낫,*,*,*,*
두섯,,,,NR,*,T,추가-두섯,*,*,*,*
두셋,,,,NR,*,T,추가-두셋,*,*,*,*
두싯,,,,NR,*,T,추가-두싯,*,*,*,*
두짜,,,,NR,*,F,추가-두짜,*,*,*,*
두째,,,,NR,*,F,추가-두째,*,*,*,*
두차,,,,NR,*,F,추가-두차,*,*,*,*
두채,,,,NR,*,F,추가-두채,*,*,*,*
두나,,,,NR,*,F,추가-두나,*,*,*,*
두리,,,,NR,*,F,추가-두리,*,*,*,*
두서너째,,,,NR,*,F,추가-두서너째,*,*,*,*
두서넛,,,,NR,*,T,추가-두서넛,*,*,*,*
두세째,,,,NR,*,F,추가-두세째,*,*,*,*
두어째,,,,NR,*,F,추가-두어째,*,*,*,*
두엇,,,,NR,*,T,추가-두엇,*,*,*,*
두우째,,,,NR,*,F,추가-두우째,*,*,*,*
두을,,,,NR,*,T,추가-두을,*,*,*,*
두훌,,,,NR,*,T,추가-두훌,*,*,*,*
두흘,,,,NR,*,T,추가-두흘,*,*,*,*
둘세,,,,NR,*,F,추가-둘세,*,*,*,*
둘째,,,,NR,*,F,추가-둘째,*,*,*,*
둘찌,,,,NR,*,F,추가-둘찌,*,*,*,*
둘차,,,,NR,*,F,추가-둘차,*,*,*,*
둘차히,,,,NR,*,F,추가-둘차히,*,*,*,*
둘채,,,,NR,*,F,추가-둘채,*,*,*,*
륙십,,,,NR,*,T,추가-륙십,*,*,*,*
마건,,,,NR,*,T,추가-마건,*,*,*,*
마근,,,,NR,*,T,추가-마근,*,*,*,*
마온,,,,NR,*,T,추가-마온,*,*,*,*
마은,,,,NR,*,T,추가-마은,*,*,*,*
마한,,,,NR,*,T,추가-마한,*,*,*,*
마혼,,,,NR,*,T,추가-마혼,*,*,*,*
마훈,,,,NR,*,T,추가-마훈,*,*,*,*
마흐나문,,,,NR,*,T,추가-마흐나문,*,*,*,*
마흔,,,,NR,*,T,추가-마흔,*,*,*,*
만만,,,,NR,*,T,추가-만만,*,*,*,*
멫멫,,,,NR,*,T,추가-멫멫,*,*,*,*
몇몇,,,,NR,*,T,추가-몇몇,*,*,*,*
모호,,,,NR,*,F,추가-모호,*,*,*,*
무량대수,,,,NR,*,F,추가-무량대수,*,*,*,*
무량수,,,,NR,*,F,추가-무량수,*,*,*,*
백만,,,,NR,*,T,추가-백만,*,*,*,*
불가사의,,,,NR,*,F,추가-불가사의,*,*,*,*
사십,,,,NR,*,T,추가-사십,*,*,*,*
산십,,,,NR,*,T,추가-산십,*,*,*,*
삼십,,,,NR,*,T,추가-삼십,*,*,*,*
상미두,,,,NR,*,F,추가-상미두,*,*,*,*
서넣,,,,NR,*,T,추가-서넣,*,*,*,*
서너너덧,,,,NR,*,T,추가-서너너덧,*,*,*,*
서너째,,,,NR,*,F,추가-서너째,*,*,*,*
서넛,,,,NR,*,T,추가-서넛,*,*,*,*
서런,,,,NR,*,T,추가-서런,*,*,*,*
서룬,,,,NR,*,T,추가-서룬,*,*,*,*
서르나문,,,,NR,*,T,추가-서르나문,*,*,*,*
서른,,,,NR,*,T,추가-서른,*,*,*,*
서이,,,,NR,*,F,추가-서이,*,*,*,*
서흔,,,,NR,*,T,추가-서흔,*,*,*,*
서히,,,,NR,*,F,추가-서히,*,*,*,*
설룬,,,,NR,*,T,추가-설룬,*,*,*,*
설훈,,,,NR,*,T,추가-설훈,*,*,*,*
설흔,,,,NR,*,T,추가-설흔,*,*,*,*
세낫,,,,NR,*,T,추가-세낫,*,*,*,*
세넷,,,,NR,*,T,추가-세넷,*,*,*,*
세차,,,,NR,*,F,추가-세차,*,*,*,*
세나,,,,NR,*,F,추가-세나,*,*,*,*
세나기,,,,NR,*,F,추가-세나기,*,*,*,*
세이,,,,NR,*,F,추가-세이,*,*,*,*
세차히,,,,NR,*,F,추가-세차히,*,*,*,*
셋째,,,,NR,*,F,추가-셋째,*,*,*,*
셔른,,,,NR,*,T,추가-셔른,*,*,*,*
셔이,,,,NR,*,F,추가-셔이,*,*,*,*
셜흔,,,,NR,*,T,추가-셜흔,*,*,*,*
수백만,,,,NR,*,T,추가-수백만,*,*,*,*
수백억,,,,NR,*,T,추가-수백억,*,*,*,*
수백조,,,,NR,*,F,추가-수백조,*,*,*,*
수십만,,,,NR,*,T,추가-수십만,*,*,*,*
수십억,,,,NR,*,T,추가-수십억,*,*,*,*
수십조,,,,NR,*,F,추가-수십조,*,*,*,*
수억만,,,,NR,*,T,추가-수억만,*,*,*,*
수천만,,,,NR,*,T,추가-수천만,*,*,*,*
수천억,,,,NR,*,T,추가-수천억,*,*,*,*
수천조,,,,NR,*,F,추가-수천조,*,*,*,*
수만,,,,NR,*,T,추가-수만,*,*,*,*
수멀,,,,NR,*,T,추가-수멀,*,*,*,*
수무남은,,,,NR,*,T,추가-수무남은,*,*,*,*
수무남짓,,,,NR,*,T,추가-수무남짓,*,*,*,*
수물,,,,NR,*,T,추가-수물,*,*,*,*
수믈,,,,NR,*,T,추가-수믈,*,*,*,*
수백,,,,NR,*,T,추가-수백,*,*,*,*
수십,,,,NR,*,T,추가-수십,*,*,*,*
수억,,,,NR,*,T,추가-수억,*,*,*,*
수유,,,,NR,*,F,추가-수유,*,*,*,*
수조,,,,NR,*,F,추가-수조,*,*,*,*
수천,,,,NR,*,T,추가-수천,*,*,*,*
수천수만,,,,NR,*,T,추가-수천수만,*,*,*,*
순식,,,,NR,*,T,추가-순식,*,*,*,*
쉬물,,,,NR,*,T,추가-쉬물,*,*,*,*
쉬운,,,,NR,*,T,추가-쉬운,*,*,*,*
쉬은,,,,NR,*,T,추가-쉬은,*,*,*,*
쉬훈,,,,NR,*,T,추가-쉬훈,*,*,*,*
쉬흔,,,,NR,*,T,추가-쉬흔,*,*,*,*
쉬힌,,,,NR,*,T,추가-쉬힌,*,*,*,*
슈인,,,,NR,*,T,추가-슈인,*,*,*,*
스무남은,,,,NR,*,T,추가-스무남은,*,*,*,*
스무남짓,,,,NR,*,T,추가-스무남짓,*,*,*,*
스무째,,,,NR,*,F,추가-스무째,*,*,*,*
스물,,,,NR,*,T,추가-스물,*,*,*,*
스물째,,,,NR,*,F,추가-스물째,*,*,*,*
스물두째,,,,NR,*,F,추가-스물두째,*,*,*,*
스물둘째,,,,NR,*,F,추가-스물둘째,*,*,*,*
스믈,,,,NR,*,T,추가-스믈,*,*,*,*
스믏,,,,NR,*,T,추가-스믏,*,*,*,*
스이,,,,NR,*,F,추가-스이,*,*,*,*
시나,,,,NR,*,F,추가-시나,*,*,*,*
시낫,,,,NR,*,T,추가-시낫,*,*,*,*
시물,,,,NR,*,T,추가-시물,*,*,*,*
시믈,,,,NR,*,T,추가-시믈,*,*,*,*
시운,,,,NR,*,T,추가-시운,*,*,*,*
시채,,,,NR,*,F,추가-시채,*,*,*,*
시훈,,,,NR,*,T,추가-시훈,*,*,*,*
시흔,,,,NR,*,T,추가-시흔,*,*,*,*
십만,,,,NR,*,T,추가-십만,*,*,*,*
싯째,,,,NR,*,F,추가-싯째,*,*,*,*
싯차,,,,NR,*,F,추가-싯차,*,*,*,*
써런,,,,NR,*,T,추가-써런,*,*,*,*
쑤물,,,,NR,*,T,추가-쑤물,*,*,*,*
아곱,,,,NR,*,T,추가-아곱,*,*,*,*
아근,,,,NR,*,T,추가-아근,*,*,*,*
아승기,,,,NR,*,F,추가-아승기,*,*,*,*
아오,,,,NR,*,F,추가-아오,*,*,*,*
아옵,,,,NR,*,T,추가-아옵,*,*,*,*
아웁,,,,NR,*,T,추가-아웁,*,*,*,*
아은,,,,NR,*,T,추가-아은,*,*,*,*
아읍,,,,NR,*,T,추가-아읍,*,*,*,*
아헌,,,,NR,*,T,추가-아헌,*,*,*,*
아호,,,,NR,*,F,추가-아호,*,*,*,*
아홉,,,,NR,*,T,추가-아홉,*,*,*,*
아홉째,,,,NR,*,F,추가-아홉째,*,*,*,*
아홉차,,,,NR,*,F,추가-아홉차,*,*,*,*
아홉차히,,,,NR,*,F,추가-아홉차히,*,*,*,*
아후,,,,NR,*,F,추가-아후,*,*,*,*
아훈,,,,NR,*,T,추가-아훈,*,*,*,*
아훕,,,,NR,*,T,추가-아훕,*,*,*,*
아흔,,,,NR,*,T,추가-아흔,*,*,*,*
아흡,,,,NR,*,T,추가-아흡,*,*,*,*
야닥,,,,NR,*,T,추가-야닥,*,*,*,*
야달,,,,NR,*,T,추가-야달,*,*,*,*
야답,,,,NR,*,T,추가-야답,*,*,*,*
야덜,,,,NR,*,T,추가-야덜,*,*,*,*
야덟,,,,NR,*,T,추가-야덟,*,*,*,*
야든,,,,NR,*,T,추가-야든,*,*,*,*
야들,,,,NR,*,T,추가-야들,*,*,*,*
야듧,,,,NR,*,T,추가-야듧,*,*,*,*
야뜨,,,,NR,*,F,추가-야뜨,*,*,*,*
야뜬,,,,NR,*,T,추가-야뜬,*,*,*,*
야뜰,,,,NR,*,T,추가-야뜰,*,*,*,*
야뜳,,,,NR,*,T,추가-야뜳,*,*,*,*
야섯,,,,NR,*,T,추가-야섯,*,*,*,*
야스,,,,NR,*,F,추가-야스,*,*,*,*
얘신,,,,NR,*,T,추가-얘신,*,*,*,*
억조,,,,NR,*,F,추가-억조,*,*,*,*
에닐곱,,,,NR,*,T,추가-에닐곱,*,*,*,*
에순,,,,NR,*,T,추가-에순,*,*,*,*
에신,,,,NR,*,T,추가-에신,*,*,*,*
여나무,,,,NR,*,F,추가-여나무,*,*,*,*
여나문,,,,NR,*,T,추가-여나문,*,*,*,*
여나뭇,,,,NR,*,T,추가-여나뭇,*,*,*,*
여나므,,,,NR,*,F,추가-여나므,*,*,*,*
여남,,,,NR,*,T,추가-여남,*,*,*,*
여남은,,,,NR,*,T,추가-여남은,*,*,*,*
여닐곱,,,,NR,*,T,추가-여닐곱,*,*,*,*
여닐굽,,,,NR,*,T,추가-여닐굽,*,*,*,*
여남째,,,,NR,*,F,추가-여남째,*,*,*,*
여남은째,,,,NR,*,F,추가-여남은째,*,*,*,*
여달,,,,NR,*,T,추가-여달,*,*,*,*
여답,,,,NR,*,T,추가-여답,*,*,*,*
여던,,,,NR,*,T,추가-여던,*,*,*,*
여덟,,,,NR,*,T,추가-여덟,*,*,*,*
여덟아홉,,,,NR,*,T,추가-여덟아홉,*,*,*,*
여덟째,,,,NR,*,F,추가-여덟째,*,*,*,*
여덥,,,,NR,*,T,추가-여덥,*,*,*,*
여덧,,,,NR,*,T,추가-여덧,*,*,*,*
여드,,,,NR,*,F,추가-여드,*,*,*,*
여드남은,,,,NR,*,T,추가-여드남은,*,*,*,*
여든,,,,NR,*,T,추가-여든,*,*,*,*
여듧,,,,NR,*,T,추가-여듧,*,*,*,*
여듧차,,,,NR,*,F,추가-여듧차,*,*,*,*
여듧차히,,,,NR,*,F,추가-여듧차히,*,*,*,*
여떨,,,,NR,*,T,추가-여떨,*,*,*,*
여라문,,,,NR,*,T,추가-여라문,*,*,*,*
여람,,,,NR,*,T,추가-여람,*,*,*,*
여삿,,,,NR,*,T,추가-여삿,*,*,*,*
여서,,,,NR,*,F,추가-여서,*,*,*,*
여섭,,,,NR,*,T,추가-여섭,*,*,*,*
여섯,,,,NR,*,T,추가-여섯,*,*,*,*
여섯째,,,,NR,*,F,추가-여섯째,*,*,*,*
여섯체,,,,NR,*,F,추가-여섯체,*,*,*,*
여셋,,,,NR,*,T,추가-여셋,*,*,*,*
여순,,,,NR,*,T,추가-여순,*,*,*,*
여쉰,,,,NR,*,T,추가-여쉰,*,*,*,*
여슨,,,,NR,*,T,추가-여슨,*,*,*,*
여슬,,,,NR,*,T,추가-여슬,*,*,*,*
여슷,,,,NR,*,T,추가-여슷,*,*,*,*
여슷차,,,,NR,*,F,추가-여슷차,*,*,*,*
여슷차히,,,,NR,*,F,추가-여슷차히,*,*,*,*
여신,,,,NR,*,T,추가-여신,*,*,*,*
여싯,,,,NR,*,T,추가-여싯,*,*,*,*
여썻,,,,NR,*,T,추가-여썻,*,*,*,*
여쑤,,,,NR,*,F,추가-여쑤,*,*,*,*
여쓰,,,,NR,*,F,추가-여쓰,*,*,*,*
여어,,,,NR,*,F,추가-여어,*,*,*,*
여털,,,,NR,*,T,추가-여털,*,*,*,*
엳아홉,,,,NR,*,T,추가-엳아홉,*,*,*,*
엳아홉째,,,,NR,*,F,추가-엳아홉째,*,*,*,*
열나무,,,,NR,*,F,추가-열나무,*,*,*,*
열댓,,,,NR,*,T,추가-열댓,*,*,*,*
열아문,,,,NR,*,T,추가-열아문,*,*,*,*
열째,,,,NR,*,F,추가-열째,*,*,*,*
열차,,,,NR,*,F,추가-열차,*,*,*,*
열차히,,,,NR,*,F,추가-열차히,*,*,*,*
열두째,,,,NR,*,F,추가-열두째,*,*,*,*
열둘째,,,,NR,*,F,추가-열둘째,*,*,*,*
열둘차,,,,NR,*,F,추가-열둘차,*,*,*,*
열둘차히,,,,NR,*,F,추가-열둘차히,*,*,*,*
열한째,,,,NR,*,F,추가-열한째,*,*,*,*
엿스,,,,NR,*,F,추가-엿스,*,*,*,*
예닐곱,,,,NR,*,T,추가-예닐곱,*,*,*,*
예닐굽,,,,NR,*,T,추가-예닐굽,*,*,*,*
예슬곱,,,,NR,*,T,추가-예슬곱,*,*,*,*
예일곱,,,,NR,*,T,추가-예일곱,*,*,*,*
예닐곱째,,,,NR,*,F,추가-예닐곱째,*,*,*,*
예레,,,,NR,*,F,추가-예레,*,*,*,*
예수남은,,,,NR,*,T,추가-예수남은,*,*,*,*
예수나문,,,,NR,*,T,추가-예수나문,*,*,*,*
예순,,,,NR,*,T,추가-예순,*,*,*,*
예쉬남은,,,,NR,*,T,추가-예쉬남은,*,*,*,*
예쉰,,,,NR,*,T,추가-예쉰,*,*,*,*
예슨,,,,NR,*,T,추가-예슨,*,*,*,*
예신,,,,NR,*,T,추가-예신,*,*,*,*
예실곱,,,,NR,*,T,추가-예실곱,*,*,*,*
오십,,,,NR,*,T,추가-오십,*,*,*,*
옥상,,,,NR,*,T,추가-옥상,*,*,*,*
외순,,,,NR,*,T,추가-외순,*,*,*,*
요나문,,,,NR,*,T,추가-요나문,*,*,*,*
요답,,,,NR,*,T,추가-요답,*,*,*,*
요드남은,,,,NR,*,T,추가-요드남은,*,*,*,*
요든,,,,NR,*,T,추가-요든,*,*,*,*
요섯,,,,NR,*,T,추가-요섯,*,*,*,*
요슷,,,,NR,*,T,추가-요슷,*,*,*,*
웨신,,,,NR,*,T,추가-웨신,*,*,*,*
위순,,,,NR,*,T,추가-위순,*,*,*,*
위신,,,,NR,*,T,추가-위신,*,*,*,*
육덕,,,,NR,*,T,추가-육덕,*,*,*,*
육십,,,,NR,*,T,추가-육십,*,*,*,*
이순,,,,NR,*,T,추가-이순,*,*,*,*
이신,,,,NR,*,T,추가-이신,*,*,*,*
이십,,,,NR,*,T,추가-이십,*,*,*,*
이외순,,,,NR,*,T,추가-이외순,*,*,*,*
이흔,,,,NR,*,T,추가-이흔,*,*,*,*
일여덜,,,,NR,*,T,추가-일여덜,*,*,*,*
일여덟,,,,NR,*,T,추가-일여덟,*,*,*,*
일고,,,,NR,*,F,추가-일고,*,*,*,*
일고여덟,,,,NR,*,T,추가-일고여덟,*,*,*,*
일고여덥,,,,NR,*,T,추가-일고여덥,*,*,*,*
일고요덥,,,,NR,*,T,추가-일고요덥,*,*,*,*
일고여덟째,,,,NR,*,F,추가-일고여덟째,*,*,*,*
일곰,,,,NR,*,T,추가-일곰,*,*,*,*
일곱,,,,NR,*,T,추가-일곱,*,*,*,*
일곱야달,,,,NR,*,T,추가-일곱야달,*,*,*,*
일곱여달,,,,NR,*,T,추가-일곱여달,*,*,*,*
일곱여덟,,,,NR,*,T,추가-일곱여덟,*,*,*,*
일곱째,,,,NR,*,F,추가-일곱째,*,*,*,*
일구,,,,NR,*,F,추가-일구,*,*,*,*
일구여덟,,,,NR,*,T,추가-일구여덟,*,*,*,*
일굽,,,,NR,*,T,추가-일굽,*,*,*,*
일꼬,,,,NR,*,F,추가-일꼬,*,*,*,*
일른,,,,NR,*,T,추가-일른,*,*,*,*
일백,,,,NR,*,T,추가-일백,*,*,*,*
일여덟째,,,,NR,*,F,추가-일여덟째,*,*,*,*
일천,,,,NR,*,T,추가-일천,*,*,*,*
일큰,,,,NR,*,T,추가-일큰,*,*,*,*
일훈,,,,NR,*,T,추가-일훈,*,*,*,*
일흔,,,,NR,*,T,추가-일흔,*,*,*,*
잇여덜,,,,NR,*,T,추가-잇여덜,*,*,*,*
준순,,,,NR,*,T,추가-준순,*,*,*,*
즈믄,,,,NR,*,T,추가-즈믄,*,*,*,*
찰나,,,,NR,*,F,추가-찰나,*,*,*,*
천만,,,,NR,*,T,추가-천만,*,*,*,*
첫재,,,,NR,*,F,추가-첫재,*,*,*,*
첫짜,,,,NR,*,F,추가-첫짜,*,*,*,*
첫째,,,,NR,*,F,추가-첫째,*,*,*,*
첫차,,,,NR,*,F,추가-첫차,*,*,*,*
청정,,,,NR,*,T,추가-청정,*,*,*,*
칠십,,,,NR,*,T,추가-칠십,*,*,*,*
탄지,,,,NR,*,F,추가-탄지,*,*,*,*
팔십,,,,NR,*,T,추가-팔십,*,*,*,*
하나,,,,NR,*,F,추가-하나,*,*,*,*
하나둘,,,,NR,*,T,추가-하나둘,*,*,*,*
하낙,,,,NR,*,T,추가-하낙,*,*,*,*
하내,,,,NR,*,F,추가-하내,*,*,*,*
하내기,,,,NR,*,F,추가-하내기,*,*,*,*
하내이,,,,NR,*,F,추가-하내이,*,*,*,*
한둘,,,,NR,*,T,추가-한둘,*,*,*,*
한나,,,,NR,*,F,추가-한나,*,*,*,*
한내,,,,NR,*,F,추가-한내,*,*,*,*
한두째,,,,NR,*,F,추가-한두째,*,*,*,*
항하사,,,,NR,*,F,추가-항하사,*,*,*,*
허공,,,,NR,*,T,추가-허공,*,*,*,*
혀나믄,,,,NR,*,T,추가-혀나믄,*,*,*,*
구백,,,,NR,*,T,추가-구백,*,*,*,*
구십,,,,NR,*,T,추가-구십,*,*,*,*
기백만,,,,NR,*,T,추가-기백만,*,*,*,*
기십만,,,,NR,*,T,추가-기십만,*,*,*,*
기천,,,,NR,*,T,추가-기천,*,*,*,*
너댓,,,,NR,*,T,추가-너댓,*,*,*,*
너더댓,,,,NR,*,T,추가-너더댓,*,*,*,*
너덧,,,,NR,*,T,추가-너덧,*,*,*,*
네댓,,,,NR,*,T,추가-네댓,*,*,*,*
네째,,,,NR,*,F,추가-네째,*,*,*,*
다섯,,,,NR,*,T,추가-다섯,*,*,*,*
다섯째,,,,NR,*,F,추가-다섯째,*,*,*,*
대여섯,,,,NR,*,T,추가-대여섯,*,*,*,*
두셋,,,,NR,*,T,추가-두셋,*,*,*,*
두엇,,,,NR,*,T,추가-두엇,*,*,*,*
둘째,,,,NR,*,F,추가-둘째,*,*,*,*
마흔,,,,NR,*,T,추가-마흔,*,*,*,*
백만,,,,NR,*,T,추가-백만,*,*,*,*
백억,,,,NR,*,T,추가-백억,*,*,*,*
사만,,,,NR,*,T,추가-사만,*,*,*,*
사십,,,,NR,*,T,추가-사십,*,*,*,*
사오만,,,,NR,*,T,추가-사오만,*,*,*,*
사오십,,,,NR,*,T,추가-사오십,*,*,*,*
삼만,,,,NR,*,T,추가-삼만,*,*,*,*
삼백만,,,,NR,*,T,추가-삼백만,*,*,*,*
삼사만,,,,NR,*,T,추가-삼사만,*,*,*,*
삼사천,,,,NR,*,T,추가-삼사천,*,*,*,*
삼십,,,,NR,*,T,추가-삼십,*,*,*,*
삼십만,,,,NR,*,T,추가-삼십만,*,*,*,*
삼천,,,,NR,*,T,추가-삼천,*,*,*,*
서넛,,,,NR,*,T,추가-서넛,*,*,*,*
서른,,,,NR,*,T,추가-서른,*,*,*,*
세째,,,,NR,*,F,추가-세째,*,*,*,*
셋째,,,,NR,*,F,추가-셋째,*,*,*,*
수만,,,,NR,*,T,추가-수만,*,*,*,*
수백,,,,NR,*,T,추가-수백,*,*,*,*
수백만,,,,NR,*,T,추가-수백만,*,*,*,*
수백억,,,,NR,*,T,추가-수백억,*,*,*,*
수십,,,,NR,*,T,추가-수십,*,*,*,*
수십만,,,,NR,*,T,추가-수십만,*,*,*,*
수십억,,,,NR,*,T,추가-수십억,*,*,*,*
수십조,,,,NR,*,F,추가-수십조,*,*,*,*
수억,,,,NR,*,T,추가-수억,*,*,*,*
수천만,,,,NR,*,T,추가-수천만,*,*,*,*
수천억,,,,NR,*,T,추가-수천억,*,*,*,*
스물,,,,NR,*,T,추가-스물,*,*,*,*
십만,,,,NR,*,T,추가-십만,*,*,*,*
십수,,,,NR,*,F,추가-십수,*,*,*,*
십억,,,,NR,*,T,추가-십억,*,*,*,*
십오,,,,NR,*,F,추가-십오,*,*,*,*
십오만,,,,NR,*,T,추가-십오만,*,*,*,*
십팔,,,,NR,*,T,추가-십팔,*,*,*,*
아홉,,,,NR,*,T,추가-아홉,*,*,*,*
아홉째,,,,NR,*,F,추가-아홉째,*,*,*,*
아흔,,,,NR,*,T,추가-아흔,*,*,*,*
억만,,,,NR,*,T,추가-억만,*,*,*,*
여남은,,,,NR,*,T,추가-여남은,*,*,*,*
여덟,,,,NR,*,T,추가-여덟,*,*,*,*
여덟째,,,,NR,*,F,추가-여덟째,*,*,*,*
여든,,,,NR,*,T,추가-여든,*,*,*,*
여만,,,,NR,*,T,추가-여만,*,*,*,*
여섯,,,,NR,*,T,추가-여섯,*,*,*,*
여섯째,,,,NR,*,F,추가-여섯째,*,*,*,*
열다섯,,,,NR,*,T,추가-열다섯,*,*,*,*
열댓,,,,NR,*,T,추가-열댓,*,*,*,*
열두,,,,NR,*,F,추가-열두,*,*,*,*
열여덟,,,,NR,*,T,추가-열여덟,*,*,*,*
열여섯,,,,NR,*,T,추가-열여섯,*,*,*,*
예닐곱,,,,NR,*,T,추가-예닐곱,*,*,*,*
예순,,,,NR,*,T,추가-예순,*,*,*,*
오백,,,,NR,*,T,추가-오백,*,*,*,*
오백만,,,,NR,*,T,추가-오백만,*,*,*,*
오십,,,,NR,*,T,추가-오십,*,*,*,*
오십만,,,,NR,*,T,추가-오십만,*,*,*,*
육만,,,,NR,*,T,추가-육만,*,*,*,*
육백,,,,NR,*,T,추가-육백,*,*,*,*
육십,,,,NR,*,T,추가-육십,*,*,*,*
육십만,,,,NR,*,T,추가-육십만,*,*,*,*
육천,,,,NR,*,T,추가-육천,*,*,*,*
이백만,,,,NR,*,T,추가-이백만,*,*,*,*
이삼,,,,NR,*,T,추가-이삼,*,*,*,*
이삼십,,,,NR,*,T,추가-이삼십,*,*,*,*
이삼십만,,,,NR,*,T,추가-이삼십만,*,*,*,*
이십,,,,NR,*,T,추가-이십,*,*,*,*
이십구,,,,NR,*,F,추가-이십구,*,*,*,*
이십만,,,,NR,*,T,추가-이십만,*,*,*,*
이천만,,,,NR,*,T,추가-이천만,*,*,*,*
일고여덟,,,,NR,*,T,추가-일고여덟,*,*,*,*
일곱,,,,NR,*,T,추가-일곱,*,*,*,*
일곱째,,,,NR,*,F,추가-일곱째,*,*,*,*
일만,,,,NR,*,T,추가-일만,*,*,*,*
일백,,,,NR,*,T,추가-일백,*,*,*,*
일백만,,,,NR,*,T,추가-일백만,*,*,*,*
일억,,,,NR,*,T,추가-일억,*,*,*,*
일천만,,,,NR,*,T,추가-일천만,*,*,*,*
일흔,,,,NR,*,T,추가-일흔,*,*,*,*
즈믄,,,,NR,*,T,추가-즈믄,*,*,*,*
천억,,,,NR,*,T,추가-천억,*,*,*,*
첫째,,,,NR,*,F,추가-첫째,*,*,*,*
칠만,,,,NR,*,T,추가-칠만,*,*,*,*
칠백,,,,NR,*,T,추가-칠백,*,*,*,*
칠백만,,,,NR,*,T,추가-칠백만,*,*,*,*
칠십,,,,NR,*,T,추가-칠십,*,*,*,*
칠십만,,,,NR,*,T,추가-칠십만,*,*,*,*
칠천,,,,NR,*,T,추가-칠천,*,*,*,*
칠팔,,,,NR,*,T,추가-칠팔,*,*,*,*
칠팔십,,,,NR,*,T,추가-칠팔십,*,*,*,*
팔만,,,,NR,*,T,추가-팔만,*,*,*,*
팔백,,,,NR,*,T,추가-팔백,*,*,*,*
팔십,,,,NR,*,T,추가-팔십,*,*,*,*
팔천,,,,NR,*,T,추가-팔천,*,*,*,*
하낫,,,,NR,*,T,추가-하낫,*,*,*,*
한둘,,,,NR,*,T,추가-한둘,*,*,*,*
