가락,,,,NNB,*,T,추가-가락,*,*,*,*
가롱,,,,NNB,*,T,추가-가롱,*,*,*,*
가마,,,,NNB,*,F,추가-가마,*,*,*,*
가새,,,,NNB,*,F,추가-가새,*,*,*,*
가시여,,,,NNB,*,F,추가-가시여,*,*,*,*
가우,,,,NNB,*,F,추가-가우,*,*,*,*
가우스,,,,NNB,*,F,추가-가우스,*,*,*,*
가위,,,,NNB,*,F,추가-가위,*,*,*,*
가지,,,,NNB,*,F,추가-가지,*,*,*,*
가호,,,,NNB,*,F,추가-가호,*,*,*,*
각수,,,,NNB,*,F,추가-각수,*,*,*,*
간데,,,,NNB,*,F,추가-간데,*,*,*,*
간데라,,,,NNB,*,F,추가-간데라,*,*,*,*
간뎅이,,,,NNB,*,F,추가-간뎅이,*,*,*,*
간디,,,,NNB,*,F,추가-간디,*,*,*,*
간통,,,,NNB,*,T,추가-간통,*,*,*,*
갈이,,,,NNB,*,F,추가-갈이,*,*,*,*
갈라,,,,NNB,*,F,추가-갈라,*,*,*,*
감마,,,,NNB,*,F,추가-감마,*,*,*,*
강다리,,,,NNB,*,F,추가-강다리,*,*,*,*
개국,,,,NNB,*,T,추가-개국,*,*,*,*
개년,,,,NNB,*,T,추가-개년,*,*,*,*
개벡,,,,NNB,*,T,추가-개벡,*,*,*,*
개사,,,,NNB,*,F,추가-개사,*,*,*,*
개소,,,,NNB,*,F,추가-개소,*,*,*,*
개월,,,,NNB,*,T,추가-개월,*,*,*,*
개조,,,,NNB,*,F,추가-개조,*,*,*,*
갤런,,,,NNB,*,T,추가-갤런,*,*,*,*
갤론,,,,NNB,*,T,추가-갤론,*,*,*,*
거게,,,,NNB,*,F,추가-거게,*,*,*,*
거듬,,,,NNB,*,T,추가-거듬,*,*,*,*
거리,,,,NNB,*,F,추가-거리,*,*,*,*
거리,,,,NNB,*,F,추가-거리,*,*,*,*
거리,,,,NNB,*,F,추가-거리,*,*,*,*
건지,,,,NNB,*,F,추가-건지,*,*,*,*
걸레,,,,NNB,*,F,추가-걸레,*,*,*,*
게라,,,,NNB,*,F,추가-게라,*,*,*,*
게를,,,,NNB,*,T,추가-게를,*,*,*,*
게릴,,,,NNB,*,T,추가-게릴,*,*,*,*
게브,,,,NNB,*,F,추가-게브,*,*,*,*
겨를,,,,NNB,*,T,추가-겨를,*,*,*,*
경톤,,,,NNB,*,T,추가-경톤,*,*,*,*
고랑,,,,NNB,*,T,추가-고랑,*,*,*,*
고랑배미,,,,NNB,*,F,추가-고랑배미,*,*,*,*
고래이,,,,NNB,*,F,추가-고래이,*,*,*,*
고랭,,,,NNB,*,T,추가-고랭,*,*,*,*
고리,,,,NNB,*,F,추가-고리,*,*,*,*
고비,,,,NNB,*,F,추가-고비,*,*,*,*
곡지,,,,NNB,*,F,추가-곡지,*,*,*,*
곤데,,,,NNB,*,F,추가-곤데,*,*,*,*
골랑,,,,NNB,*,T,추가-골랑,*,*,*,*
광년,,,,NNB,*,T,추가-광년,*,*,*,*
광촉,,,,NNB,*,T,추가-광촉,*,*,*,*
교시,,,,NNB,*,F,추가-교시,*,*,*,*
교차단위,,,,NNB,*,F,추가-교차단위,*,*,*,*
구데,,,,NNB,*,F,추가-구데,*,*,*,*
국제볼트,,,,NNB,*,F,추가-국제볼트,*,*,*,*
국제암페어,,,,NNB,*,F,추가-국제암페어,*,*,*,*
국제옴,,,,NNB,*,T,추가-국제옴,*,*,*,*
국제옹스트롬,,,,NNB,*,T,추가-국제옹스트롬,*,*,*,*
국제와트,,,,NNB,*,F,추가-국제와트,*,*,*,*
군데,,,,NNB,*,F,추가-군데,*,*,*,*
그람원자,,,,NNB,*,F,추가-그람원자,*,*,*,*
그람그레이,,,,NNB,*,F,추가-그람그레이,*,*,*,*
그람카로리,,,,NNB,*,F,추가-그람카로리,*,*,*,*
그램,,,,NNB,*,T,추가-그램,*,*,*,*
그램당량,,,,NNB,*,T,추가-그램당량,*,*,*,*
그램분자,,,,NNB,*,F,추가-그램분자,*,*,*,*
그램분자량,,,,NNB,*,T,추가-그램분자량,*,*,*,*
그램원자,,,,NNB,*,F,추가-그램원자,*,*,*,*
그램원자량,,,,NNB,*,T,추가-그램원자량,*,*,*,*
그램이온,,,,NNB,*,T,추가-그램이온,*,*,*,*
그램중,,,,NNB,*,T,추가-그램중,*,*,*,*
그램칼로리,,,,NNB,*,F,추가-그램칼로리,*,*,*,*
그램톤,,,,NNB,*,T,추가-그램톤,*,*,*,*
그램화학식량,,,,NNB,*,T,추가-그램화학식량,*,*,*,*
그램힘,,,,NNB,*,T,추가-그램힘,*,*,*,*
그램분자부피,,,,NNB,*,F,추가-그램분자부피,*,*,*,*
그레이,,,,NNB,*,F,추가-그레이,*,*,*,*
그레이드,,,,NNB,*,F,추가-그레이드,*,*,*,*
그레인,,,,NNB,*,T,추가-그레인,*,*,*,*
그로셴,,,,NNB,*,T,추가-그로셴,*,*,*,*
그로스,,,,NNB,*,F,추가-그로스,*,*,*,*
그로스톤,,,,NNB,*,T,추가-그로스톤,*,*,*,*
그루,,,,NNB,*,F,추가-그루,*,*,*,*
근쭝,,,,NNB,*,T,추가-근쭝,*,*,*,*
글그,,,,NNB,*,F,추가-글그,*,*,*,*
기가,,,,NNB,*,F,추가-기가,*,*,*,*
기가,,,,NNB,*,F,추가-기가,*,*,*,*
기가미터,,,,NNB,*,F,추가-기가미터,*,*,*,*
기가바이트,,,,NNB,*,F,추가-기가바이트,*,*,*,*
기가비트,,,,NNB,*,F,추가-기가비트,*,*,*,*
기가사이클,,,,NNB,*,T,추가-기가사이클,*,*,*,*
기가전자볼트,,,,NNB,*,F,추가-기가전자볼트,*,*,*,*
기가헤르츠,,,,NNB,*,F,추가-기가헤르츠,*,*,*,*
기가플롭스,,,,NNB,*,F,추가-기가플롭스,*,*,*,*
기니,,,,NNB,*,F,추가-기니,*,*,*,*
길더,,,,NNB,*,F,추가-길더,*,*,*,*
길버트,,,,NNB,*,F,추가-길버트,*,*,*,*
까벨트,,,,NNB,*,F,추가-까벨트,*,*,*,*
깍지,,,,NNB,*,F,추가-깍지,*,*,*,*
깜장,,,,NNB,*,T,추가-깜장,*,*,*,*
꼬랭,,,,NNB,*,T,추가-꼬랭,*,*,*,*
꼬리이,,,,NNB,*,F,추가-꼬리이,*,*,*,*
꼭지,,,,NNB,*,F,추가-꼭지,*,*,*,*
나노그램,,,,NNB,*,T,추가-나노그램,*,*,*,*
나노몰,,,,NNB,*,T,추가-나노몰,*,*,*,*
나노미터,,,,NNB,*,F,추가-나노미터,*,*,*,*
나노볼트,,,,NNB,*,F,추가-나노볼트,*,*,*,*
나노세컨드,,,,NNB,*,F,추가-나노세컨드,*,*,*,*
나노앰프,,,,NNB,*,F,추가-나노앰프,*,*,*,*
나노에이커,,,,NNB,*,F,추가-나노에이커,*,*,*,*
나노와트,,,,NNB,*,F,추가-나노와트,*,*,*,*
나노초,,,,NNB,*,F,추가-나노초,*,*,*,*
나노메터,,,,NNB,*,F,추가-나노메터,*,*,*,*
나름,,,,NNB,*,T,추가-나름,*,*,*,*
나마,,,,NNB,*,F,추가-나마,*,*,*,*
나머,,,,NNB,*,F,추가-나머,*,*,*,*
나무,,,,NNB,*,F,추가-나무,*,*,*,*
나문,,,,NNB,*,T,추가-나문,*,*,*,*
나므,,,,NNB,*,F,추가-나므,*,*,*,*
나부락,,,,NNB,*,T,추가-나부락,*,*,*,*
나시기,,,,NNB,*,F,추가-나시기,*,*,*,*
나우,,,,NNB,*,F,추가-나우,*,*,*,*
나우사가리,,,,NNB,*,F,추가-나우사가리,*,*,*,*
나우사강이,,,,NNB,*,F,추가-나우사강이,*,*,*,*
나우사겡이,,,,NNB,*,F,추가-나우사겡이,*,*,*,*
나우사리,,,,NNB,*,F,추가-나우사리,*,*,*,*
나우셍이,,,,NNB,*,F,추가-나우셍이,*,*,*,*
나울,,,,NNB,*,T,추가-나울,*,*,*,*
나위,,,,NNB,*,F,추가-나위,*,*,*,*
나위다가리,,,,NNB,*,F,추가-나위다가리,*,*,*,*
나위사가리,,,,NNB,*,F,추가-나위사가리,*,*,*,*
나위사리,,,,NNB,*,F,추가-나위사리,*,*,*,*
나이,,,,NNB,*,F,추가-나이,*,*,*,*
나잘,,,,NNB,*,T,추가-나잘,*,*,*,*
나절,,,,NNB,*,T,추가-나절,*,*,*,*
나질,,,,NNB,*,T,추가-나질,*,*,*,*
남즛,,,,NNB,*,T,추가-남즛,*,*,*,*
남짓,,,,NNB,*,T,추가-남짓,*,*,*,*
냉동톤,,,,NNB,*,T,추가-냉동톤,*,*,*,*
냥중,,,,NNB,*,T,추가-냥중,*,*,*,*
냥쭝,,,,NNB,*,T,추가-냥쭝,*,*,*,*
너석,,,,NNB,*,T,추가-너석,*,*,*,*
너이,,,,NNB,*,F,추가-너이,*,*,*,*
넉석,,,,NNB,*,T,추가-넉석,*,*,*,*
넌석,,,,NNB,*,T,추가-넌석,*,*,*,*
네퍼,,,,NNB,*,F,추가-네퍼,*,*,*,*
녀석,,,,NNB,*,T,추가-녀석,*,*,*,*
년대,,,,NNB,*,F,추가-년대,*,*,*,*
년도,,,,NNB,*,F,추가-년도,*,*,*,*
년생,,,,NNB,*,T,추가-년생,*,*,*,*
년석,,,,NNB,*,T,추가-년석,*,*,*,*
노르말,,,,NNB,*,T,추가-노르말,*,*,*,*
노리,,,,NNB,*,F,추가-노리,*,*,*,*
노말,,,,NNB,*,T,추가-노말,*,*,*,*
노이,,,,NNB,*,F,추가-노이,*,*,*,*
노트,,,,NNB,*,F,추가-노트,*,*,*,*
뉴턴,,,,NNB,*,T,추가-뉴턴,*,*,*,*
뉴턴미터,,,,NNB,*,F,추가-뉴턴미터,*,*,*,*
니트,,,,NNB,*,F,추가-니트,*,*,*,*
다라미,,,,NNB,*,F,추가-다라미,*,*,*,*
다름,,,,NNB,*,T,추가-다름,*,*,*,*
다릭,,,,NNB,*,T,추가-다릭,*,*,*,*
다스,,,,NNB,*,F,추가-다스,*,*,*,*
다인,,,,NNB,*,T,추가-다인,*,*,*,*
다임,,,,NNB,*,T,추가-다임,*,*,*,*
다히,,,,NNB,*,F,추가-다히,*,*,*,*
단보,,,,NNB,*,F,추가-단보,*,*,*,*
달란트,,,,NNB,*,F,추가-달란트,*,*,*,*
달러,,,,NNB,*,F,추가-달러,*,*,*,*
달톤,,,,NNB,*,T,추가-달톤,*,*,*,*
담불,,,,NNB,*,T,추가-담불,*,*,*,*
대공,,,,NNB,*,T,추가-대공,*,*,*,*
대곡,,,,NNB,*,T,추가-대곡,*,*,*,*
대괵,,,,NNB,*,T,추가-대괵,*,*,*,*
대로,,,,NNB,*,F,추가-대로,*,*,*,*
대루,,,,NNB,*,F,추가-대루,*,*,*,*
더끼,,,,NNB,*,F,추가-더끼,*,*,*,*
데끔,,,,NNB,*,T,추가-데끔,*,*,*,*
데나리온,,,,NNB,*,T,추가-데나리온,*,*,*,*
데니어,,,,NNB,*,F,추가-데니어,*,*,*,*
데시그램,,,,NNB,*,T,추가-데시그램,*,*,*,*
데시리터,,,,NNB,*,F,추가-데시리터,*,*,*,*
데시미터,,,,NNB,*,F,추가-데시미터,*,*,*,*
데시벨,,,,NNB,*,T,추가-데시벨,*,*,*,*
데시아르,,,,NNB,*,F,추가-데시아르,*,*,*,*
데카그램,,,,NNB,*,T,추가-데카그램,*,*,*,*
데카리터,,,,NNB,*,F,추가-데카리터,*,*,*,*
데카미터,,,,NNB,*,F,추가-데카미터,*,*,*,*
데카르,,,,NNB,*,F,추가-데카르,*,*,*,*
데카암페어,,,,NNB,*,F,추가-데카암페어,*,*,*,*
데캐어,,,,NNB,*,F,추가-데캐어,*,*,*,*
도랑,,,,NNB,*,T,추가-도랑,*,*,*,*
도름,,,,NNB,*,T,추가-도름,*,*,*,*
도브슨단위,,,,NNB,*,F,추가-도브슨단위,*,*,*,*
도일,,,,NNB,*,T,추가-도일,*,*,*,*
돈쭝,,,,NNB,*,T,추가-돈쭝,*,*,*,*
돈사,,,,NNB,*,F,추가-돈사,*,*,*,*
돈중,,,,NNB,*,T,추가-돈중,*,*,*,*
돌기,,,,NNB,*,F,추가-돌기,*,*,*,*
돌이,,,,NNB,*,F,추가-돌이,*,*,*,*
돌턴,,,,NNB,*,T,추가-돌턴,*,*,*,*
동무니,,,,NNB,*,F,추가-동무니,*,*,*,*
동사니,,,,NNB,*,F,추가-동사니,*,*,*,*
동사이,,,,NNB,*,F,추가-동사이,*,*,*,*
동치기,,,,NNB,*,F,추가-동치기,*,*,*,*
되지기,,,,NNB,*,F,추가-되지기,*,*,*,*
두락,,,,NNB,*,T,추가-두락,*,*,*,*
두럭,,,,NNB,*,T,추가-두럭,*,*,*,*
두렁,,,,NNB,*,T,추가-두렁,*,*,*,*
두렘,,,,NNB,*,T,추가-두렘,*,*,*,*
두루미,,,,NNB,*,F,추가-두루미,*,*,*,*
두룸,,,,NNB,*,T,추가-두룸,*,*,*,*
두룹,,,,NNB,*,T,추가-두룹,*,*,*,*
두르미,,,,NNB,*,F,추가-두르미,*,*,*,*
두름,,,,NNB,*,T,추가-두름,*,*,*,*
두리,,,,NNB,*,F,추가-두리,*,*,*,*
두리미,,,,NNB,*,F,추가-두리미,*,*,*,*
두림,,,,NNB,*,T,추가-두림,*,*,*,*
둘굼,,,,NNB,*,T,추가-둘굼,*,*,*,*
둘금,,,,NNB,*,T,추가-둘금,*,*,*,*
드라크마,,,,NNB,*,F,추가-드라크마,*,*,*,*
드램,,,,NNB,*,T,추가-드램,*,*,*,*
드렁,,,,NNB,*,T,추가-드렁,*,*,*,*
드룸,,,,NNB,*,T,추가-드룸,*,*,*,*
드키,,,,NNB,*,F,추가-드키,*,*,*,*
듯이,,,,NNB,*,F,추가-듯이,*,*,*,*
등급,,,,NNB,*,T,추가-등급,*,*,*,*
등등,,,,NNB,*,T,추가-등등,*,*,*,*
등사,,,,NNB,*,F,추가-등사,*,*,*,*
등성,,,,NNB,*,T,추가-등성,*,*,*,*
등속,,,,NNB,*,T,추가-등속,*,*,*,*
등지,,,,NNB,*,F,추가-등지,*,*,*,*
디그리데이,,,,NNB,*,F,추가-디그리데이,*,*,*,*
디나르,,,,NNB,*,F,추가-디나르,*,*,*,*
디디,,,,NNB,*,F,추가-디디,*,*,*,*
디디,,,,NNB,*,F,추가-디디,*,*,*,*
디르함,,,,NNB,*,T,추가-디르함,*,*,*,*
디바이,,,,NNB,*,F,추가-디바이,*,*,*,*
디시,,,,NNB,*,F,추가-디시,*,*,*,*
디옵터,,,,NNB,*,F,추가-디옵터,*,*,*,*
디옵트리,,,,NNB,*,F,추가-디옵트리,*,*,*,*
디위,,,,NNB,*,F,추가-디위,*,*,*,*
디피아이,,,,NNB,*,F,추가-디피아이,*,*,*,*
디피에스,,,,NNB,*,F,추가-디피에스,*,*,*,*
따구,,,,NNB,*,F,추가-따구,*,*,*,*
따름,,,,NNB,*,T,추가-따름,*,*,*,*
따문,,,,NNB,*,T,추가-따문,*,*,*,*
따우,,,,NNB,*,F,추가-따우,*,*,*,*
따위,,,,NNB,*,F,추가-따위,*,*,*,*
따이,,,,NNB,*,F,추가-따이,*,*,*,*
때문,,,,NNB,*,T,추가-때문,*,*,*,*
때미,,,,NNB,*,F,추가-때미,*,*,*,*
때민,,,,NNB,*,T,추가-때민,*,*,*,*
떠름,,,,NNB,*,T,추가-떠름,*,*,*,*
라더포드,,,,NNB,*,F,추가-라더포드,*,*,*,*
라드,,,,NNB,*,F,추가-라드,*,*,*,*
라움미터,,,,NNB,*,F,추가-라움미터,*,*,*,*
람다,,,,NNB,*,F,추가-람다,*,*,*,*
래드,,,,NNB,*,F,추가-래드,*,*,*,*
래프,,,,NNB,*,F,추가-래프,*,*,*,*
랜드,,,,NNB,*,F,추가-랜드,*,*,*,*
럭스,,,,NNB,*,F,추가-럭스,*,*,*,*
레우,,,,NNB,*,F,추가-레우,*,*,*,*
레이더마일,,,,NNB,*,T,추가-레이더마일,*,*,*,*
레프,,,,NNB,*,F,추가-레프,*,*,*,*
렌텐마르크,,,,NNB,*,F,추가-렌텐마르크,*,*,*,*
로드,,,,NNB,*,F,추가-로드,*,*,*,*
로리,,,,NNB,*,F,추가-로리,*,*,*,*
롱톤,,,,NNB,*,T,추가-롱톤,*,*,*,*
뢴트겐,,,,NNB,*,T,추가-뢴트겐,*,*,*,*
루멘,,,,NNB,*,T,추가-루멘,*,*,*,*
루멘시,,,,NNB,*,F,추가-루멘시,*,*,*,*
루멘초,,,,NNB,*,F,추가-루멘초,*,*,*,*
루블,,,,NNB,*,T,추가-루블,*,*,*,*
루피,,,,NNB,*,F,추가-루피,*,*,*,*
루피아,,,,NNB,*,F,추가-루피아,*,*,*,*
룩스,,,,NNB,*,F,추가-룩스,*,*,*,*
룩크스,,,,NNB,*,F,추가-룩크스,*,*,*,*
륙스,,,,NNB,*,F,추가-륙스,*,*,*,*
리라,,,,NNB,*,F,추가-리라,*,*,*,*
리브르,,,,NNB,*,F,추가-리브르,*,*,*,*
리알,,,,NNB,*,T,추가-리알,*,*,*,*
리얄,,,,NNB,*,T,추가-리얄,*,*,*,*
리엘,,,,NNB,*,T,추가-리엘,*,*,*,*
리터,,,,NNB,*,F,추가-리터,*,*,*,*
립방메터,,,,NNB,*,F,추가-립방메터,*,*,*,*
립평,,,,NNB,*,T,추가-립평,*,*,*,*
링깃,,,,NNB,*,T,추가-링깃,*,*,*,*
링크,,,,NNB,*,F,추가-링크,*,*,*,*
마제기,,,,NNB,*,F,추가-마제기,*,*,*,*
마지기,,,,NNB,*,F,추가-마지기,*,*,*,*
마극,,,,NNB,*,T,추가-마극,*,*,*,*
마끔,,,,NNB,*,T,추가-마끔,*,*,*,*
마당,,,,NNB,*,T,추가-마당,*,*,*,*
마락,,,,NNB,*,T,추가-마락,*,*,*,*
마력,,,,NNB,*,T,추가-마력,*,*,*,*
마력시,,,,NNB,*,F,추가-마력시,*,*,*,*
마련,,,,NNB,*,T,추가-마련,*,*,*,*
마르카,,,,NNB,*,F,추가-마르카,*,*,*,*
마르크,,,,NNB,*,F,추가-마르크,*,*,*,*
마리,,,,NNB,*,F,추가-마리,*,*,*,*
마마치,,,,NNB,*,F,추가-마마치,*,*,*,*
마마큼,,,,NNB,*,T,추가-마마큼,*,*,*,*
마만치,,,,NNB,*,F,추가-마만치,*,*,*,*
마만큼,,,,NNB,*,T,추가-마만큼,*,*,*,*
마이,,,,NNB,*,F,추가-마이,*,*,*,*
마이크로그램,,,,NNB,*,T,추가-마이크로그램,*,*,*,*
마이크로리터,,,,NNB,*,F,추가-마이크로리터,*,*,*,*
마이크로몰,,,,NNB,*,T,추가-마이크로몰,*,*,*,*
마이크로미크론,,,,NNB,*,T,추가-마이크로미크론,*,*,*,*
마이크로미터,,,,NNB,*,F,추가-마이크로미터,*,*,*,*
마이크로볼트,,,,NNB,*,F,추가-마이크로볼트,*,*,*,*
마이크로세컨드,,,,NNB,*,F,추가-마이크로세컨드,*,*,*,*
마이크로시버트,,,,NNB,*,F,추가-마이크로시버트,*,*,*,*
마이크로암페어,,,,NNB,*,F,추가-마이크로암페어,*,*,*,*
마이크로옴,,,,NNB,*,T,추가-마이크로옴,*,*,*,*
마이크로초,,,,NNB,*,F,추가-마이크로초,*,*,*,*
마이크로카탈,,,,NNB,*,T,추가-마이크로카탈,*,*,*,*
마이크로쿨롱,,,,NNB,*,T,추가-마이크로쿨롱,*,*,*,*
마이크로파스칼,,,,NNB,*,T,추가-마이크로파스칼,*,*,*,*
마이크로패러드,,,,NNB,*,F,추가-마이크로패러드,*,*,*,*
마이크로패럿,,,,NNB,*,T,추가-마이크로패럿,*,*,*,*
마이크로헨리,,,,NNB,*,F,추가-마이크로헨리,*,*,*,*
마이크로바,,,,NNB,*,F,추가-마이크로바,*,*,*,*
마이크로퀴리,,,,NNB,*,F,추가-마이크로퀴리,*,*,*,*
마이크론,,,,NNB,*,T,추가-마이크론,*,*,*,*
마일,,,,NNB,*,T,추가-마일,*,*,*,*
마장,,,,NNB,*,T,추가-마장,*,*,*,*
마치,,,,NNB,*,F,추가-마치,*,*,*,*
마콤,,,,NNB,*,T,추가-마콤,*,*,*,*
마쿰,,,,NNB,*,T,추가-마쿰,*,*,*,*
마큼,,,,NNB,*,T,추가-마큼,*,*,*,*
마하,,,,NNB,*,F,추가-마하,*,*,*,*
마하수,,,,NNB,*,F,추가-마하수,*,*,*,*
마헤,,,,NNB,*,F,추가-마헤,*,*,*,*
마혜,,,,NNB,*,F,추가-마혜,*,*,*,*
막시,,,,NNB,*,F,추가-막시,*,*,*,*
만이,,,,NNB,*,F,추가-만이,*,*,*,*
만쯤,,,,NNB,*,T,추가-만쯤,*,*,*,*
만창,,,,NNB,*,T,추가-만창,*,*,*,*
만춤,,,,NNB,*,T,추가-만춤,*,*,*,*
만츰,,,,NNB,*,T,추가-만츰,*,*,*,*
만치,,,,NNB,*,F,추가-만치,*,*,*,*
만콤,,,,NNB,*,T,추가-만콤,*,*,*,*
만쿰,,,,NNB,*,T,추가-만쿰,*,*,*,*
만큼,,,,NNB,*,T,추가-만큼,*,*,*,*
말갈이,,,,NNB,*,F,추가-말갈이,*,*,*,*
말디기,,,,NNB,*,F,추가-말디기,*,*,*,*
말지기,,,,NNB,*,F,추가-말지기,*,*,*,*
망정,,,,NNB,*,T,추가-망정,*,*,*,*
매쉬,,,,NNB,*,F,추가-매쉬,*,*,*,*
맥스웰,,,,NNB,*,T,추가-맥스웰,*,*,*,*
머곰,,,,NNB,*,T,추가-머곰,*,*,*,*
머금,,,,NNB,*,T,추가-머금,*,*,*,*
머데,,,,NNB,*,F,추가-머데,*,*,*,*
머리,,,,NNB,*,F,추가-머리,*,*,*,*
먹음,,,,NNB,*,T,추가-먹음,*,*,*,*
메가,,,,NNB,*,F,추가-메가,*,*,*,*
메가,,,,NNB,*,F,추가-메가,*,*,*,*
메가다인,,,,NNB,*,T,추가-메가다인,*,*,*,*
메가미터,,,,NNB,*,F,추가-메가미터,*,*,*,*
메가바,,,,NNB,*,F,추가-메가바,*,*,*,*
메가바이트,,,,NNB,*,F,추가-메가바이트,*,*,*,*
메가비트,,,,NNB,*,F,추가-메가비트,*,*,*,*
메가비피에스,,,,NNB,*,F,추가-메가비피에스,*,*,*,*
메가사이클,,,,NNB,*,T,추가-메가사이클,*,*,*,*
메가전자볼트,,,,NNB,*,F,추가-메가전자볼트,*,*,*,*
메가톤,,,,NNB,*,T,추가-메가톤,*,*,*,*
메가톤,,,,NNB,*,T,추가-메가톤,*,*,*,*
메가헤르츠,,,,NNB,*,F,추가-메가헤르츠,*,*,*,*
메가데스,,,,NNB,*,F,추가-메가데스,*,*,*,*
메가와트,,,,NNB,*,F,추가-메가와트,*,*,*,*
메가와트일,,,,NNB,*,T,추가-메가와트일,*,*,*,*
메가플롭스,,,,NNB,*,F,추가-메가플롭스,*,*,*,*
메그오옴,,,,NNB,*,T,추가-메그오옴,*,*,*,*
메그옴,,,,NNB,*,T,추가-메그옴,*,*,*,*
메브,,,,NNB,*,F,추가-메브,*,*,*,*
메쉬,,,,NNB,*,F,추가-메쉬,*,*,*,*
메시,,,,NNB,*,F,추가-메시,*,*,*,*
메양,,,,NNB,*,T,추가-메양,*,*,*,*
메타,,,,NNB,*,F,추가-메타,*,*,*,*
메터,,,,NNB,*,F,추가-메터,*,*,*,*
메터촉광,,,,NNB,*,T,추가-메터촉광,*,*,*,*
메트릭톤,,,,NNB,*,T,추가-메트릭톤,*,*,*,*
며리,,,,NNB,*,F,추가-며리,*,*,*,*
모건단위,,,,NNB,*,F,추가-모건단위,*,*,*,*
모곰,,,,NNB,*,T,추가-모곰,*,*,*,*
모굼,,,,NNB,*,T,추가-모굼,*,*,*,*
모금,,,,NNB,*,T,추가-모금,*,*,*,*
모라,,,,NNB,*,F,추가-모라,*,*,*,*
모라기,,,,NNB,*,F,추가-모라기,*,*,*,*
모르간단위,,,,NNB,*,F,추가-모르간단위,*,*,*,*
모리,,,,NNB,*,F,추가-모리,*,*,*,*
모양,,,,NNB,*,T,추가-모양,*,*,*,*
모춤,,,,NNB,*,T,추가-모춤,*,*,*,*
모태,,,,NNB,*,F,추가-모태,*,*,*,*
목부,,,,NNB,*,F,추가-목부,*,*,*,*
뫼양,,,,NNB,*,T,추가-뫼양,*,*,*,*
무겁,,,,NNB,*,T,추가-무겁,*,*,*,*
무굼,,,,NNB,*,T,추가-무굼,*,*,*,*
무덤,,,,NNB,*,T,추가-무덤,*,*,*,*
무드럭,,,,NNB,*,T,추가-무드럭,*,*,*,*
무럭,,,,NNB,*,T,추가-무럭,*,*,*,*
무럽,,,,NNB,*,T,추가-무럽,*,*,*,*
무렵,,,,NNB,*,T,추가-무렵,*,*,*,*
무례,,,,NNB,*,F,추가-무례,*,*,*,*
무립,,,,NNB,*,T,추가-무립,*,*,*,*
무음,,,,NNB,*,T,추가-무음,*,*,*,*
무큼,,,,NNB,*,T,추가-무큼,*,*,*,*
물리뢴트겐당량,,,,NNB,*,T,추가-물리뢴트겐당량,*,*,*,*
물립,,,,NNB,*,T,추가-물립,*,*,*,*
뭉텡이,,,,NNB,*,F,추가-뭉텡이,*,*,*,*
므즉,,,,NNB,*,T,추가-므즉,*,*,*,*
미국톤,,,,NNB,*,T,추가-미국톤,*,*,*,*
미돌,,,,NNB,*,T,추가-미돌,*,*,*,*
미리,,,,NNB,*,F,추가-미리,*,*,*,*
미리미크론,,,,NNB,*,T,추가-미리미크론,*,*,*,*
미리바르,,,,NNB,*,F,추가-미리바르,*,*,*,*
미크론,,,,NNB,*,T,추가-미크론,*,*,*,*
미터,,,,NNB,*,F,추가-미터,*,*,*,*
미터톤,,,,NNB,*,T,추가-미터톤,*,*,*,*
밀리,,,,NNB,*,F,추가-밀리,*,*,*,*
밀리초,,,,NNB,*,F,추가-밀리초,*,*,*,*
밀리갈,,,,NNB,*,T,추가-밀리갈,*,*,*,*
밀리그램,,,,NNB,*,T,추가-밀리그램,*,*,*,*
밀리그램등량,,,,NNB,*,T,추가-밀리그램등량,*,*,*,*
밀리뢴트겐,,,,NNB,*,T,추가-밀리뢴트겐,*,*,*,*
밀리리터,,,,NNB,*,F,추가-밀리리터,*,*,*,*
밀리마이크로세컨드,,,,NNB,*,F,추가-밀리마이크로세컨드,*,*,*,*
밀리마이크로초,,,,NNB,*,F,추가-밀리마이크로초,*,*,*,*
밀리몰,,,,NNB,*,T,추가-밀리몰,*,*,*,*
밀리미크론,,,,NNB,*,T,추가-밀리미크론,*,*,*,*
밀리미터,,,,NNB,*,F,추가-밀리미터,*,*,*,*
밀리바,,,,NNB,*,F,추가-밀리바,*,*,*,*
밀리볼트,,,,NNB,*,F,추가-밀리볼트,*,*,*,*
밀리세컨드,,,,NNB,*,F,추가-밀리세컨드,*,*,*,*
밀리암페어,,,,NNB,*,F,추가-밀리암페어,*,*,*,*
밀리어,,,,NNB,*,F,추가-밀리어,*,*,*,*
밀리와트,,,,NNB,*,F,추가-밀리와트,*,*,*,*
밀리퀴리,,,,NNB,*,F,추가-밀리퀴리,*,*,*,*
밀위,,,,NNB,*,F,추가-밀위,*,*,*,*
밉스,,,,NNB,*,F,추가-밉스,*,*,*,*
바가지,,,,NNB,*,F,추가-바가지,*,*,*,*
바꾸,,,,NNB,*,F,추가-바꾸,*,*,*,*
바다마일,,,,NNB,*,T,추가-바다마일,*,*,*,*
바람,,,,NNB,*,T,추가-바람,*,*,*,*
바럼,,,,NNB,*,T,추가-바럼,*,*,*,*
바로,,,,NNB,*,F,추가-바로,*,*,*,*
바리,,,,NNB,*,F,추가-바리,*,*,*,*
바아,,,,NNB,*,F,추가-바아,*,*,*,*
바안,,,,NNB,*,T,추가-바안,*,*,*,*
바이트,,,,NNB,*,F,추가-바이트,*,*,*,*
바자락,,,,NNB,*,T,추가-바자락,*,*,*,*
바퀴,,,,NNB,*,F,추가-바퀴,*,*,*,*
바킹이,,,,NNB,*,F,추가-바킹이,*,*,*,*
바탕,,,,NNB,*,T,추가-바탕,*,*,*,*
바트,,,,NNB,*,F,추가-바트,*,*,*,*
박회,,,,NNB,*,F,추가-박회,*,*,*,*
반데,,,,NNB,*,F,추가-반데,*,*,*,*
반디,,,,NNB,*,F,추가-반디,*,*,*,*
반보,,,,NNB,*,F,추가-반보,*,*,*,*
발짝,,,,NNB,*,T,추가-발짝,*,*,*,*
발보아,,,,NNB,*,F,추가-발보아,*,*,*,*
발작,,,,NNB,*,T,추가-발작,*,*,*,*
밧듸,,,,NNB,*,F,추가-밧듸,*,*,*,*
밧디,,,,NNB,*,F,추가-밧디,*,*,*,*
배럴,,,,NNB,*,T,추가-배럴,*,*,*,*
버리,,,,NNB,*,F,추가-버리,*,*,*,*
버튼,,,,NNB,*,T,추가-버튼,*,*,*,*
번짜히,,,,NNB,*,F,추가-번짜히,*,*,*,*
번째,,,,NNB,*,F,추가-번째,*,*,*,*
번수,,,,NNB,*,F,추가-번수,*,*,*,*
베가톤,,,,NNB,*,T,추가-베가톤,*,*,*,*
베끄렐,,,,NNB,*,T,추가-베끄렐,*,*,*,*
베브,,,,NNB,*,F,추가-베브,*,*,*,*
베크렐,,,,NNB,*,T,추가-베크렐,*,*,*,*
보드푸트,,,,NNB,*,F,추가-보드푸트,*,*,*,*
보루,,,,NNB,*,F,추가-보루,*,*,*,*
보메,,,,NNB,*,F,추가-보메,*,*,*,*
보자락,,,,NNB,*,T,추가-보자락,*,*,*,*
보작,,,,NNB,*,T,추가-보작,*,*,*,*
보지락,,,,NNB,*,T,추가-보지락,*,*,*,*
볼탱이,,,,NNB,*,F,추가-볼탱이,*,*,*,*
볼텡이,,,,NNB,*,F,추가-볼텡이,*,*,*,*
볼트,,,,NNB,*,F,추가-볼트,*,*,*,*
볼트암페어,,,,NNB,*,F,추가-볼트암페어,*,*,*,*
봉도,,,,NNB,*,F,추가-봉도,*,*,*,*
부리,,,,NNB,*,F,추가-부리,*,*,*,*
부셸,,,,NNB,*,T,추가-부셸,*,*,*,*
부쉘,,,,NNB,*,T,추가-부쉘,*,*,*,*
부어리,,,,NNB,*,F,추가-부어리,*,*,*,*
부얼,,,,NNB,*,T,추가-부얼,*,*,*,*
분내,,,,NNB,*,F,추가-분내,*,*,*,*
분째,,,,NNB,*,F,추가-분째,*,*,*,*
분네,,,,NNB,*,F,추가-분네,*,*,*,*
브라드훼드번수,,,,NNB,*,F,추가-브라드훼드번수,*,*,*,*
브론토바이트,,,,NNB,*,F,추가-브론토바이트,*,*,*,*
비르,,,,NNB,*,F,추가-비르,*,*,*,*
비오,,,,NNB,*,F,추가-비오,*,*,*,*
비트,,,,NNB,*,F,추가-비트,*,*,*,*
비티유,,,,NNB,*,F,추가-비티유,*,*,*,*
비피아이,,,,NNB,*,F,추가-비피아이,*,*,*,*
비피에스,,,,NNB,*,F,추가-비피에스,*,*,*,*
빌리언일렉트론볼트,,,,NNB,*,F,추가-빌리언일렉트론볼트,*,*,*,*
뽀아즈,,,,NNB,*,F,추가-뽀아즈,*,*,*,*
뿌드,,,,NNB,*,F,추가-뿌드,*,*,*,*
사땅,,,,NNB,*,T,추가-사땅,*,*,*,*
사이,,,,NNB,*,F,추가-사이,*,*,*,*
사이클,,,,NNB,*,T,추가-사이클,*,*,*,*
상팀,,,,NNB,*,T,추가-상팀,*,*,*,*
서큘러밀,,,,NNB,*,T,추가-서큘러밀,*,*,*,*
서풀,,,,NNB,*,T,추가-서풀,*,*,*,*
석유환산톤,,,,NNB,*,T,추가-석유환산톤,*,*,*,*
설레,,,,NNB,*,F,추가-설레,*,*,*,*
섬지기,,,,NNB,*,F,추가-섬지기,*,*,*,*
세겔,,,,NNB,*,T,추가-세겔,*,*,*,*
세겔,,,,NNB,*,T,추가-세겔,*,*,*,*
세이빈,,,,NNB,*,T,추가-세이빈,*,*,*,*
세제곱미터,,,,NNB,*,F,추가-세제곱미터,*,*,*,*
세제곱센티미터,,,,NNB,*,F,추가-세제곱센티미터,*,*,*,*
센치,,,,NNB,*,F,추가-센치,*,*,*,*
센치미터,,,,NNB,*,F,추가-센치미터,*,*,*,*
센트,,,,NNB,*,F,추가-센트,*,*,*,*
센티,,,,NNB,*,F,추가-센티,*,*,*,*
센티그램,,,,NNB,*,T,추가-센티그램,*,*,*,*
센티리터,,,,NNB,*,F,추가-센티리터,*,*,*,*
센티모건,,,,NNB,*,T,추가-센티모건,*,*,*,*
센티모르간,,,,NNB,*,T,추가-센티모르간,*,*,*,*
센티몰간,,,,NNB,*,T,추가-센티몰간,*,*,*,*
센티미터,,,,NNB,*,F,추가-센티미터,*,*,*,*
센티세컨드,,,,NNB,*,F,추가-센티세컨드,*,*,*,*
센티초,,,,NNB,*,F,추가-센티초,*,*,*,*
소곡,,,,NNB,*,T,추가-소곡,*,*,*,*
소괵,,,,NNB,*,T,추가-소괵,*,*,*,*
소사,,,,NNB,*,F,추가-소사,*,*,*,*
소솜,,,,NNB,*,T,추가-소솜,*,*,*,*
소수,,,,NNB,*,F,추가-소수,*,*,*,*
쇼트톤,,,,NNB,*,T,추가-쇼트톤,*,*,*,*
수은주미터,,,,NNB,*,F,추가-수은주미터,*,*,*,*
수은주밀리미터,,,,NNB,*,F,추가-수은주밀리미터,*,*,*,*
수주미터,,,,NNB,*,F,추가-수주미터,*,*,*,*
스크뤼펄,,,,NNB,*,T,추가-스크뤼펄,*,*,*,*
스테라디안,,,,NNB,*,T,추가-스테라디안,*,*,*,*
스토크스,,,,NNB,*,F,추가-스토크스,*,*,*,*
스틸브,,,,NNB,*,F,추가-스틸브,*,*,*,*
스핀들,,,,NNB,*,T,추가-스핀들,*,*,*,*
시간,,,,NNB,*,T,추가-시간,*,*,*,*
시갠,,,,NNB,*,T,추가-시갠,*,*,*,*
시버트,,,,NNB,*,F,추가-시버트,*,*,*,*
시시,,,,NNB,*,F,추가-시시,*,*,*,*
시양,,,,NNB,*,T,추가-시양,*,*,*,*
신촉광,,,,NNB,*,T,추가-신촉광,*,*,*,*
실링,,,,NNB,*,T,추가-실링,*,*,*,*
아놈,,,,NNB,*,T,추가-아놈,*,*,*,*
아늠,,,,NNB,*,T,추가-아늠,*,*,*,*
아람,,,,NNB,*,T,추가-아람,*,*,*,*
아르,,,,NNB,*,F,추가-아르,*,*,*,*
아르피엠,,,,NNB,*,T,추가-아르피엠,*,*,*,*
아름,,,,NNB,*,T,추가-아름,*,*,*,*
아림,,,,NNB,*,T,추가-아림,*,*,*,*
아보그램,,,,NNB,*,T,추가-아보그램,*,*,*,*
아브암페어,,,,NNB,*,F,추가-아브암페어,*,*,*,*
아인슈타인,,,,NNB,*,T,추가-아인슈타인,*,*,*,*
아포스틸브,,,,NNB,*,F,추가-아포스틸브,*,*,*,*
알피엠,,,,NNB,*,T,추가-알피엠,*,*,*,*
암페아시,,,,NNB,*,F,추가-암페아시,*,*,*,*
암페어,,,,NNB,*,F,추가-암페어,*,*,*,*
암페어시,,,,NNB,*,F,추가-암페어시,*,*,*,*
암페어아워,,,,NNB,*,F,추가-암페어아워,*,*,*,*
암페어턴,,,,NNB,*,T,추가-암페어턴,*,*,*,*
암페어횟수,,,,NNB,*,F,추가-암페어횟수,*,*,*,*
애브암페어,,,,NNB,*,F,추가-애브암페어,*,*,*,*
액트,,,,NNB,*,F,추가-액트,*,*,*,*
앵커,,,,NNB,*,F,추가-앵커,*,*,*,*
야드,,,,NNB,*,F,추가-야드,*,*,*,*
약용온스,,,,NNB,*,F,추가-약용온스,*,*,*,*
어포스틸브,,,,NNB,*,F,추가-어포스틸브,*,*,*,*
얼랑,,,,NNB,*,T,추가-얼랑,*,*,*,*
에끼,,,,NNB,*,F,추가-에끼,*,*,*,*
에르그,,,,NNB,*,F,추가-에르그,*,*,*,*
에르스텟,,,,NNB,*,T,추가-에르스텟,*,*,*,*
에이에이치,,,,NNB,*,F,추가-에이에이치,*,*,*,*
에이유,,,,NNB,*,F,추가-에이유,*,*,*,*
에이치에프유,,,,NNB,*,F,추가-에이치에프유,*,*,*,*
에이치피,,,,NNB,*,F,추가-에이치피,*,*,*,*
에이커,,,,NNB,*,F,추가-에이커,*,*,*,*
에이피아이도,,,,NNB,*,F,추가-에이피아이도,*,*,*,*
엑사미터,,,,NNB,*,F,추가-엑사미터,*,*,*,*
엑사바이트,,,,NNB,*,F,추가-엑사바이트,*,*,*,*
엑스단위,,,,NNB,*,F,추가-엑스단위,*,*,*,*
엑스레이단위,,,,NNB,*,F,추가-엑스레이단위,*,*,*,*
엑스선단위,,,,NNB,*,F,추가-엑스선단위,*,*,*,*
엘레,,,,NNB,*,F,추가-엘레,*,*,*,*
엠더블유디,,,,NNB,*,F,추가-엠더블유디,*,*,*,*
엠엠시,,,,NNB,*,F,추가-엠엠시,*,*,*,*
엠피에이치,,,,NNB,*,F,추가-엠피에이치,*,*,*,*
여지,,,,NNB,*,F,추가-여지,*,*,*,*
역시간,,,,NNB,*,T,추가-역시간,*,*,*,*
역표년,,,,NNB,*,T,추가-역표년,*,*,*,*
연량,,,,NNB,*,T,추가-연량,*,*,*,*
연석,,,,NNB,*,T,추가-연석,*,*,*,*
영톤,,,,NNB,*,T,추가-영톤,*,*,*,*
영국톤,,,,NNB,*,T,추가-영국톤,*,*,*,*
영리,,,,NNB,*,F,추가-영리,*,*,*,*
영척,,,,NNB,*,T,추가-영척,*,*,*,*
오옴,,,,NNB,*,T,추가-오옴,*,*,*,*
오콤,,,,NNB,*,T,추가-오콤,*,*,*,*
오쿰,,,,NNB,*,T,추가-오쿰,*,*,*,*
오큼,,,,NNB,*,T,추가-오큼,*,*,*,*
오피엠,,,,NNB,*,T,추가-오피엠,*,*,*,*
옥타브,,,,NNB,*,F,추가-옥타브,*,*,*,*
온스,,,,NNB,*,F,추가-온스,*,*,*,*
옴콤,,,,NNB,*,T,추가-옴콤,*,*,*,*
옴쿰,,,,NNB,*,T,추가-옴쿰,*,*,*,*
옴큼,,,,NNB,*,T,추가-옴큼,*,*,*,*
옹그스트롬,,,,NNB,*,T,추가-옹그스트롬,*,*,*,*
옹스트롬,,,,NNB,*,T,추가-옹스트롬,*,*,*,*
옹큼,,,,NNB,*,T,추가-옹큼,*,*,*,*
와트,,,,NNB,*,F,추가-와트,*,*,*,*
와트시,,,,NNB,*,F,추가-와트시,*,*,*,*
와트시간,,,,NNB,*,T,추가-와트시간,*,*,*,*
와트초,,,,NNB,*,F,추가-와트초,*,*,*,*
외때기,,,,NNB,*,F,추가-외때기,*,*,*,*
외레,,,,NNB,*,F,추가-외레,*,*,*,*
요령,,,,NNB,*,T,추가-요령,*,*,*,*
요타미터,,,,NNB,*,F,추가-요타미터,*,*,*,*
요타바이트,,,,NNB,*,F,추가-요타바이트,*,*,*,*
욕토미터,,,,NNB,*,F,추가-욕토미터,*,*,*,*
우리,,,,NNB,*,F,추가-우리,*,*,*,*
우쿰,,,,NNB,*,T,추가-우쿰,*,*,*,*
우큼,,,,NNB,*,T,추가-우큼,*,*,*,*
우훔,,,,NNB,*,T,추가-우훔,*,*,*,*
우희윰,,,,NNB,*,T,추가-우희윰,*,*,*,*
움쾜,,,,NNB,*,T,추가-움쾜,*,*,*,*
움쿰,,,,NNB,*,T,추가-움쿰,*,*,*,*
움크룸,,,,NNB,*,T,추가-움크룸,*,*,*,*
움큼,,,,NNB,*,T,추가-움큼,*,*,*,*
웅쿰,,,,NNB,*,T,추가-웅쿰,*,*,*,*
웅큼,,,,NNB,*,T,추가-웅큼,*,*,*,*
원인치,,,,NNB,*,F,추가-원인치,*,*,*,*
원주밀,,,,NNB,*,T,추가-원주밀,*,*,*,*
웨버,,,,NNB,*,F,추가-웨버,*,*,*,*
위안,,,,NNB,*,T,추가-위안,*,*,*,*
유로,,,,NNB,*,F,추가-유로,*,*,*,*
유카와,,,,NNB,*,F,추가-유카와,*,*,*,*
육리,,,,NNB,*,F,추가-육리,*,*,*,*
육상마일,,,,NNB,*,T,추가-육상마일,*,*,*,*
은량,,,,NNB,*,T,추가-은량,*,*,*,*
음향옴,,,,NNB,*,T,추가-음향옴,*,*,*,*
이래,,,,NNB,*,F,추가-이래,*,*,*,*
이스쿠두,,,,NNB,*,F,추가-이스쿠두,*,*,*,*
이환,,,,NNB,*,T,추가-이환,*,*,*,*
인마일,,,,NNB,*,T,추가-인마일,*,*,*,*
인킬로,,,,NNB,*,F,추가-인킬로,*,*,*,*
인분,,,,NNB,*,T,추가-인분,*,*,*,*
인시,,,,NNB,*,F,추가-인시,*,*,*,*
인치,,,,NNB,*,F,추가-인치,*,*,*,*
일렉트론볼트,,,,NNB,*,F,추가-일렉트론볼트,*,*,*,*
임세,,,,NNB,*,F,추가-임세,*,*,*,*
입방,,,,NNB,*,T,추가-입방,*,*,*,*
입방미터,,,,NNB,*,F,추가-입방미터,*,*,*,*
입평,,,,NNB,*,T,추가-입평,*,*,*,*
자대기,,,,NNB,*,F,추가-자대기,*,*,*,*
자루,,,,NNB,*,F,추가-자루,*,*,*,*
자밤,,,,NNB,*,T,추가-자밤,*,*,*,*
자식,,,,NNB,*,T,추가-자식,*,*,*,*
자오,,,,NNB,*,F,추가-자오,*,*,*,*
자옥,,,,NNB,*,T,추가-자옥,*,*,*,*
자옹,,,,NNB,*,T,추가-자옹,*,*,*,*
자히,,,,NNB,*,F,추가-자히,*,*,*,*
작은술,,,,NNB,*,T,추가-작은술,*,*,*,*
잡이,,,,NNB,*,F,추가-잡이,*,*,*,*
장도막,,,,NNB,*,T,추가-장도막,*,*,*,*
장벌,,,,NNB,*,T,추가-장벌,*,*,*,*
잰스키,,,,NNB,*,F,추가-잰스키,*,*,*,*
쟁기,,,,NNB,*,F,추가-쟁기,*,*,*,*
저룰,,,,NNB,*,T,추가-저룰,*,*,*,*
저르,,,,NNB,*,F,추가-저르,*,*,*,*
저를,,,,NNB,*,T,추가-저를,*,*,*,*
저름,,,,NNB,*,T,추가-저름,*,*,*,*
저범,,,,NNB,*,T,추가-저범,*,*,*,*
전석,,,,NNB,*,T,추가-전석,*,*,*,*
전자볼트,,,,NNB,*,F,추가-전자볼트,*,*,*,*
정미,,,,NNB,*,F,추가-정미,*,*,*,*
정보,,,,NNB,*,F,추가-정보,*,*,*,*
제곱미터,,,,NNB,*,F,추가-제곱미터,*,*,*,*
제곱센치미터,,,,NNB,*,F,추가-제곱센치미터,*,*,*,*
제곱센티미터,,,,NNB,*,F,추가-제곱센티미터,*,*,*,*
제곱킬로미터,,,,NNB,*,F,추가-제곱킬로미터,*,*,*,*
제타바이트,,,,NNB,*,F,추가-제타바이트,*,*,*,*
젭토미터,,,,NNB,*,F,추가-젭토미터,*,*,*,*
져붐,,,,NNB,*,T,추가-져붐,*,*,*,*
조굼,,,,NNB,*,T,추가-조굼,*,*,*,*
조를,,,,NNB,*,T,추가-조를,*,*,*,*
조짐,,,,NNB,*,T,추가-조짐,*,*,*,*
족족,,,,NNB,*,T,추가-족족,*,*,*,*
종포,,,,NNB,*,F,추가-종포,*,*,*,*
죡죡,,,,NNB,*,T,추가-죡죡,*,*,*,*
주간,,,,NNB,*,T,추가-주간,*,*,*,*
주기,,,,NNB,*,F,추가-주기,*,*,*,*
주년,,,,NNB,*,T,추가-주년,*,*,*,*
주머기,,,,NNB,*,F,추가-주머기,*,*,*,*
주메기,,,,NNB,*,F,추가-주메기,*,*,*,*
주세,,,,NNB,*,F,추가-주세,*,*,*,*
주울,,,,NNB,*,T,추가-주울,*,*,*,*
주음,,,,NNB,*,T,추가-주음,*,*,*,*
주일,,,,NNB,*,T,추가-주일,*,*,*,*
중톤,,,,NNB,*,T,추가-중톤,*,*,*,*
중량톤,,,,NNB,*,T,추가-중량톤,*,*,*,*
중발,,,,NNB,*,T,추가-중발,*,*,*,*
중사,,,,NNB,*,F,추가-중사,*,*,*,*
즈슴,,,,NNB,*,T,추가-즈슴,*,*,*,*
즈워티,,,,NNB,*,F,추가-즈워티,*,*,*,*
즈음,,,,NNB,*,T,추가-즈음,*,*,*,*
지게이,,,,NNB,*,F,추가-지게이,*,*,*,*
지겡,,,,NNB,*,T,추가-지겡,*,*,*,*
지경,,,,NNB,*,T,추가-지경,*,*,*,*
지경살이,,,,NNB,*,F,추가-지경살이,*,*,*,*
지끼,,,,NNB,*,F,추가-지끼,*,*,*,*
지도거리,,,,NNB,*,F,추가-지도거리,*,*,*,*
지도단위,,,,NNB,*,F,추가-지도단위,*,*,*,*
지멘스,,,,NNB,*,F,추가-지멘스,*,*,*,*
지범,,,,NNB,*,T,추가-지범,*,*,*,*
지음,,,,NNB,*,T,추가-지음,*,*,*,*
지친것,,,,NNB,*,T,추가-지친것,*,*,*,*
집매,,,,NNB,*,F,추가-집매,*,*,*,*
짝펜,,,,NNB,*,T,추가-짝펜,*,*,*,*
쪽쪽,,,,NNB,*,T,추가-쪽쪽,*,*,*,*
쯔미,,,,NNB,*,F,추가-쯔미,*,*,*,*
처레,,,,NNB,*,F,추가-처레,*,*,*,*
천문단위,,,,NNB,*,F,추가-천문단위,*,*,*,*
체기,,,,NNB,*,F,추가-체기,*,*,*,*
체끼,,,,NNB,*,F,추가-체끼,*,*,*,*
체르보네츠,,,,NNB,*,F,추가-체르보네츠,*,*,*,*
체인,,,,NNB,*,T,추가-체인,*,*,*,*
초호,,,,NNB,*,F,추가-초호,*,*,*,*
촉광,,,,NNB,*,T,추가-촉광,*,*,*,*
촉력,,,,NNB,*,T,추가-촉력,*,*,*,*
축머리,,,,NNB,*,F,추가-축머리,*,*,*,*
치기,,,,NNB,*,F,추가-치기,*,*,*,*
치끼,,,,NNB,*,F,추가-치끼,*,*,*,*
카로리,,,,NNB,*,F,추가-카로리,*,*,*,*
카셀,,,,NNB,*,T,추가-카셀,*,*,*,*
카운트,,,,NNB,*,F,추가-카운트,*,*,*,*
카이저,,,,NNB,*,F,추가-카이저,*,*,*,*
칸데라,,,,NNB,*,F,추가-칸데라,*,*,*,*
칸델라,,,,NNB,*,F,추가-칸델라,*,*,*,*
칸통,,,,NNB,*,T,추가-칸통,*,*,*,*
칼로리,,,,NNB,*,F,추가-칼로리,*,*,*,*
칼로리,,,,NNB,*,F,추가-칼로리,*,*,*,*
캐럿,,,,NNB,*,T,추가-캐럿,*,*,*,*
캐탈,,,,NNB,*,T,추가-캐탈,*,*,*,*
커래,,,,NNB,*,F,추가-커래,*,*,*,*
커레,,,,NNB,*,F,추가-커레,*,*,*,*
커리,,,,NNB,*,F,추가-커리,*,*,*,*
컬리,,,,NNB,*,F,추가-컬리,*,*,*,*
케레,,,,NNB,*,F,추가-케레,*,*,*,*
케이,,,,NNB,*,F,추가-케이,*,*,*,*
케이비피에스,,,,NNB,*,F,추가-케이비피에스,*,*,*,*
케이아이피에스,,,,NNB,*,F,추가-케이아이피에스,*,*,*,*
케이엘오시,,,,NNB,*,F,추가-케이엘오시,*,*,*,*
켈빈,,,,NNB,*,T,추가-켈빈,*,*,*,*
켜레,,,,NNB,*,F,추가-켜레,*,*,*,*
켜리,,,,NNB,*,F,추가-켜리,*,*,*,*
켤레,,,,NNB,*,F,추가-켤레,*,*,*,*
코드,,,,NNB,*,F,추가-코드,*,*,*,*
코루나,,,,NNB,*,F,추가-코루나,*,*,*,*
콥스,,,,NNB,*,F,추가-콥스,*,*,*,*
쿨롬,,,,NNB,*,T,추가-쿨롬,*,*,*,*
쿨롱,,,,NNB,*,T,추가-쿨롱,*,*,*,*
쿼터,,,,NNB,*,F,추가-쿼터,*,*,*,*
쿼트,,,,NNB,*,F,추가-쿼트,*,*,*,*
퀴리,,,,NNB,*,F,추가-퀴리,*,*,*,*
퀸틀,,,,NNB,*,T,추가-퀸틀,*,*,*,*
큐리,,,,NNB,*,F,추가-큐리,*,*,*,*
큐비트,,,,NNB,*,F,추가-큐비트,*,*,*,*
큐빗,,,,NNB,*,T,추가-큐빗,*,*,*,*
큐섹,,,,NNB,*,T,추가-큐섹,*,*,*,*
크로나,,,,NNB,*,F,추가-크로나,*,*,*,*
크로네,,,,NNB,*,F,추가-크로네,*,*,*,*
크로커다일,,,,NNB,*,T,추가-크로커다일,*,*,*,*
크루제이루,,,,NNB,*,F,추가-크루제이루,*,*,*,*
크바,,,,NNB,*,F,추가-크바,*,*,*,*
큰술,,,,NNB,*,T,추가-큰술,*,*,*,*
키레,,,,NNB,*,F,추가-키레,*,*,*,*
키로,,,,NNB,*,F,추가-키로,*,*,*,*
키로그램,,,,NNB,*,T,추가-키로그램,*,*,*,*
킬로,,,,NNB,*,F,추가-킬로,*,*,*,*
킬로전자볼트,,,,NNB,*,F,추가-킬로전자볼트,*,*,*,*
킬로그램,,,,NNB,*,T,추가-킬로그램,*,*,*,*
킬로그램중,,,,NNB,*,T,추가-킬로그램중,*,*,*,*
킬로그램미터,,,,NNB,*,F,추가-킬로그램미터,*,*,*,*
킬로그램칼로리,,,,NNB,*,F,추가-킬로그램칼로리,*,*,*,*
킬로리터,,,,NNB,*,F,추가-킬로리터,*,*,*,*
킬로메가사이클,,,,NNB,*,T,추가-킬로메가사이클,*,*,*,*
킬로미터,,,,NNB,*,F,추가-킬로미터,*,*,*,*
킬로바이트,,,,NNB,*,F,추가-킬로바이트,*,*,*,*
킬로베이스,,,,NNB,*,F,추가-킬로베이스,*,*,*,*
킬로보,,,,NNB,*,F,추가-킬로보,*,*,*,*
킬로볼트,,,,NNB,*,F,추가-킬로볼트,*,*,*,*
킬로볼트암페어,,,,NNB,*,F,추가-킬로볼트암페어,*,*,*,*
킬로사이클,,,,NNB,*,T,추가-킬로사이클,*,*,*,*
킬로스터,,,,NNB,*,F,추가-킬로스터,*,*,*,*
킬로암페어,,,,NNB,*,F,추가-킬로암페어,*,*,*,*
킬로암페어시,,,,NNB,*,F,추가-킬로암페어시,*,*,*,*
킬로옴,,,,NNB,*,T,추가-킬로옴,*,*,*,*
킬로와트,,,,NNB,*,F,추가-킬로와트,*,*,*,*
킬로와트시,,,,NNB,*,F,추가-킬로와트시,*,*,*,*
킬로줄,,,,NNB,*,T,추가-킬로줄,*,*,*,*
킬로칼로리,,,,NNB,*,F,추가-킬로칼로리,*,*,*,*
킬로퀴리,,,,NNB,*,F,추가-킬로퀴리,*,*,*,*
킬로톤,,,,NNB,*,T,추가-킬로톤,*,*,*,*
킬로톤,,,,NNB,*,T,추가-킬로톤,*,*,*,*
킬로파섹,,,,NNB,*,T,추가-킬로파섹,*,*,*,*
킬로헤르츠,,,,NNB,*,F,추가-킬로헤르츠,*,*,*,*
킵스,,,,NNB,*,F,추가-킵스,*,*,*,*
타래미,,,,NNB,*,F,추가-타래미,*,*,*,*
탄소톤,,,,NNB,*,T,추가-탄소톤,*,*,*,*
탈러,,,,NNB,*,F,추가-탈러,*,*,*,*
태리미,,,,NNB,*,F,추가-태리미,*,*,*,*
태미,,,,NNB,*,F,추가-태미,*,*,*,*
터수,,,,NNB,*,F,추가-터수,*,*,*,*
턱사가리,,,,NNB,*,F,추가-턱사가리,*,*,*,*
테끼,,,,NNB,*,F,추가-테끼,*,*,*,*
테라,,,,NNB,*,F,추가-테라,*,*,*,*
테라미터,,,,NNB,*,F,추가-테라미터,*,*,*,*
테라바이트,,,,NNB,*,F,추가-테라바이트,*,*,*,*
테미,,,,NNB,*,F,추가-테미,*,*,*,*
테슬라,,,,NNB,*,F,추가-테슬라,*,*,*,*
테슬러,,,,NNB,*,F,추가-테슬러,*,*,*,*
테일,,,,NNB,*,T,추가-테일,*,*,*,*
텍스,,,,NNB,*,F,추가-텍스,*,*,*,*
토르,,,,NNB,*,F,추가-토르,*,*,*,*
토리,,,,NNB,*,F,추가-토리,*,*,*,*
토리첼리,,,,NNB,*,F,추가-토리첼리,*,*,*,*
톤킬로,,,,NNB,*,F,추가-톤킬로,*,*,*,*
톤킬로미터,,,,NNB,*,F,추가-톤킬로미터,*,*,*,*
통구리,,,,NNB,*,F,추가-통구리,*,*,*,*
통서리,,,,NNB,*,F,추가-통서리,*,*,*,*
투그리크,,,,NNB,*,F,추가-투그리크,*,*,*,*
트로이온스,,,,NNB,*,F,추가-트로이온스,*,*,*,*
트로이파운드,,,,NNB,*,F,추가-트로이파운드,*,*,*,*
트마리,,,,NNB,*,F,추가-트마리,*,*,*,*
틈자구,,,,NNB,*,F,추가-틈자구,*,*,*,*
티끼,,,,NNB,*,F,추가-티끼,*,*,*,*
티오이,,,,NNB,*,F,추가-티오이,*,*,*,*
파딩,,,,NNB,*,T,추가-파딩,*,*,*,*
파섹,,,,NNB,*,T,추가-파섹,*,*,*,*
파스칼,,,,NNB,*,T,추가-파스칼,*,*,*,*
파운달,,,,NNB,*,T,추가-파운달,*,*,*,*
파운드,,,,NNB,*,F,추가-파운드,*,*,*,*
파인트,,,,NNB,*,F,추가-파인트,*,*,*,*
패덤,,,,NNB,*,T,추가-패덤,*,*,*,*
패럿,,,,NNB,*,T,추가-패럿,*,*,*,*
퍼롱,,,,NNB,*,T,추가-퍼롱,*,*,*,*
퍼밀,,,,NNB,*,T,추가-퍼밀,*,*,*,*
퍼센트,,,,NNB,*,F,추가-퍼센트,*,*,*,*
펄롱,,,,NNB,*,T,추가-펄롱,*,*,*,*
페니,,,,NNB,*,F,추가-페니,*,*,*,*
페니웨이트,,,,NNB,*,F,추가-페니웨이트,*,*,*,*
페니히,,,,NNB,*,F,추가-페니히,*,*,*,*
페르미,,,,NNB,*,F,추가-페르미,*,*,*,*
페세타,,,,NNB,*,F,추가-페세타,*,*,*,*
페소,,,,NNB,*,F,추가-페소,*,*,*,*
페타미터,,,,NNB,*,F,추가-페타미터,*,*,*,*
페타바이트,,,,NNB,*,F,추가-페타바이트,*,*,*,*
펜스,,,,NNB,*,F,추가-펜스,*,*,*,*
펨토미터,,,,NNB,*,F,추가-펨토미터,*,*,*,*
편거리,,,,NNB,*,F,추가-편거리,*,*,*,*
편짝,,,,NNB,*,T,추가-편짝,*,*,*,*
편쪽,,,,NNB,*,T,추가-편쪽,*,*,*,*
평방미터,,,,NNB,*,F,추가-평방미터,*,*,*,*
평방센치미터,,,,NNB,*,F,추가-평방센치미터,*,*,*,*
평방센티미터,,,,NNB,*,F,추가-평방센티미터,*,*,*,*
평방인치,,,,NNB,*,F,추가-평방인치,*,*,*,*
평방킬로미터,,,,NNB,*,F,추가-평방킬로미터,*,*,*,*
평방피트,,,,NNB,*,F,추가-평방피트,*,*,*,*
평석,,,,NNB,*,T,추가-평석,*,*,*,*
포린트,,,,NNB,*,F,추가-포린트,*,*,*,*
포수,,,,NNB,*,F,추가-포수,*,*,*,*
포아즈,,,,NNB,*,F,추가-포아즈,*,*,*,*
포인트,,,,NNB,*,F,추가-포인트,*,*,*,*
포트,,,,NNB,*,F,추가-포트,*,*,*,*
푸드,,,,NNB,*,F,추가-푸드,*,*,*,*
푸아즈,,,,NNB,*,F,추가-푸아즈,*,*,*,*
푼변,,,,NNB,*,T,추가-푼변,*,*,*,*
푼사,,,,NNB,*,F,추가-푼사,*,*,*,*
푼중,,,,NNB,*,T,추가-푼중,*,*,*,*
푼쭝,,,,NNB,*,T,추가-푼쭝,*,*,*,*
푼트,,,,NNB,*,F,추가-푼트,*,*,*,*
품새,,,,NNB,*,F,추가-품새,*,*,*,*
프랑,,,,NNB,*,T,추가-프랑,*,*,*,*
프레임,,,,NNB,*,T,추가-프레임,*,*,*,*
프로,,,,NNB,*,F,추가-프로,*,*,*,*
프로밀,,,,NNB,*,T,추가-프로밀,*,*,*,*
프루프,,,,NNB,*,F,추가-프루프,*,*,*,*
프사이,,,,NNB,*,F,추가-프사이,*,*,*,*
프사이그,,,,NNB,*,F,추가-프사이그,*,*,*,*
플로린,,,,NNB,*,T,추가-플로린,*,*,*,*
플롭스,,,,NNB,*,F,추가-플롭스,*,*,*,*
피리어드,,,,NNB,*,F,추가-피리어드,*,*,*,*
피에스,,,,NNB,*,F,추가-피에스,*,*,*,*
피치,,,,NNB,*,F,추가-피치,*,*,*,*
피컬,,,,NNB,*,T,추가-피컬,*,*,*,*
피코미터,,,,NNB,*,F,추가-피코미터,*,*,*,*
피코세컨드,,,,NNB,*,F,추가-피코세컨드,*,*,*,*
피코초,,,,NNB,*,F,추가-피코초,*,*,*,*
피코패럿,,,,NNB,*,T,추가-피코패럿,*,*,*,*
피코그램,,,,NNB,*,T,추가-피코그램,*,*,*,*
피트,,,,NNB,*,F,추가-피트,*,*,*,*
피피비,,,,NNB,*,F,추가-피피비,*,*,*,*
피피에이치엠,,,,NNB,*,T,추가-피피에이치엠,*,*,*,*
피피엠,,,,NNB,*,T,추가-피피엠,*,*,*,*
피피엠,,,,NNB,*,T,추가-피피엠,*,*,*,*
피피엠,,,,NNB,*,T,추가-피피엠,*,*,*,*
핀짝,,,,NNB,*,T,추가-핀짝,*,*,*,*
핀트,,,,NNB,*,F,추가-핀트,*,*,*,*
필지,,,,NNB,*,F,추가-필지,*,*,*,*
항공마일,,,,NNB,*,T,추가-항공마일,*,*,*,*
해리,,,,NNB,*,F,추가-해리,*,*,*,*
핸드,,,,NNB,*,F,추가-핸드,*,*,*,*
헤르쯔,,,,NNB,*,F,추가-헤르쯔,*,*,*,*
헤르츠,,,,NNB,*,F,추가-헤르츠,*,*,*,*
헤프너촉,,,,NNB,*,T,추가-헤프너촉,*,*,*,*
헥타르,,,,NNB,*,F,추가-헥타르,*,*,*,*
헥터그람,,,,NNB,*,T,추가-헥터그람,*,*,*,*
헥터리터,,,,NNB,*,F,추가-헥터리터,*,*,*,*
헥터메터,,,,NNB,*,F,추가-헥터메터,*,*,*,*
헥토그램,,,,NNB,*,T,추가-헥토그램,*,*,*,*
헥토리터,,,,NNB,*,F,추가-헥토리터,*,*,*,*
헥토미터,,,,NNB,*,F,추가-헥토미터,*,*,*,*
헥토파스칼,,,,NNB,*,T,추가-헥토파스칼,*,*,*,*
헨리,,,,NNB,*,F,추가-헨리,*,*,*,*
호쿰,,,,NNB,*,T,추가-호쿰,*,*,*,*
호큼,,,,NNB,*,T,추가-호큼,*,*,*,*
회전,,,,NNB,*,T,추가-회전,*,*,*,*
휠던,,,,NNB,*,T,추가-휠던,*,*,*,*
가량,,,,NNB,*,T,추가-가량,*,*,*,*
개대,,,,NNB,*,F,추가-개대,*,*,*,*
개사,,,,NNB,*,F,추가-개사,*,*,*,*
개소,,,,NNB,*,F,추가-개소,*,*,*,*
개월,,,,NNB,*,T,추가-개월,*,*,*,*
갤런,,,,NNB,*,T,추가-갤런,*,*,*,*
겨를,,,,NNB,*,T,추가-겨를,*,*,*,*
광년,,,,NNB,*,T,추가-광년,*,*,*,*
군데,,,,NNB,*,F,추가-군데,*,*,*,*
그램,,,,NNB,*,T,추가-그램,*,*,*,*
그루,,,,NNB,*,F,추가-그루,*,*,*,*
기가,,,,NNB,*,F,추가-기가,*,*,*,*
기가바이트,,,,NNB,*,F,추가-기가바이트,*,*,*,*
꺼리,,,,NNB,*,F,추가-꺼리,*,*,*,*
나름,,,,NNB,*,T,추가-나름,*,*,*,*
나위,,,,NNB,*,F,추가-나위,*,*,*,*
남짓,,,,NNB,*,T,추가-남짓,*,*,*,*
년대,,,,NNB,*,F,추가-년대,*,*,*,*
년차,,,,NNB,*,F,추가-년차,*,*,*,*
달라,,,,NNB,*,F,추가-달라,*,*,*,*
대루,,,,NNB,*,F,추가-대루,*,*,*,*
데시벨,,,,NNB,*,T,추가-데시벨,*,*,*,*
돈쭝,,,,NNB,*,T,추가-돈쭝,*,*,*,*
드라크마,,,,NNB,*,F,추가-드라크마,*,*,*,*
듯이,,,,NNB,*,F,추가-듯이,*,*,*,*
등성,,,,NNB,*,T,추가-등성,*,*,*,*
등지,,,,NNB,*,F,추가-등지,*,*,*,*
따우,,,,NNB,*,F,추가-따우,*,*,*,*
따위,,,,NNB,*,F,추가-따위,*,*,*,*
루피,,,,NNB,*,F,추가-루피,*,*,*,*
루피아,,,,NNB,*,F,추가-루피아,*,*,*,*
리터,,,,NNB,*,F,추가-리터,*,*,*,*
마일,,,,NNB,*,T,추가-마일,*,*,*,*
마장,,,,NNB,*,T,추가-마장,*,*,*,*
마지기,,,,NNB,*,F,추가-마지기,*,*,*,*
만치,,,,NNB,*,F,추가-만치,*,*,*,*
만큼,,,,NNB,*,T,추가-만큼,*,*,*,*
메가바이트,,,,NNB,*,F,추가-메가바이트,*,*,*,*
밀리,,,,NNB,*,F,추가-밀리,*,*,*,*
발짝,,,,NNB,*,T,추가-발짝,*,*,*,*
센티미터,,,,NNB,*,F,추가-센티미터,*,*,*,*
어치,,,,NNB,*,F,추가-어치,*,*,*,*
에르,,,,NNB,*,F,추가-에르,*,*,*,*
에이커,,,,NNB,*,F,추가-에이커,*,*,*,*
움큼,,,,NNB,*,T,추가-움큼,*,*,*,*
웅큼,,,,NNB,*,T,추가-웅큼,*,*,*,*
원권,,,,NNB,*,T,추가-원권,*,*,*,*
인승,,,,NNB,*,T,추가-인승,*,*,*,*
절지,,,,NNB,*,F,추가-절지,*,*,*,*
족족,,,,NNB,*,T,추가-족족,*,*,*,*
즈음,,,,NNB,*,T,추가-즈음,*,*,*,*
켤레,,,,NNB,*,F,추가-켤레,*,*,*,*
큐핏,,,,NNB,*,T,추가-큐핏,*,*,*,*
크로나,,,,NNB,*,F,추가-크로나,*,*,*,*
킬로그램,,,,NNB,*,T,추가-킬로그램,*,*,*,*
킬로미터,,,,NNB,*,F,추가-킬로미터,*,*,*,*
킬로바이트,,,,NNB,*,F,추가-킬로바이트,*,*,*,*
타스,,,,NNB,*,F,추가-타스,*,*,*,*
페소,,,,NNB,*,F,추가-페소,*,*,*,*
평방미터,,,,NNB,*,F,추가-평방미터,*,*,*,*
해리,,,,NNB,*,F,추가-해리,*,*,*,*
