힌두교적,,,,MM,*,T,힌두교적,*,*,*,*
히브리적,,,,MM,*,T,히브리적,*,*,*,*
희화적,,,,MM,*,T,희화적,*,*,*,*
희생적,,,,MM,*,T,희생적,*,*,*,*
희비극적인,,,,MM,*,T,희비극적인,*,*,*,*
희망적,,,,MM,*,T,희망적,*,*,*,*
희랍적,,,,MM,*,T,희랍적,*,*,*,*
희극적,,,,MM,*,T,희극적,*,*,*,*
희곡적,,,,MM,*,T,희곡적,*,*,*,*
흥미적,,,,MM,*,T,흥미적,*,*,*,*
흡수적,,,,MM,*,T,흡수적,*,*,*,*
휴머니즘적,,,,MM,*,T,휴머니즘적,*,*,*,*
훈고학적,,,,MM,*,T,훈고학적,*,*,*,*
후천적,,,,MM,*,T,후천적,*,*,*,*
후차적,,,,MM,*,T,후차적,*,*,*,*
후진적,,,,MM,*,T,후진적,*,*,*,*
후원적,,,,MM,*,T,후원적,*,*,*,*
후속적,,,,MM,*,T,후속적,*,*,*,*
후생적,,,,MM,*,T,후생적,*,*,*,*
후대적,,,,MM,*,T,후대적,*,*,*,*
후각적,,,,MM,*,T,후각적,*,*,*,*
효율적,,,,MM,*,T,효율적,*,*,*,*
효용주의적,,,,MM,*,T,효용주의적,*,*,*,*
효용적,,,,MM,*,T,효용적,*,*,*,*
효과적,,,,MM,*,T,효과적,*,*,*,*
횡적,,,,MM,*,T,횡적,*,*,*,*
획일적,,,,MM,*,T,획일적,*,*,*,*
획시대적,,,,MM,*,T,획시대적,*,*,*,*
획시기적,,,,MM,*,T,획시기적,*,*,*,*
획기적,,,,MM,*,T,획기적,*,*,*,*
회화적,,,,MM,*,T,회화적,*,*,*,*
회피적,,,,MM,*,T,회피적,*,*,*,*
회의주의적,,,,MM,*,T,회의주의적,*,*,*,*
회의적,,,,MM,*,T,회의적,*,*,*,*
회유적,,,,MM,*,T,회유적,*,*,*,*
회색적,,,,MM,*,T,회색적,*,*,*,*
회상적,,,,MM,*,T,회상적,*,*,*,*
회귀적,,,,MM,*,T,회귀적,*,*,*,*
회고적,,,,MM,*,T,회고적,*,*,*,*
활용적,,,,MM,*,T,활용적,*,*,*,*
활성적,,,,MM,*,T,활성적,*,*,*,*
활력적,,,,MM,*,T,활력적,*,*,*,*
활동적,,,,MM,*,T,활동적,*,*,*,*
환율적,,,,MM,*,T,환율적,*,*,*,*
환유적,,,,MM,*,T,환유적,*,*,*,*
환원주의적,,,,MM,*,T,환원주의적,*,*,*,*
환원적,,,,MM,*,T,환원적,*,*,*,*
환원론적,,,,MM,*,T,환원론적,*,*,*,*
환영적,,,,MM,*,T,환영적,*,*,*,*
환상적,,,,MM,*,T,환상적,*,*,*,*
환멸적,,,,MM,*,T,환멸적,*,*,*,*
환경학적,,,,MM,*,T,환경학적,*,*,*,*
환경친화적,,,,MM,*,T,환경친화적,*,*,*,*
환경적,,,,MM,*,T,환경적,*,*,*,*
환각적,,,,MM,*,T,환각적,*,*,*,*
확정적,,,,MM,*,T,확정적,*,*,*,*
확장적,,,,MM,*,T,확장적,*,*,*,*
확인적,,,,MM,*,T,확인적,*,*,*,*
확산적,,,,MM,*,T,확산적,*,*,*,*
확률적,,,,MM,*,T,확률적,*,*,*,*
화학적,,,,MM,*,T,화학적,*,*,*,*
화용적,,,,MM,*,T,화용적,*,*,*,*
화용론적,,,,MM,*,T,화용론적,*,*,*,*
화법적,,,,MM,*,T,화법적,*,*,*,*
혼합적,,,,MM,*,T,혼합적,*,*,*,*
호흡적,,,,MM,*,T,호흡적,*,*,*,*
호혜적,,,,MM,*,T,호혜적,*,*,*,*
호전적,,,,MM,*,T,호전적,*,*,*,*
호인적,,,,MM,*,T,호인적,*,*,*,*
호의적,,,,MM,*,T,호의적,*,*,*,*
호소적,,,,MM,*,T,호소적,*,*,*,*
혜성적,,,,MM,*,T,혜성적,*,*,*,*
형태학적,,,,MM,*,T,형태학적,*,*,*,*
형태적,,,,MM,*,T,형태적,*,*,*,*
형태론적,,,,MM,*,T,형태론적,*,*,*,*
형질학적,,,,MM,*,T,형질학적,*,*,*,*
형이하학적,,,,MM,*,T,형이하학적,*,*,*,*
형이하적,,,,MM,*,T,형이하적,*,*,*,*
형이상학적,,,,MM,*,T,형이상학적,*,*,*,*
형이상적,,,,MM,*,T,형이상적,*,*,*,*
형용사적,,,,MM,*,T,형용사적,*,*,*,*
형식주의적,,,,MM,*,T,형식주의적,*,*,*,*
형식적,,,,MM,*,T,형식적,*,*,*,*
형성적,,,,MM,*,T,형성적,*,*,*,*
형상적,,,,MM,*,T,형상적,*,*,*,*
형법적,,,,MM,*,T,형법적,*,*,*,*
형벌적,,,,MM,*,T,형벌적,*,*,*,*
협조적,,,,MM,*,T,협조적,*,*,*,*
협의적,,,,MM,*,T,협의적,*,*,*,*
협업적,,,,MM,*,T,협업적,*,*,*,*
협상적,,,,MM,*,T,협상적,*,*,*,*
협박적,,,,MM,*,T,협박적,*,*,*,*
협력적,,,,MM,*,T,협력적,*,*,*,*
협동적,,,,MM,*,T,협동적,*,*,*,*
혐오적,,,,MM,*,T,혐오적,*,*,*,*
혐기적,,,,MM,*,T,혐기적,*,*,*,*
혈통적,,,,MM,*,T,혈통적,*,*,*,*
혈족적,,,,MM,*,T,혈족적,*,*,*,*
혈연적,,,,MM,*,T,혈연적,*,*,*,*
현현적,,,,MM,*,T,현현적,*,*,*,*
현학적,,,,MM,*,T,현학적,*,*,*,*
현재주의적,,,,MM,*,T,현재주의적,*,*,*,*
현재적,,,,MM,*,T,현재적,*,*,*,*
현장적,,,,MM,*,T,현장적,*,*,*,*
현실주의적,,,,MM,*,T,현실주의적,*,*,*,*
현실적,,,,MM,*,T,현실적,*,*,*,*
현시적,,,,MM,*,T,현시적,*,*,*,*
현세주의적,,,,MM,*,T,현세주의적,*,*,*,*
현세적,,,,MM,*,T,현세적,*,*,*,*
현상학적,,,,MM,*,T,현상학적,*,*,*,*
현상주의적,,,,MM,*,T,현상주의적,*,*,*,*
현상적,,,,MM,*,T,현상적,*,*,*,*
현미경적,,,,MM,*,T,현미경적,*,*,*,*
현대주의적,,,,MM,*,T,현대주의적,*,*,*,*
현대적,,,,MM,*,T,현대적,*,*,*,*
혁신주의적,,,,MM,*,T,혁신주의적,*,*,*,*
혁신적,,,,MM,*,T,혁신적,*,*,*,*
혁명적,,,,MM,*,T,혁명적,*,*,*,*
혁명론적,,,,MM,*,T,혁명론적,*,*,*,*
혀나믄,,,,MM,*,T,혀나믄,*,*,*,*
헬레니즘적,,,,MM,*,T,헬레니즘적,*,*,*,*
헤튼,,,,MM,*,T,헤튼,*,*,*,*
헤천,,,,MM,*,T,헤천,*,*,*,*
헤겔주의적,,,,MM,*,T,헤겔주의적,*,*,*,*
헤게모니적,,,,MM,*,T,헤게모니적,*,*,*,*
헛튼,,,,MM,*,T,헛튼,*,*,*,*
헌신적,,,,MM,*,T,헌신적,*,*,*,*
헌법적,,,,MM,*,T,헌법적,*,*,*,*
허튼,,,,MM,*,T,허튼,*,*,*,*
허위적,,,,MM,*,T,허위적,*,*,*,*
허영적,,,,MM,*,T,허영적,*,*,*,*
허무주의적,,,,MM,*,T,허무주의적,*,*,*,*
허무적,,,,MM,*,T,허무적,*,*,*,*
허구적,,,,MM,*,T,허구적,*,*,*,*
허공,,,,MM,*,T,허공,*,*,*,*
향토적,,,,MM,*,T,향토적,*,*,*,*
향정적,,,,MM,*,T,향정적,*,*,*,*
향락적,,,,MM,*,T,향락적,*,*,*,*
향기적,,,,MM,*,T,향기적,*,*,*,*
행정적,,,,MM,*,T,행정적,*,*,*,*
행위적,,,,MM,*,T,행위적,*,*,*,*
행습적,,,,MM,*,T,행습적,*,*,*,*
행사적,,,,MM,*,T,행사적,*,*,*,*
행동적,,,,MM,*,T,행동적,*,*,*,*
핵심적,,,,MM,*,T,핵심적,*,*,*,*
핵가족주의적,,,,MM,*,T,핵가족주의적,*,*,*,*
핵가족적,,,,MM,*,T,핵가족적,*,*,*,*
해학적,,,,MM,*,T,해학적,*,*,*,*
해양적,,,,MM,*,T,해양적,*,*,*,*
해악적,,,,MM,*,T,해악적,*,*,*,*
해석학적,,,,MM,*,T,해석학적,*,*,*,*
해석적,,,,MM,*,T,해석적,*,*,*,*
해석론적,,,,MM,*,T,해석론적,*,*,*,*
해부학적,,,,MM,*,T,해부학적,*,*,*,*
해방적,,,,MM,*,T,해방적,*,*,*,*
항하사,,,,MM,*,F,항하사,*,*,*,*
항일적,,,,MM,*,T,항일적,*,*,*,*
항시적,,,,MM,*,T,항시적,*,*,*,*
항상적,,,,MM,*,T,항상적,*,*,*,*
항구적,,,,MM,*,T,항구적,*,*,*,*
합헌적,,,,MM,*,T,합헌적,*,*,*,*
합일적,,,,MM,*,T,합일적,*,*,*,*
합성적,,,,MM,*,T,합성적,*,*,*,*
합법칙적,,,,MM,*,T,합법칙적,*,*,*,*
합법적,,,,MM,*,T,합법적,*,*,*,*
합목적적,,,,MM,*,T,합목적적,*,*,*,*
합리주의적,,,,MM,*,T,합리주의적,*,*,*,*
합리적,,,,MM,*,T,합리적,*,*,*,*
합리론적,,,,MM,*,T,합리론적,*,*,*,*
함축적,,,,MM,*,T,함축적,*,*,*,*
함수적,,,,MM,*,T,함수적,*,*,*,*
한정적,,,,MM,*,T,한정적,*,*,*,*
한의학적,,,,MM,*,T,한의학적,*,*,*,*
한시적,,,,MM,*,T,한시적,*,*,*,*
한방적,,,,MM,*,T,한방적,*,*,*,*
한문학적,,,,MM,*,T,한문학적,*,*,*,*
한두째,,,,MM,*,F,한두째,*,*,*,*
한두,,,,MM,*,F,한두,*,*,*,*
한다하는,,,,MM,*,T,한다하는,*,*,*,*
한다는,,,,MM,*,T,한다는,*,*,*,*
한국적,,,,MM,*,T,한국적,*,*,*,*
학파적,,,,MM,*,T,학파적,*,*,*,*
학제적,,,,MM,*,T,학제적,*,*,*,*
학적,,,,MM,*,T,학적,*,*,*,*
학자적,,,,MM,*,T,학자적,*,*,*,*
학업적,,,,MM,*,T,학업적,*,*,*,*
학습적,,,,MM,*,T,학습적,*,*,*,*
학술적,,,,MM,*,T,학술적,*,*,*,*
학설사적,,,,MM,*,T,학설사적,*,*,*,*
학벌주의적,,,,MM,*,T,학벌주의적,*,*,*,*
학문적,,,,MM,*,T,학문적,*,*,*,*
학리적,,,,MM,*,T,학리적,*,*,*,*
학구적,,,,MM,*,T,학구적,*,*,*,*
학과적,,,,MM,*,T,학과적,*,*,*,*
하향적,,,,MM,*,T,하향적,*,*,*,*
하강,,,,MM,*,T,하강,*,*,*,*
하간,,,,MM,*,T,하간,*,*,*,*
필연적,,,,MM,*,T,필연적,*,*,*,*
필수적,,,,MM,*,T,필수적,*,*,*,*
필사적,,,,MM,*,T,필사적,*,*,*,*
피억압적,,,,MM,*,T,피억압적,*,*,*,*
피상적,,,,MM,*,T,피상적,*,*,*,*
피동적,,,,MM,*,T,피동적,*,*,*,*
플라톤주의적,,,,MM,*,T,플라톤주의적,*,*,*,*
플라토닉적,,,,MM,*,T,플라토닉적,*,*,*,*
프래그머티즘적,,,,MM,*,T,프래그머티즘적,*,*,*,*
풍토적,,,,MM,*,T,풍토적,*,*,*,*
풍자적,,,,MM,*,T,풍자적,*,*,*,*
풍유적,,,,MM,*,T,풍유적,*,*,*,*
풍수지리적,,,,MM,*,T,풍수지리적,*,*,*,*
풍수적,,,,MM,*,T,풍수적,*,*,*,*
풍속적,,,,MM,*,T,풍속적,*,*,*,*
풍류적,,,,MM,*,T,풍류적,*,*,*,*
품종적,,,,MM,*,T,품종적,*,*,*,*
표현주의적,,,,MM,*,T,표현주의적,*,*,*,*
표현적,,,,MM,*,T,표현적,*,*,*,*
표피적,,,,MM,*,T,표피적,*,*,*,*
표출적,,,,MM,*,T,표출적,*,*,*,*
표준적,,,,MM,*,T,표준적,*,*,*,*
표음적,,,,MM,*,T,표음적,*,*,*,*
표본적,,,,MM,*,T,표본적,*,*,*,*
표면적,,,,MM,*,T,표면적,*,*,*,*
폭탄적,,,,MM,*,T,폭탄적,*,*,*,*
폭발적,,,,MM,*,T,폭발적,*,*,*,*
폭력적,,,,MM,*,T,폭력적,*,*,*,*
폭동적,,,,MM,*,T,폭동적,*,*,*,*
폭군적,,,,MM,*,T,폭군적,*,*,*,*
포퓰리즘적,,,,MM,*,T,포퓰리즘적,*,*,*,*
포용적,,,,MM,*,T,포용적,*,*,*,*
포스트모더니즘적,,,,MM,*,T,포스트모더니즘적,*,*,*,*
포괄적,,,,MM,*,T,포괄적,*,*,*,*
폐쇄적,,,,MM,*,T,폐쇄적,*,*,*,*
평화주의적,,,,MM,*,T,평화주의적,*,*,*,*
평화적,,,,MM,*,T,평화적,*,*,*,*
평행적,,,,MM,*,T,평행적,*,*,*,*
평상적,,,,MM,*,T,평상적,*,*,*,*
평민적,,,,MM,*,T,평민적,*,*,*,*
평면적,,,,MM,*,T,평면적,*,*,*,*
평론적,,,,MM,*,T,평론적,*,*,*,*
평등주의적,,,,MM,*,T,평등주의적,*,*,*,*
평등적,,,,MM,*,T,평등적,*,*,*,*
평균적,,,,MM,*,T,평균적,*,*,*,*
평가적,,,,MM,*,T,평가적,*,*,*,*
편협적,,,,MM,*,T,편협적,*,*,*,*
편향적,,,,MM,*,T,편향적,*,*,*,*
편파적,,,,MM,*,T,편파적,*,*,*,*
편집증적,,,,MM,*,T,편집증적,*,*,*,*
편집적,,,,MM,*,T,편집적,*,*,*,*
편집자적,,,,MM,*,T,편집자적,*,*,*,*
편집광적,,,,MM,*,T,편집광적,*,*,*,*
편중적,,,,MM,*,T,편중적,*,*,*,*
편의주의적,,,,MM,*,T,편의주의적,*,*,*,*
편의적,,,,MM,*,T,편의적,*,*,*,*
편법적,,,,MM,*,T,편법적,*,*,*,*
편무적,,,,MM,*,T,편무적,*,*,*,*
편리적,,,,MM,*,T,편리적,*,*,*,*
편당적,,,,MM,*,T,편당적,*,*,*,*
편견적,,,,MM,*,T,편견적,*,*,*,*
펜파적,,,,MM,*,T,펜파적,*,*,*,*
페미니즘적,,,,MM,*,T,페미니즘적,*,*,*,*
페미니스트적,,,,MM,*,T,페미니스트적,*,*,*,*
펑크적,,,,MM,*,T,펑크적,*,*,*,*
팽창적,,,,MM,*,T,팽창적,*,*,*,*
팸플릿적,,,,MM,*,T,팸플릿적,*,*,*,*
패배주의적,,,,MM,*,T,패배주의적,*,*,*,*
패배자적,,,,MM,*,T,패배자적,*,*,*,*
패륜적,,,,MM,*,T,패륜적,*,*,*,*
패덕적,,,,MM,*,T,패덕적,*,*,*,*
패권주의적,,,,MM,*,T,패권주의적,*,*,*,*
패권적,,,,MM,*,T,패권적,*,*,*,*
팔십,,,,MM,*,T,팔십,*,*,*,*
팔구,,,,MM,*,F,팔구,*,*,*,*
판화적,,,,MM,*,T,판화적,*,*,*,*
판타지적,,,,MM,*,T,판타지적,*,*,*,*
판본학적,,,,MM,*,T,판본학적,*,*,*,*
판단적,,,,MM,*,T,판단적,*,*,*,*
파행적,,,,MM,*,T,파행적,*,*,*,*
파편적,,,,MM,*,T,파편적,*,*,*,*
파시즘적,,,,MM,*,T,파시즘적,*,*,*,*
파생적,,,,MM,*,T,파생적,*,*,*,*
파상적,,,,MM,*,T,파상적,*,*,*,*
파벌적,,,,MM,*,T,파벌적,*,*,*,*
파멸적,,,,MM,*,T,파멸적,*,*,*,*
파국적,,,,MM,*,T,파국적,*,*,*,*
파괴주의적,,,,MM,*,T,파괴주의적,*,*,*,*
파괴적,,,,MM,*,T,파괴적,*,*,*,*
파격적,,,,MM,*,T,파격적,*,*,*,*
특혜적,,,,MM,*,T,특혜적,*,*,*,*
특징적,,,,MM,*,T,특징적,*,*,*,*
특정적,,,,MM,*,T,특정적,*,*,*,*
특이적,,,,MM,*,T,특이적,*,*,*,*
특수주의적,,,,MM,*,T,특수주의적,*,*,*,*
특수적,,,,MM,*,T,특수적,*,*,*,*
특성적,,,,MM,*,T,특성적,*,*,*,*
특권적,,,,MM,*,T,특권적,*,*,*,*
투쟁주의적,,,,MM,*,T,투쟁주의적,*,*,*,*
투쟁적,,,,MM,*,T,투쟁적,*,*,*,*
투자적,,,,MM,*,T,투자적,*,*,*,*
투영적,,,,MM,*,T,투영적,*,*,*,*
투기적,,,,MM,*,T,투기적,*,*,*,*
퇴행적,,,,MM,*,T,퇴행적,*,*,*,*
퇴폐주의적,,,,MM,*,T,퇴폐주의적,*,*,*,*
퇴폐적,,,,MM,*,T,퇴폐적,*,*,*,*
퇴영적,,,,MM,*,T,퇴영적,*,*,*,*
퇴보적,,,,MM,*,T,퇴보적,*,*,*,*
통화적,,,,MM,*,T,통화적,*,*,*,*
통합체적,,,,MM,*,T,통합체적,*,*,*,*
통합적,,,,MM,*,T,통합적,*,*,*,*
통제적,,,,MM,*,T,통제적,*,*,*,*
통일적,,,,MM,*,T,통일적,*,*,*,*
통신적,,,,MM,*,T,통신적,*,*,*,*
통시적,,,,MM,*,T,통시적,*,*,*,*
통속적,,,,MM,*,T,통속적,*,*,*,*
통상적,,,,MM,*,T,통상적,*,*,*,*
통사적,,,,MM,*,T,통사적,*,*,*,*
통사론적,,,,MM,*,T,통사론적,*,*,*,*
통례적,,,,MM,*,T,통례적,*,*,*,*
통념적,,,,MM,*,T,통념적,*,*,*,*
통괄적,,,,MM,*,T,통괄적,*,*,*,*
통계학적,,,,MM,*,T,통계학적,*,*,*,*
통계적,,,,MM,*,T,통계적,*,*,*,*
토착적,,,,MM,*,T,토착적,*,*,*,*
토양적,,,,MM,*,T,토양적,*,*,*,*
토속적,,,,MM,*,T,토속적,*,*,*,*
토론적,,,,MM,*,T,토론적,*,*,*,*
토건주의적,,,,MM,*,T,토건주의적,*,*,*,*
택일적,,,,MM,*,T,택일적,*,*,*,*
태생적,,,,MM,*,T,태생적,*,*,*,*
탐욕주의적,,,,MM,*,T,탐욕주의적,*,*,*,*
탐욕적,,,,MM,*,T,탐욕적,*,*,*,*
탐색적,,,,MM,*,T,탐색적,*,*,*,*
탐미주의적,,,,MM,*,T,탐미주의적,*,*,*,*
탐미적,,,,MM,*,T,탐미적,*,*,*,*
탈형식적,,,,MM,*,T,탈형식적,*,*,*,*
탈현실적,,,,MM,*,T,탈현실적,*,*,*,*
탈지역적,,,,MM,*,T,탈지역적,*,*,*,*
탈중세적,,,,MM,*,T,탈중세적,*,*,*,*
탈조직적,,,,MM,*,T,탈조직적,*,*,*,*
탈제도적,,,,MM,*,T,탈제도적,*,*,*,*
탈정치적,,,,MM,*,T,탈정치적,*,*,*,*
탈자본주의적,,,,MM,*,T,탈자본주의적,*,*,*,*
탈일상적,,,,MM,*,T,탈일상적,*,*,*,*
탈인종적,,,,MM,*,T,탈인종적,*,*,*,*
탈인격적,,,,MM,*,T,탈인격적,*,*,*,*
탈인간적,,,,MM,*,T,탈인간적,*,*,*,*
탈이성적,,,,MM,*,T,탈이성적,*,*,*,*
탈이념적,,,,MM,*,T,탈이념적,*,*,*,*
탈역사적,,,,MM,*,T,탈역사적,*,*,*,*
탈언어적,,,,MM,*,T,탈언어적,*,*,*,*
탈신화적,,,,MM,*,T,탈신화적,*,*,*,*
탈식민주의적,,,,MM,*,T,탈식민주의적,*,*,*,*
탈식민적,,,,MM,*,T,탈식민적,*,*,*,*
탈속적,,,,MM,*,T,탈속적,*,*,*,*
탈세속적,,,,MM,*,T,탈세속적,*,*,*,*
탈선적,,,,MM,*,T,탈선적,*,*,*,*
탈법적,,,,MM,*,T,탈법적,*,*,*,*
탈민족적,,,,MM,*,T,탈민족적,*,*,*,*
탈물질적,,,,MM,*,T,탈물질적,*,*,*,*
탈문화적,,,,MM,*,T,탈문화적,*,*,*,*
탈도시적,,,,MM,*,T,탈도시적,*,*,*,*
탈근대주의적,,,,MM,*,T,탈근대주의적,*,*,*,*
탈근대적,,,,MM,*,T,탈근대적,*,*,*,*
탈규제적,,,,MM,*,T,탈규제적,*,*,*,*
탈규범적,,,,MM,*,T,탈규범적,*,*,*,*
탈권위주의적,,,,MM,*,T,탈권위주의적,*,*,*,*
탈국경적,,,,MM,*,T,탈국경적,*,*,*,*
탈국가적,,,,MM,*,T,탈국가적,*,*,*,*
탈교과서적,,,,MM,*,T,탈교과서적,*,*,*,*
탈공동체적,,,,MM,*,T,탈공동체적,*,*,*,*
탈계급적,,,,MM,*,T,탈계급적,*,*,*,*
탈경계적,,,,MM,*,T,탈경계적,*,*,*,*
탈가부장적,,,,MM,*,T,탈가부장적,*,*,*,*
탄지,,,,MM,*,F,탄지,*,*,*,*
탄력적,,,,MM,*,T,탄력적,*,*,*,*
탄난,,,,MM,*,T,탄난,*,*,*,*
타협적,,,,MM,*,T,타협적,*,*,*,*
타의적,,,,MM,*,T,타의적,*,*,*,*
타율적,,,,MM,*,T,타율적,*,*,*,*
타성적,,,,MM,*,T,타성적,*,*,*,*
타산적,,,,MM,*,T,타산적,*,*,*,*
타난,,,,MM,*,T,타난,*,*,*,*
타격적,,,,MM,*,T,타격적,*,*,*,*
타각적,,,,MM,*,T,타각적,*,*,*,*
클래식적,,,,MM,*,T,클래식적,*,*,*,*
쿠데타적,,,,MM,*,T,쿠데타적,*,*,*,*
쾌락주의적,,,,MM,*,T,쾌락주의적,*,*,*,*
쾌락적,,,,MM,*,T,쾌락적,*,*,*,*
캠페인적,,,,MM,*,T,캠페인적,*,*,*,*
칼뱅주의적,,,,MM,*,T,칼뱅주의적,*,*,*,*
카오스적,,,,MM,*,T,카오스적,*,*,*,*
카멜레온적,,,,MM,*,T,카멜레온적,*,*,*,*
카리스마적,,,,MM,*,T,카리스마적,*,*,*,*
카니발적,,,,MM,*,T,카니발적,*,*,*,*
침습적,,,,MM,*,T,침습적,*,*,*,*
침략주의적,,,,MM,*,T,침략주의적,*,*,*,*
침략적,,,,MM,*,T,침략적,*,*,*,*
칠팔,,,,MM,*,T,칠팔,*,*,*,*
칠십,,,,MM,*,T,칠십,*,*,*,*
친환경적,,,,MM,*,T,친환경적,*,*,*,*
친화적,,,,MM,*,T,친화적,*,*,*,*
친향적,,,,MM,*,T,친향적,*,*,*,*
친중산층적,,,,MM,*,T,친중산층적,*,*,*,*
친정부적,,,,MM,*,T,친정부적,*,*,*,*
친재벌적,,,,MM,*,T,친재벌적,*,*,*,*
친일적,,,,MM,*,T,친일적,*,*,*,*
친위생적,,,,MM,*,T,친위생적,*,*,*,*
친수도권적,,,,MM,*,T,친수도권적,*,*,*,*
친서민적,,,,MM,*,T,친서민적,*,*,*,*
친사회적,,,,MM,*,T,친사회적,*,*,*,*
친부유층적,,,,MM,*,T,친부유층적,*,*,*,*
친민적,,,,MM,*,T,친민적,*,*,*,*
친미주의적,,,,MM,*,T,친미주의적,*,*,*,*
친노동적,,,,MM,*,T,친노동적,*,*,*,*
친기업적,,,,MM,*,T,친기업적,*,*,*,*
친국민적,,,,MM,*,T,친국민적,*,*,*,*
친국가적,,,,MM,*,T,친국가적,*,*,*,*
친건강적,,,,MM,*,T,친건강적,*,*,*,*
치욕적,,,,MM,*,T,치욕적,*,*,*,*
치수적,,,,MM,*,T,치수적,*,*,*,*
치명적,,,,MM,*,T,치명적,*,*,*,*
치료적,,,,MM,*,T,치료적,*,*,*,*
측면적,,,,MM,*,T,측면적,*,*,*,*
취약적,,,,MM,*,T,취약적,*,*,*,*
충족적,,,,MM,*,T,충족적,*,*,*,*
충동적,,,,MM,*,T,충동적,*,*,*,*
충격적,,,,MM,*,T,충격적,*,*,*,*
출세주의적,,,,MM,*,T,출세주의적,*,*,*,*
축차적,,,,MM,*,T,축차적,*,*,*,*
축조적,,,,MM,*,T,축조적,*,*,*,*
축자적,,,,MM,*,T,축자적,*,*,*,*
축소적,,,,MM,*,T,축소적,*,*,*,*
추진적,,,,MM,*,T,추진적,*,*,*,*
추이적,,,,MM,*,T,추이적,*,*,*,*
추세적,,,,MM,*,T,추세적,*,*,*,*
추상주의적,,,,MM,*,T,추상주의적,*,*,*,*
추상적,,,,MM,*,T,추상적,*,*,*,*
추리극적,,,,MM,*,T,추리극적,*,*,*,*
추론적,,,,MM,*,T,추론적,*,*,*,*
추동적,,,,MM,*,T,추동적,*,*,*,*
추가적,,,,MM,*,T,추가적,*,*,*,*
최후적,,,,MM,*,T,최후적,*,*,*,*
최종적,,,,MM,*,T,최종적,*,*,*,*
최우선적,,,,MM,*,T,최우선적,*,*,*,*
총체적,,,,MM,*,T,총체적,*,*,*,*
총적,,,,MM,*,T,총적,*,*,*,*
총론적,,,,MM,*,T,총론적,*,*,*,*
총량적,,,,MM,*,T,총량적,*,*,*,*
총괄적,,,,MM,*,T,총괄적,*,*,*,*
촉감적,,,,MM,*,T,촉감적,*,*,*,*
촉각적,,,,MM,*,T,촉각적,*,*,*,*
초현실적,,,,MM,*,T,초현실적,*,*,*,*
초현미경적,,,,MM,*,T,초현미경적,*,*,*,*
초현대적,,,,MM,*,T,초현대적,*,*,*,*
초혁명적,,,,MM,*,T,초혁명적,*,*,*,*
초합리적,,,,MM,*,T,초합리적,*,*,*,*
초탈적,,,,MM,*,T,초탈적,*,*,*,*
초천재적,,,,MM,*,T,초천재적,*,*,*,*
초정권적,,,,MM,*,T,초정권적,*,*,*,*
초자연적,,,,MM,*,T,초자연적,*,*,*,*
초인적,,,,MM,*,T,초인적,*,*,*,*
초인격적,,,,MM,*,T,초인격적,*,*,*,*
초인간적,,,,MM,*,T,초인간적,*,*,*,*
초이성적,,,,MM,*,T,초이성적,*,*,*,*
초이기적,,,,MM,*,T,초이기적,*,*,*,*
초월적,,,,MM,*,T,초월적,*,*,*,*
초월론적,,,,MM,*,T,초월론적,*,*,*,*
초역사적,,,,MM,*,T,초역사적,*,*,*,*
초심리적,,,,MM,*,T,초심리적,*,*,*,*
초시대적,,,,MM,*,T,초시대적,*,*,*,*
초시간적,,,,MM,*,T,초시간적,*,*,*,*
초사회적,,,,MM,*,T,초사회적,*,*,*,*
초보적,,,,MM,*,T,초보적,*,*,*,*
초법적,,,,MM,*,T,초법적,*,*,*,*
초법률적,,,,MM,*,T,초법률적,*,*,*,*
초민족적,,,,MM,*,T,초민족적,*,*,*,*
초문화적,,,,MM,*,T,초문화적,*,*,*,*
초당파적,,,,MM,*,T,초당파적,*,*,*,*
초당적,,,,MM,*,T,초당적,*,*,*,*
초논리적,,,,MM,*,T,초논리적,*,*,*,*
초기적,,,,MM,*,T,초기적,*,*,*,*
초극단적,,,,MM,*,T,초극단적,*,*,*,*
초국경적,,,,MM,*,T,초국경적,*,*,*,*
초국가적,,,,MM,*,T,초국가적,*,*,*,*
초교파적,,,,MM,*,T,초교파적,*,*,*,*
초계급적,,,,MM,*,T,초계급적,*,*,*,*
초경험적,,,,MM,*,T,초경험적,*,*,*,*
초개인적,,,,MM,*,T,초개인적,*,*,*,*
초감각적,,,,MM,*,T,초감각적,*,*,*,*
체형적,,,,MM,*,T,체형적,*,*,*,*
체험적,,,,MM,*,T,체험적,*,*,*,*
체질적,,,,MM,*,T,체질적,*,*,*,*
체제적,,,,MM,*,T,체제적,*,*,*,*
체력적,,,,MM,*,T,체력적,*,*,*,*
체념적,,,,MM,*,T,체념적,*,*,*,*
체계적,,,,MM,*,T,체계적,*,*,*,*
체감적,,,,MM,*,T,체감적,*,*,*,*
청정,,,,MM,*,T,청정,*,*,*,*
청산주의적,,,,MM,*,T,청산주의적,*,*,*,*
청구권적,,,,MM,*,T,청구권적,*,*,*,*
청교도적,,,,MM,*,T,청교도적,*,*,*,*
청각학적,,,,MM,*,T,청각학적,*,*,*,*
청각적,,,,MM,*,T,청각적,*,*,*,*
첫차,,,,MM,*,F,첫차,*,*,*,*
첫째,,,,MM,*,F,첫째,*,*,*,*
첫짜,,,,MM,*,F,첫짜,*,*,*,*
첫재,,,,MM,*,F,첫재,*,*,*,*
첨단적,,,,MM,*,T,첨단적,*,*,*,*
철학적,,,,MM,*,T,철학적,*,*,*,*
천편일률적,,,,MM,*,T,천편일률적,*,*,*,*
천재적,,,,MM,*,T,천재적,*,*,*,*
천연적,,,,MM,*,T,천연적,*,*,*,*
천성적,,,,MM,*,T,천성적,*,*,*,*
천부적,,,,MM,*,T,천부적,*,*,*,*
천민적,,,,MM,*,T,천민적,*,*,*,*
천문학적,,,,MM,*,T,천문학적,*,*,*,*
천만,,,,MM,*,T,천만,*,*,*,*
책임적,,,,MM,*,T,책임적,*,*,*,*
책략적,,,,MM,*,T,책략적,*,*,*,*
책동적,,,,MM,*,T,책동적,*,*,*,*
채식주의적,,,,MM,*,T,채식주의적,*,*,*,*
채색적,,,,MM,*,T,채색적,*,*,*,*
채권적,,,,MM,*,T,채권적,*,*,*,*
창조적,,,,MM,*,T,창조적,*,*,*,*
창작적,,,,MM,*,T,창작적,*,*,*,*
창의적,,,,MM,*,T,창의적,*,*,*,*
창발적,,,,MM,*,T,창발적,*,*,*,*
참여적,,,,MM,*,T,참여적,*,*,*,*
참고적,,,,MM,*,T,참고적,*,*,*,*
찰나적,,,,MM,*,T,찰나적,*,*,*,*
찰나,,,,MM,*,F,찰나,*,*,*,*
착취적,,,,MM,*,T,착취적,*,*,*,*
착시적,,,,MM,*,T,착시적,*,*,*,*
착란적,,,,MM,*,T,착란적,*,*,*,*
차원적,,,,MM,*,T,차원적,*,*,*,*
차별적,,,,MM,*,T,차별적,*,*,*,*
차등적,,,,MM,*,T,차등적,*,*,*,*
쪼런,,,,MM,*,T,쪼런,*,*,*,*
쩌까튼,,,,MM,*,T,쩌까튼,*,*,*,*
째깜,,,,MM,*,T,째깜,*,*,*,*
징벌적,,,,MM,*,T,징벌적,*,*,*,*
집합주의적,,,,MM,*,T,집합주의적,*,*,*,*
집합적,,,,MM,*,T,집합적,*,*,*,*
집착적,,,,MM,*,T,집착적,*,*,*,*
집중적,,,,MM,*,T,집중적,*,*,*,*
집약적,,,,MM,*,T,집약적,*,*,*,*
집성적,,,,MM,*,T,집성적,*,*,*,*
집단주의적,,,,MM,*,T,집단주의적,*,*,*,*
집단적,,,,MM,*,T,집단적,*,*,*,*
집권적,,,,MM,*,T,집권적,*,*,*,*
짐승적,,,,MM,*,T,짐승적,*,*,*,*
질책적,,,,MM,*,T,질책적,*,*,*,*
질적,,,,MM,*,T,질적,*,*,*,*
질량적,,,,MM,*,T,질량적,*,*,*,*
진화적,,,,MM,*,T,진화적,*,*,*,*
진화론적,,,,MM,*,T,진화론적,*,*,*,*
진취적,,,,MM,*,T,진취적,*,*,*,*
진진,,,,MM,*,T,진진,*,*,*,*
진장맞일,,,,MM,*,T,진장맞일,*,*,*,*
진보주의적,,,,MM,*,T,진보주의적,*,*,*,*
진보적,,,,MM,*,T,진보적,*,*,*,*
진리적,,,,MM,*,T,진리적,*,*,*,*
진단적,,,,MM,*,T,진단적,*,*,*,*
진공적,,,,MM,*,T,진공적,*,*,*,*
직접적,,,,MM,*,T,직접적,*,*,*,*
직유적,,,,MM,*,T,직유적,*,*,*,*
직업적,,,,MM,*,T,직업적,*,*,*,*
직시적,,,,MM,*,T,직시적,*,*,*,*
직설적,,,,MM,*,T,직설적,*,*,*,*
직선적,,,,MM,*,T,직선적,*,*,*,*
직서적,,,,MM,*,T,직서적,*,*,*,*
직립적,,,,MM,*,T,직립적,*,*,*,*
직능적,,,,MM,*,T,직능적,*,*,*,*
직권식,,,,MM,*,T,직권식,*,*,*,*
직관적,,,,MM,*,T,직관적,*,*,*,*
직감적,,,,MM,*,T,직감적,*,*,*,*
직간접적,,,,MM,*,T,직간접적,*,*,*,*
직각적,,,,MM,*,T,직각적,*,*,*,*
지형적,,,,MM,*,T,지형적,*,*,*,*
지향적,,,,MM,*,T,지향적,*,*,*,*
지표적,,,,MM,*,T,지표적,*,*,*,*
지질학적,,,,MM,*,T,지질학적,*,*,*,*
지질적,,,,MM,*,T,지질적,*,*,*,*
지지난,,,,MM,*,T,지지난,*,*,*,*
지정학적,,,,MM,*,T,지정학적,*,*,*,*
지적,,,,MM,*,T,지적,*,*,*,*
지원적,,,,MM,*,T,지원적,*,*,*,*
지엽적,,,,MM,*,T,지엽적,*,*,*,*
지연적,,,,MM,*,T,지연적,*,*,*,*
지역적,,,,MM,*,T,지역적,*,*,*,*
지식인적,,,,MM,*,T,지식인적,*,*,*,*
지시적,,,,MM,*,T,지시적,*,*,*,*
지수적,,,,MM,*,T,지수적,*,*,*,*
지속적,,,,MM,*,T,지속적,*,*,*,*
지성적,,,,MM,*,T,지성적,*,*,*,*
지상주의적,,,,MM,*,T,지상주의적,*,*,*,*
지상적,,,,MM,*,T,지상적,*,*,*,*
지사적,,,,MM,*,T,지사적,*,*,*,*
지배적,,,,MM,*,T,지배적,*,*,*,*
지방적,,,,MM,*,T,지방적,*,*,*,*
지리학적,,,,MM,*,T,지리학적,*,*,*,*
지리적,,,,MM,*,T,지리적,*,*,*,*
지도적,,,,MM,*,T,지도적,*,*,*,*
지도자적,,,,MM,*,T,지도자적,*,*,*,*
지대적,,,,MM,*,T,지대적,*,*,*,*
지능적,,,,MM,*,T,지능적,*,*,*,*
지깐,,,,MM,*,T,지깐,*,*,*,*
지까짓,,,,MM,*,T,지까짓,*,*,*,*
지까진,,,,MM,*,T,지까진,*,*,*,*
지구적,,,,MM,*,T,지구적,*,*,*,*
지각적,,,,MM,*,T,지각적,*,*,*,*
증폭적,,,,MM,*,T,증폭적,*,*,*,*
증명적,,,,MM,*,T,증명적,*,*,*,*
증거적,,,,MM,*,T,증거적,*,*,*,*
즉흥적,,,,MM,*,T,즉흥적,*,*,*,*
즉응적,,,,MM,*,T,즉응적,*,*,*,*
즉시적,,,,MM,*,T,즉시적,*,*,*,*
즉물적,,,,MM,*,T,즉물적,*,*,*,*
즉각적,,,,MM,*,T,즉각적,*,*,*,*
즈믄,,,,MM,*,T,즈믄,*,*,*,*
중화주의적,,,,MM,*,T,중화주의적,*,*,*,*
중층적,,,,MM,*,T,중층적,*,*,*,*
중추적,,,,MM,*,T,중추적,*,*,*,*
중첩적,,,,MM,*,T,중첩적,*,*,*,*
중점적,,,,MM,*,T,중점적,*,*,*,*
중재적,,,,MM,*,T,중재적,*,*,*,*
중장기적,,,,MM,*,T,중장기적,*,*,*,*
중의적,,,,MM,*,T,중의적,*,*,*,*
중위적,,,,MM,*,T,중위적,*,*,*,*
중용적,,,,MM,*,T,중용적,*,*,*,*
중앙적,,,,MM,*,T,중앙적,*,*,*,*
중심주의적,,,,MM,*,T,중심주의적,*,*,*,*
중심적,,,,MM,*,T,중심적,*,*,*,*
중세적,,,,MM,*,T,중세적,*,*,*,*
중세어적,,,,MM,*,T,중세어적,*,*,*,*
중성적,,,,MM,*,T,중성적,*,*,*,*
중생적,,,,MM,*,T,중생적,*,*,*,*
중상주의적,,,,MM,*,T,중상주의적,*,*,*,*
중상적,,,,MM,*,T,중상적,*,*,*,*
중복적,,,,MM,*,T,중복적,*,*,*,*
중립적,,,,MM,*,T,중립적,*,*,*,*
중독적,,,,MM,*,T,중독적,*,*,*,*
중도적,,,,MM,*,T,중도적,*,*,*,*
중단기적,,,,MM,*,T,중단기적,*,*,*,*
중기적,,,,MM,*,T,중기적,*,*,*,*
중간적,,,,MM,*,T,중간적,*,*,*,*
중간재적,,,,MM,*,T,중간재적,*,*,*,*
중간자적,,,,MM,*,T,중간자적,*,*,*,*
준정적,,,,MM,*,T,준정적,*,*,*,*
준정부적,,,,MM,*,T,준정부적,*,*,*,*
준입법적,,,,MM,*,T,준입법적,*,*,*,*
준순,,,,MM,*,T,준순,*,*,*,*
준사법적,,,,MM,*,T,준사법적,*,*,*,*
준비적,,,,MM,*,T,준비적,*,*,*,*
준국가적,,,,MM,*,T,준국가적,*,*,*,*
준공적,,,,MM,*,T,준공적,*,*,*,*
주체적,,,,MM,*,T,주체적,*,*,*,*
주지적,,,,MM,*,T,주지적,*,*,*,*
주제적,,,,MM,*,T,주제적,*,*,*,*
주정적,,,,MM,*,T,주정적,*,*,*,*
주자학적,,,,MM,*,T,주자학적,*,*,*,*
주의적,,,,MM,*,T,주의적,*,*,*,*
주술적,,,,MM,*,T,주술적,*,*,*,*
주변적,,,,MM,*,T,주변적,*,*,*,*
주변인적,,,,MM,*,T,주변인적,*,*,*,*
주류적,,,,MM,*,T,주류적,*,*,*,*
주동적,,,,MM,*,T,주동적,*,*,*,*
주도적,,,,MM,*,T,주도적,*,*,*,*
주기적,,,,MM,*,T,주기적,*,*,*,*
주관주의적,,,,MM,*,T,주관주의적,*,*,*,*
주관적,,,,MM,*,T,주관적,*,*,*,*
좌편향적,,,,MM,*,T,좌편향적,*,*,*,*
좌파적,,,,MM,*,T,좌파적,*,*,*,*
좌익적,,,,MM,*,T,좌익적,*,*,*,*
좌경적,,,,MM,*,T,좌경적,*,*,*,*
종횡적,,,,MM,*,T,종횡적,*,*,*,*
종합적,,,,MM,*,T,종합적,*,*,*,*
종파주의적,,,,MM,*,T,종파주의적,*,*,*,*
종파적,,,,MM,*,T,종파적,*,*,*,*
종족적,,,,MM,*,T,종족적,*,*,*,*
종적,,,,MM,*,T,종적,*,*,*,*
종신적,,,,MM,*,T,종신적,*,*,*,*
종속적,,,,MM,*,T,종속적,*,*,*,*
종북적,,,,MM,*,T,종북적,*,*,*,*
종말론적,,,,MM,*,T,종말론적,*,*,*,*
종국적,,,,MM,*,T,종국적,*,*,*,*
종교학적,,,,MM,*,T,종교학적,*,*,*,*
종교적,,,,MM,*,T,종교적,*,*,*,*
종교사적,,,,MM,*,T,종교사적,*,*,*,*
졸속적,,,,MM,*,T,졸속적,*,*,*,*
존재적,,,,MM,*,T,존재적,*,*,*,*
존재론적,,,,MM,*,T,존재론적,*,*,*,*
족벌적,,,,MM,*,T,족벌적,*,*,*,*
조화적,,,,MM,*,T,조화적,*,*,*,*
조형적,,,,MM,*,T,조형적,*,*,*,*
조합적,,,,MM,*,T,조합적,*,*,*,*
조폭적,,,,MM,*,T,조폭적,*,*,*,*
조직적,,,,MM,*,T,조직적,*,*,*,*
조절적,,,,MM,*,T,조절적,*,*,*,*
조작주의적,,,,MM,*,T,조작주의적,*,*,*,*
조작적,,,,MM,*,T,조작적,*,*,*,*
조약적,,,,MM,*,T,조약적,*,*,*,*
조소적,,,,MM,*,T,조소적,*,*,*,*
조방적,,,,MM,*,T,조방적,*,*,*,*
조만,,,,MM,*,T,조만,*,*,*,*
조런,,,,MM,*,T,조런,*,*,*,*
조딴,,,,MM,*,T,조딴,*,*,*,*
조따위,,,,MM,*,F,조따위,*,*,*,*
조따우,,,,MM,*,F,조따우,*,*,*,*
조따구,,,,MM,*,F,조따구,*,*,*,*
조깟,,,,MM,*,T,조깟,*,*,*,*
조까튼,,,,MM,*,T,조까튼,*,*,*,*
조까짓,,,,MM,*,T,조까짓,*,*,*,*
조건적,,,,MM,*,T,조건적,*,*,*,*
조건부적,,,,MM,*,T,조건부적,*,*,*,*
조각적,,,,MM,*,T,조각적,*,*,*,*
젠장칠,,,,MM,*,T,젠장칠,*,*,*,*
젠장맞을,,,,MM,*,T,젠장맞을,*,*,*,*
제한적,,,,MM,*,T,제한적,*,*,*,*
제일의적,,,,MM,*,T,제일의적,*,*,*,*
제의적,,,,MM,*,T,제의적,*,*,*,*
제왕적,,,,MM,*,T,제왕적,*,*,*,*
제약적,,,,MM,*,T,제약적,*,*,*,*
제안적,,,,MM,*,T,제안적,*,*,*,*
제사장적,,,,MM,*,T,제사장적,*,*,*,*
제밀할,,,,MM,*,T,제밀할,*,*,*,*
제미붙을,,,,MM,*,T,제미붙을,*,*,*,*
제따기,,,,MM,*,F,제따기,*,*,*,*
제도주의적,,,,MM,*,T,제도주의적,*,*,*,*
제도적,,,,MM,*,T,제도적,*,*,*,*
제도론적,,,,MM,*,T,제도론적,*,*,*,*
제깟,,,,MM,*,T,제깟,*,*,*,*
제까짓,,,,MM,*,T,제까짓,*,*,*,*
제국주의적,,,,MM,*,T,제국주의적,*,*,*,*
정형적,,,,MM,*,T,정형적,*,*,*,*
정형외과적,,,,MM,*,T,정형외과적,*,*,*,*
정파적,,,,MM,*,T,정파적,*,*,*,*
정통적,,,,MM,*,T,정통적,*,*,*,*
정태적,,,,MM,*,T,정태적,*,*,*,*
정치학적,,,,MM,*,T,정치학적,*,*,*,*
정치적,,,,MM,*,T,정치적,*,*,*,*
정치사적,,,,MM,*,T,정치사적,*,*,*,*
정치꾼적,,,,MM,*,T,정치꾼적,*,*,*,*
정치권적,,,,MM,*,T,정치권적,*,*,*,*
정초적,,,,MM,*,T,정초적,*,*,*,*
정체적,,,,MM,*,T,정체적,*,*,*,*
정책적,,,,MM,*,T,정책적,*,*,*,*
정전기적,,,,MM,*,T,정전기적,*,*,*,*
정적,,,,MM,*,T,정적,*,*,*,*
정의적,,,,MM,*,T,정의적,*,*,*,*
정열적,,,,MM,*,T,정열적,*,*,*,*
정언적,,,,MM,*,T,정언적,*,*,*,*
정신주의적,,,,MM,*,T,정신주의적,*,*,*,*
정신적,,,,MM,*,T,정신적,*,*,*,*
정신사적,,,,MM,*,T,정신사적,*,*,*,*
정신병질적,,,,MM,*,T,정신병질적,*,*,*,*
정신병적,,,,MM,*,T,정신병적,*,*,*,*
정성적,,,,MM,*,T,정성적,*,*,*,*
정석적,,,,MM,*,T,정석적,*,*,*,*
정서적,,,,MM,*,T,정서적,*,*,*,*
정상적,,,,MM,*,T,정상적,*,*,*,*
정복적,,,,MM,*,T,정복적,*,*,*,*
정보적,,,,MM,*,T,정보적,*,*,*,*
정물적,,,,MM,*,T,정물적,*,*,*,*
정무적,,,,MM,*,T,정무적,*,*,*,*
정립적,,,,MM,*,T,정립적,*,*,*,*
정론적,,,,MM,*,T,정론적,*,*,*,*
정례적,,,,MM,*,T,정례적,*,*,*,*
정력적,,,,MM,*,T,정력적,*,*,*,*
정량적,,,,MM,*,T,정량적,*,*,*,*
정략적,,,,MM,*,T,정략적,*,*,*,*
정당적,,,,MM,*,T,정당적,*,*,*,*
정념적,,,,MM,*,T,정념적,*,*,*,*
정기적,,,,MM,*,T,정기적,*,*,*,*
정극적,,,,MM,*,T,정극적,*,*,*,*
정규적,,,,MM,*,T,정규적,*,*,*,*
정권적,,,,MM,*,T,정권적,*,*,*,*
정교일치적,,,,MM,*,T,정교일치적,*,*,*,*
정관적,,,,MM,*,T,정관적,*,*,*,*
정감적,,,,MM,*,T,정감적,*,*,*,*
점층적,,,,MM,*,T,점층적,*,*,*,*
점차적,,,,MM,*,T,점차적,*,*,*,*
점진적,,,,MM,*,T,점진적,*,*,*,*
점증적,,,,MM,*,T,점증적,*,*,*,*
점강적,,,,MM,*,T,점강적,*,*,*,*
절충주의적,,,,MM,*,T,절충주의적,*,*,*,*
절충적,,,,MM,*,T,절충적,*,*,*,*
절차적,,,,MM,*,T,절차적,*,*,*,*
절약적,,,,MM,*,T,절약적,*,*,*,*
절망적,,,,MM,*,T,절망적,*,*,*,*
절대적,,,,MM,*,T,절대적,*,*,*,*
전후적,,,,MM,*,T,전후적,*,*,*,*
전형적,,,,MM,*,T,전형적,*,*,*,*
전향적,,,,MM,*,T,전향적,*,*,*,*
전해석적,,,,MM,*,T,전해석적,*,*,*,*
전폭적,,,,MM,*,T,전폭적,*,*,*,*
전투적,,,,MM,*,T,전투적,*,*,*,*
전통주의적,,,,MM,*,T,전통주의적,*,*,*,*
전통적,,,,MM,*,T,전통적,*,*,*,*
전초적,,,,MM,*,T,전초적,*,*,*,*
전체주의적,,,,MM,*,T,전체주의적,*,*,*,*
전체적,,,,MM,*,T,전체적,*,*,*,*
전천후적,,,,MM,*,T,전천후적,*,*,*,*
전진적,,,,MM,*,T,전진적,*,*,*,*
전지적,,,,MM,*,T,전지적,*,*,*,*
전제적,,,,MM,*,T,전제적,*,*,*,*
전정부적,,,,MM,*,T,전정부적,*,*,*,*
전전,,,,MM,*,T,전전,*,*,*,*
전적,,,,MM,*,T,전적,*,*,*,*
전쟁주의적,,,,MM,*,T,전쟁주의적,*,*,*,*
전쟁적,,,,MM,*,T,전쟁적,*,*,*,*
전자적,,,,MM,*,T,전자적,*,*,*,*
전자기적,,,,MM,*,T,전자기적,*,*,*,*
전일적,,,,MM,*,T,전일적,*,*,*,*
전인적,,,,MM,*,T,전인적,*,*,*,*
전인격적,,,,MM,*,T,전인격적,*,*,*,*
전의적,,,,MM,*,T,전의적,*,*,*,*
전율적,,,,MM,*,T,전율적,*,*,*,*
전위적,,,,MM,*,T,전위적,*,*,*,*
전원적,,,,MM,*,T,전원적,*,*,*,*
전염적,,,,MM,*,T,전염적,*,*,*,*
전염병적,,,,MM,*,T,전염병적,*,*,*,*
전업적,,,,MM,*,T,전업적,*,*,*,*
전신적,,,,MM,*,T,전신적,*,*,*,*
전시적,,,,MM,*,T,전시적,*,*,*,*
전술적,,,,MM,*,T,전술적,*,*,*,*
전성기적,,,,MM,*,T,전성기적,*,*,*,*
전설적,,,,MM,*,T,전설적,*,*,*,*
전사적,,,,MM,*,T,전사적,*,*,*,*
전복적,,,,MM,*,T,전복적,*,*,*,*
전방위적,,,,MM,*,T,전방위적,*,*,*,*
전반적,,,,MM,*,T,전반적,*,*,*,*
전문적,,,,MM,*,T,전문적,*,*,*,*
전문가주의적,,,,MM,*,T,전문가주의적,*,*,*,*
전문가적,,,,MM,*,T,전문가적,*,*,*,*
전면적,,,,MM,*,T,전면적,*,*,*,*
전망적,,,,MM,*,T,전망적,*,*,*,*
전령의,,,,MM,*,F,전령의,*,*,*,*
전략적,,,,MM,*,T,전략적,*,*,*,*
전래적,,,,MM,*,T,전래적,*,*,*,*
전단사적,,,,MM,*,T,전단사적,*,*,*,*
전기적,,,,MM,*,T,전기적,*,*,*,*
전근대적,,,,MM,*,T,전근대적,*,*,*,*
전국적,,,,MM,*,T,전국적,*,*,*,*
전구적,,,,MM,*,T,전구적,*,*,*,*
전격적,,,,MM,*,T,전격적,*,*,*,*
전개적,,,,MM,*,T,전개적,*,*,*,*
적층적,,,,MM,*,T,적층적,*,*,*,*
적의적,,,,MM,*,T,적의적,*,*,*,*
적시적,,,,MM,*,T,적시적,*,*,*,*
적대적,,,,MM,*,T,적대적,*,*,*,*
적극적,,,,MM,*,T,적극적,*,*,*,*
저항적,,,,MM,*,T,저항적,*,*,*,*
저차원적,,,,MM,*,T,저차원적,*,*,*,*
저질적,,,,MM,*,T,저질적,*,*,*,*
저지난,,,,MM,*,T,저지난,*,*,*,*
저만,,,,MM,*,T,저만,*,*,*,*
저런,,,,MM,*,T,저런,*,*,*,*
저딴,,,,MM,*,T,저딴,*,*,*,*
저따위,,,,MM,*,F,저따위,*,*,*,*
저따우,,,,MM,*,F,저따우,*,*,*,*
저따기,,,,MM,*,F,저따기,*,*,*,*
저따구,,,,MM,*,F,저따구,*,*,*,*
저돌적,,,,MM,*,T,저돌적,*,*,*,*
저깟,,,,MM,*,T,저깟,*,*,*,*
저깐,,,,MM,*,T,저깐,*,*,*,*
저까튼,,,,MM,*,T,저까튼,*,*,*,*
저까짓,,,,MM,*,T,저까짓,*,*,*,*
저까진,,,,MM,*,T,저까진,*,*,*,*
재현적,,,,MM,*,T,재현적,*,*,*,*
재즈적,,,,MM,*,T,재즈적,*,*,*,*
재조합적,,,,MM,*,T,재조합적,*,*,*,*
재정적,,,,MM,*,T,재정적,*,*,*,*
재생적,,,,MM,*,T,재생적,*,*,*,*
재생산적,,,,MM,*,T,재생산적,*,*,*,*
재무적,,,,MM,*,T,재무적,*,*,*,*
재래적,,,,MM,*,T,재래적,*,*,*,*
재귀적,,,,MM,*,T,재귀적,*,*,*,*
재건축적,,,,MM,*,T,재건축적,*,*,*,*
장치적,,,,MM,*,T,장치적,*,*,*,*
장장,,,,MM,*,T,장장,*,*,*,*
장애적,,,,MM,*,T,장애적,*,*,*,*
장식적,,,,MM,*,T,장식적,*,*,*,*
장소적,,,,MM,*,T,장소적,*,*,*,*
장르적,,,,MM,*,T,장르적,*,*,*,*
장단기적,,,,MM,*,T,장단기적,*,*,*,*
장기적,,,,MM,*,T,장기적,*,*,*,*
잡종적,,,,MM,*,T,잡종적,*,*,*,*
잠정적,,,,MM,*,T,잠정적,*,*,*,*
잠재적,,,,MM,*,T,잠재적,*,*,*,*
잔여주의적,,,,MM,*,T,잔여주의적,*,*,*,*
잔여적,,,,MM,*,T,잔여적,*,*,*,*
작품적,,,,MM,*,T,작품적,*,*,*,*
작위적,,,,MM,*,T,작위적,*,*,*,*
작용적,,,,MM,*,T,작용적,*,*,*,*
작업적,,,,MM,*,T,작업적,*,*,*,*
작가적,,,,MM,*,T,작가적,*,*,*,*
자학적,,,,MM,*,T,자학적,*,*,*,*
자포자기적,,,,MM,*,T,자포자기적,*,*,*,*
자폐적,,,,MM,*,T,자폐적,*,*,*,*
자치적,,,,MM,*,T,자치적,*,*,*,*
자체적,,,,MM,*,T,자체적,*,*,*,*
자질적,,,,MM,*,T,자질적,*,*,*,*
자주적,,,,MM,*,T,자주적,*,*,*,*
자족적,,,,MM,*,T,자족적,*,*,*,*
자조적,,,,MM,*,T,자조적,*,*,*,*
자전적,,,,MM,*,T,자전적,*,*,*,*
자의적,,,,MM,*,T,자의적,*,*,*,*
자율적,,,,MM,*,T,자율적,*,*,*,*
자유주의적,,,,MM,*,T,자유주의적,*,*,*,*
자유적,,,,MM,*,T,자유적,*,*,*,*
자유방임적,,,,MM,*,T,자유방임적,*,*,*,*
자위적,,,,MM,*,T,자위적,*,*,*,*
자원적,,,,MM,*,T,자원적,*,*,*,*
자연주의적,,,,MM,*,T,자연주의적,*,*,*,*
자연적,,,,MM,*,T,자연적,*,*,*,*
자연법적,,,,MM,*,T,자연법적,*,*,*,*
자연론적,,,,MM,*,T,자연론적,*,*,*,*
자아론적,,,,MM,*,T,자아론적,*,*,*,*
자아도취적,,,,MM,*,T,자아도취적,*,*,*,*
자서전적,,,,MM,*,T,자서전적,*,*,*,*
자생적,,,,MM,*,T,자생적,*,*,*,*
자살적,,,,MM,*,T,자살적,*,*,*,*
자본주의적,,,,MM,*,T,자본주의적,*,*,*,*
자벌적,,,,MM,*,T,자벌적,*,*,*,*
자발적,,,,MM,*,T,자발적,*,*,*,*
자무,,,,MM,*,F,자무,*,*,*,*
자멸적,,,,MM,*,T,자멸적,*,*,*,*
자립적,,,,MM,*,T,자립적,*,*,*,*
자류적,,,,MM,*,T,자류적,*,*,*,*
자료적,,,,MM,*,T,자료적,*,*,*,*
자동적,,,,MM,*,T,자동적,*,*,*,*
자기희생적,,,,MM,*,T,자기희생적,*,*,*,*
자기중심적,,,,MM,*,T,자기중심적,*,*,*,*
자기방어적,,,,MM,*,T,자기방어적,*,*,*,*
자기반성적,,,,MM,*,T,자기반성적,*,*,*,*
자급적,,,,MM,*,T,자급적,*,*,*,*
자급자족적,,,,MM,*,T,자급자족적,*,*,*,*
자극적,,,,MM,*,T,자극적,*,*,*,*
자구적,,,,MM,*,T,자구적,*,*,*,*
자각적,,,,MM,*,T,자각적,*,*,*,*
잇여덜,,,,MM,*,T,잇여덜,*,*,*,*
잇가지,,,,MM,*,F,잇가지,*,*,*,*
입헌적,,,,MM,*,T,입헌적,*,*,*,*
입체적,,,,MM,*,T,입체적,*,*,*,*
입지전적,,,,MM,*,T,입지전적,*,*,*,*
입지적,,,,MM,*,T,입지적,*,*,*,*
입법적,,,,MM,*,T,입법적,*,*,*,*
임의적,,,,MM,*,T,임의적,*,*,*,*
임시적,,,,MM,*,T,임시적,*,*,*,*
임상적,,,,MM,*,T,임상적,*,*,*,*
일흔,,,,MM,*,T,일흔,*,*,*,*
일훈,,,,MM,*,T,일훈,*,*,*,*
일화적,,,,MM,*,T,일화적,*,*,*,*
일필주의적,,,,MM,*,T,일필주의적,*,*,*,*
일탈적,,,,MM,*,T,일탈적,*,*,*,*
일큰,,,,MM,*,T,일큰,*,*,*,*
일치적,,,,MM,*,T,일치적,*,*,*,*
일체적,,,,MM,*,T,일체적,*,*,*,*
일천,,,,MM,*,T,일천,*,*,*,*
일차적,,,,MM,*,T,일차적,*,*,*,*
일차원적,,,,MM,*,T,일차원적,*,*,*,*
일인칭적,,,,MM,*,T,일인칭적,*,*,*,*
일이,,,,MM,*,F,일이,*,*,*,*
일의적,,,,MM,*,T,일의적,*,*,*,*
일원적,,,,MM,*,T,일원적,*,*,*,*
일원론적,,,,MM,*,T,일원론적,*,*,*,*
일여덟째,,,,MM,*,F,일여덟째,*,*,*,*
일여덟,,,,MM,*,T,일여덟,*,*,*,*
일여덜,,,,MM,*,T,일여덜,*,*,*,*
일신론적,,,,MM,*,T,일신론적,*,*,*,*
일시적,,,,MM,*,T,일시적,*,*,*,*
일상적,,,,MM,*,T,일상적,*,*,*,*
일본적,,,,MM,*,T,일본적,*,*,*,*
일백,,,,MM,*,T,일백,*,*,*,*
일방향적,,,,MM,*,T,일방향적,*,*,*,*
일방통행적,,,,MM,*,T,일방통행적,*,*,*,*
일방적,,,,MM,*,T,일방적,*,*,*,*
일반적,,,,MM,*,T,일반적,*,*,*,*
일면적,,,,MM,*,T,일면적,*,*,*,*
일른,,,,MM,*,T,일른,*,*,*,*
일률적,,,,MM,*,T,일률적,*,*,*,*
일류적,,,,MM,*,T,일류적,*,*,*,*
일대,,,,MM,*,F,일대,*,*,*,*
일꼬,,,,MM,*,F,일꼬,*,*,*,*
일굽,,,,MM,*,T,일굽,*,*,*,*
일구,,,,MM,*,F,일구,*,*,*,*
일괄적,,,,MM,*,T,일괄적,*,*,*,*
일관적,,,,MM,*,T,일관적,*,*,*,*
일곱째,,,,MM,*,F,일곱째,*,*,*,*
일곱야달,,,,MM,*,T,일곱야달,*,*,*,*
일곱,,,,MM,*,T,일곱,*,*,*,*
일곰,,,,MM,*,T,일곰,*,*,*,*
일고요덥,,,,MM,*,T,일고요덥,*,*,*,*
일고여덥,,,,MM,*,T,일고여덥,*,*,*,*
일고여덟째,,,,MM,*,F,일고여덟째,*,*,*,*
일고여덟,,,,MM,*,T,일고여덟,*,*,*,*
일고,,,,MM,*,F,일고,*,*,*,*
인플레적,,,,MM,*,T,인플레적,*,*,*,*
인터넷적,,,,MM,*,T,인터넷적,*,*,*,*
인칭적,,,,MM,*,T,인칭적,*,*,*,*
인치적,,,,MM,*,T,인치적,*,*,*,*
인지적,,,,MM,*,T,인지적,*,*,*,*
인종주의적,,,,MM,*,T,인종주의적,*,*,*,*
인종적,,,,MM,*,T,인종적,*,*,*,*
인조적,,,,MM,*,T,인조적,*,*,*,*
인적,,,,MM,*,T,인적,*,*,*,*
인위적,,,,MM,*,T,인위적,*,*,*,*
인식적,,,,MM,*,T,인식적,*,*,*,*
인식론적,,,,MM,*,T,인식론적,*,*,*,*
인습적,,,,MM,*,T,인습적,*,*,*,*
인쇄적,,,,MM,*,T,인쇄적,*,*,*,*
인성적,,,,MM,*,T,인성적,*,*,*,*
인상적,,,,MM,*,T,인상적,*,*,*,*
인민적,,,,MM,*,T,인민적,*,*,*,*
인문학적,,,,MM,*,T,인문학적,*,*,*,*
인문적,,,,MM,*,T,인문적,*,*,*,*
인륜적,,,,MM,*,T,인륜적,*,*,*,*
인류학적,,,,MM,*,T,인류학적,*,*,*,*
인류적,,,,MM,*,T,인류적,*,*,*,*
인력적,,,,MM,*,T,인력적,*,*,*,*
인디적,,,,MM,*,T,인디적,*,*,*,*
인도주의적,,,,MM,*,T,인도주의적,*,*,*,*
인도적,,,,MM,*,T,인도적,*,*,*,*
인구학적,,,,MM,*,T,인구학적,*,*,*,*
인과적,,,,MM,*,T,인과적,*,*,*,*
인과론적,,,,MM,*,T,인과론적,*,*,*,*
인공적,,,,MM,*,T,인공적,*,*,*,*
인격적,,,,MM,*,T,인격적,*,*,*,*
인간주의적,,,,MM,*,T,인간주의적,*,*,*,*
인간적,,,,MM,*,T,인간적,*,*,*,*
익명적,,,,MM,*,T,익명적,*,*,*,*
이흔,,,,MM,*,T,이흔,*,*,*,*
이화학적,,,,MM,*,T,이화학적,*,*,*,*
이해타산적,,,,MM,*,T,이해타산적,*,*,*,*
이학적,,,,MM,*,T,이학적,*,*,*,*
이탈적,,,,MM,*,T,이탈적,*,*,*,*
이타적,,,,MM,*,T,이타적,*,*,*,*
이차적,,,,MM,*,T,이차적,*,*,*,*
이차원적,,,,MM,*,T,이차원적,*,*,*,*
이질적,,,,MM,*,T,이질적,*,*,*,*
이지적,,,,MM,*,T,이지적,*,*,*,*
이중적,,,,MM,*,T,이중적,*,*,*,*
이접적,,,,MM,*,T,이접적,*,*,*,*
이율배반적,,,,MM,*,T,이율배반적,*,*,*,*
이원론적,,,,MM,*,T,이원론적,*,*,*,*
이외순,,,,MM,*,T,이외순,*,*,*,*
이십,,,,MM,*,T,이십,*,*,*,*
이신론적,,,,MM,*,T,이신론적,*,*,*,*
이신,,,,MM,*,T,이신,*,*,*,*
이슬람교적,,,,MM,*,T,이슬람교적,*,*,*,*
이순,,,,MM,*,T,이순,*,*,*,*
이성적,,,,MM,*,T,이성적,*,*,*,*
이색적,,,,MM,*,T,이색적,*,*,*,*
이상주의적,,,,MM,*,T,이상주의적,*,*,*,*
이상적,,,,MM,*,T,이상적,*,*,*,*
이상론적,,,,MM,*,T,이상론적,*,*,*,*
이삼,,,,MM,*,T,이삼,*,*,*,*
이산적,,,,MM,*,T,이산적,*,*,*,*
이분법적,,,,MM,*,T,이분법적,*,*,*,*
이변적,,,,MM,*,T,이변적,*,*,*,*
이미지적,,,,MM,*,T,이미지적,*,*,*,*
이만,,,,MM,*,T,이만,*,*,*,*
이론적,,,,MM,*,T,이론적,*,*,*,*
이례적,,,,MM,*,T,이례적,*,*,*,*
이런저런,,,,MM,*,T,이런저런,*,*,*,*
이런,,,,MM,*,T,이런,*,*,*,*
이딴,,,,MM,*,T,이딴,*,*,*,*
이따위,,,,MM,*,F,이따위,*,*,*,*
이따우,,,,MM,*,F,이따우,*,*,*,*
이동적,,,,MM,*,T,이동적,*,*,*,*
이데올로기적,,,,MM,*,T,이데올로기적,*,*,*,*
이단적,,,,MM,*,T,이단적,*,*,*,*
이념적,,,,MM,*,T,이념적,*,*,*,*
이내,,,,MM,*,F,이내,*,*,*,*
이깟,,,,MM,*,T,이깟,*,*,*,*
이깐,,,,MM,*,T,이깐,*,*,*,*
이까튼,,,,MM,*,T,이까튼,*,*,*,*
이까짓,,,,MM,*,T,이까짓,*,*,*,*
이까진,,,,MM,*,T,이까진,*,*,*,*
이까지,,,,MM,*,F,이까지,*,*,*,*
이까장,,,,MM,*,T,이까장,*,*,*,*
이기주의적,,,,MM,*,T,이기주의적,*,*,*,*
이기적,,,,MM,*,T,이기적,*,*,*,*
이국적,,,,MM,*,T,이국적,*,*,*,*
이교적,,,,MM,*,T,이교적,*,*,*,*
이교도적,,,,MM,*,T,이교도적,*,*,*,*
의학적,,,,MM,*,T,의학적,*,*,*,*
의타적,,,,MM,*,T,의타적,*,*,*,*
의지적,,,,MM,*,T,의지적,*,*,*,*
의존적,,,,MM,*,T,의존적,*,*,*,*
의제적,,,,MM,*,T,의제적,*,*,*,*
의인적,,,,MM,*,T,의인적,*,*,*,*
의욕적,,,,MM,*,T,의욕적,*,*,*,*
의식적,,,,MM,*,T,의식적,*,*,*,*
의사소통적,,,,MM,*,T,의사소통적,*,*,*,*
의미적,,,,MM,*,T,의미적,*,*,*,*
의미론적,,,,MM,*,T,의미론적,*,*,*,*
의무적,,,,MM,*,T,의무적,*,*,*,*
의리적,,,,MM,*,T,의리적,*,*,*,*
의료적,,,,MM,*,T,의료적,*,*,*,*
의례적,,,,MM,*,T,의례적,*,*,*,*
의도적,,,,MM,*,T,의도적,*,*,*,*
응징적,,,,MM,*,T,응징적,*,*,*,*
응용적,,,,MM,*,T,응용적,*,*,*,*
응보적,,,,MM,*,T,응보적,*,*,*,*
응급적,,,,MM,*,T,응급적,*,*,*,*
음향적,,,,MM,*,T,음향적,*,*,*,*
음운적,,,,MM,*,T,음운적,*,*,*,*
음운론적,,,,MM,*,T,음운론적,*,*,*,*
음양적,,,,MM,*,T,음양적,*,*,*,*
음양론적,,,,MM,*,T,음양론적,*,*,*,*
음악적,,,,MM,*,T,음악적,*,*,*,*
음소적,,,,MM,*,T,음소적,*,*,*,*
음성학적,,,,MM,*,T,음성학적,*,*,*,*
음성적,,,,MM,*,T,음성적,*,*,*,*
음모적,,,,MM,*,T,음모적,*,*,*,*
음률적,,,,MM,*,T,음률적,*,*,*,*
은폐적,,,,MM,*,T,은폐적,*,*,*,*
은유적,,,,MM,*,T,은유적,*,*,*,*
은둔적,,,,MM,*,T,은둔적,*,*,*,*
으떤,,,,MM,*,T,으떤,*,*,*,*
융합적,,,,MM,*,T,융합적,*,*,*,*
융복합적,,,,MM,*,T,융복합적,*,*,*,*
율법적,,,,MM,*,T,율법적,*,*,*,*
율동적,,,,MM,*,T,율동적,*,*,*,*
윤회적,,,,MM,*,T,윤회적,*,*,*,*
윤리학적,,,,MM,*,T,윤리학적,*,*,*,*
윤리적,,,,MM,*,T,윤리적,*,*,*,*
육칠,,,,MM,*,T,육칠,*,*,*,*
육체적,,,,MM,*,T,육체적,*,*,*,*
육적,,,,MM,*,T,육적,*,*,*,*
육욕적,,,,MM,*,T,육욕적,*,*,*,*
육십,,,,MM,*,T,육십,*,*,*,*
육덕,,,,MM,*,T,육덕,*,*,*,*
육감적,,,,MM,*,T,육감적,*,*,*,*
유희적,,,,MM,*,T,유희적,*,*,*,*
유흥적,,,,MM,*,T,유흥적,*,*,*,*
유화적,,,,MM,*,T,유화적,*,*,*,*
유혹적,,,,MM,*,T,유혹적,*,*,*,*
유형적,,,,MM,*,T,유형적,*,*,*,*
유형론적,,,,MM,*,T,유형론적,*,*,*,*
유혈적,,,,MM,*,T,유혈적,*,*,*,*
유행적,,,,MM,*,T,유행적,*,*,*,*
유해적,,,,MM,*,T,유해적,*,*,*,*
유한적,,,,MM,*,T,유한적,*,*,*,*
유표적,,,,MM,*,T,유표적,*,*,*,*
유토피아적,,,,MM,*,T,유토피아적,*,*,*,*
유추적,,,,MM,*,T,유추적,*,*,*,*
유전학적,,,,MM,*,T,유전학적,*,*,*,*
유전적,,,,MM,*,T,유전적,*,*,*,*
유자적,,,,MM,*,T,유자적,*,*,*,*
유인적,,,,MM,*,T,유인적,*,*,*,*
유의적,,,,MM,*,T,유의적,*,*,*,*
유의미적,,,,MM,*,T,유의미적,*,*,*,*
유연적,,,,MM,*,T,유연적,*,*,*,*
유아적,,,,MM,*,T,유아적,*,*,*,*
유심적,,,,MM,*,T,유심적,*,*,*,*
유신론적,,,,MM,*,T,유신론적,*,*,*,*
유보적,,,,MM,*,T,유보적,*,*,*,*
유발적,,,,MM,*,T,유발적,*,*,*,*
유미주의적,,,,MM,*,T,유미주의적,*,*,*,*
유미적,,,,MM,*,T,유미적,*,*,*,*
유물적,,,,MM,*,T,유물적,*,*,*,*
유물론적,,,,MM,*,T,유물론적,*,*,*,*
유목주의적,,,,MM,*,T,유목주의적,*,*,*,*
유목민적,,,,MM,*,T,유목민적,*,*,*,*
유럽적,,,,MM,*,T,유럽적,*,*,*,*
유동적,,,,MM,*,T,유동적,*,*,*,*
유도적,,,,MM,*,T,유도적,*,*,*,*
유대교적,,,,MM,*,T,유대교적,*,*,*,*
유기체적,,,,MM,*,T,유기체적,*,*,*,*
유기적,,,,MM,*,T,유기적,*,*,*,*
유권적,,,,MM,*,T,유권적,*,*,*,*
유교적,,,,MM,*,T,유교적,*,*,*,*
유가적,,,,MM,*,T,유가적,*,*,*,*
위협적,,,,MM,*,T,위협적,*,*,*,*
위하적,,,,MM,*,T,위하적,*,*,*,*
위축적,,,,MM,*,T,위축적,*,*,*,*
위주적,,,,MM,*,T,위주적,*,*,*,*
위압적,,,,MM,*,T,위압적,*,*,*,*
위악적,,,,MM,*,T,위악적,*,*,*,*
위신,,,,MM,*,T,위신,*,*,*,*
위순,,,,MM,*,T,위순,*,*,*,*
위선적,,,,MM,*,T,위선적,*,*,*,*
위생학적,,,,MM,*,T,위생학적,*,*,*,*
위생적,,,,MM,*,T,위생적,*,*,*,*
위법적,,,,MM,*,T,위법적,*,*,*,*
위기적,,,,MM,*,T,위기적,*,*,*,*
웨탄,,,,MM,*,T,웨탄,*,*,*,*
웨신,,,,MM,*,T,웨신,*,*,*,*
웨딴,,,,MM,*,T,웨딴,*,*,*,*
원형적,,,,MM,*,T,원형적,*,*,*,*
원칙적,,,,MM,*,T,원칙적,*,*,*,*
원칙론적,,,,MM,*,T,원칙론적,*,*,*,*
원초적,,,,MM,*,T,원초적,*,*,*,*
원천적,,,,MM,*,T,원천적,*,*,*,*
원죄적,,,,MM,*,T,원죄적,*,*,*,*
원자론적,,,,MM,*,T,원자론적,*,*,*,*
원인적,,,,MM,*,T,원인적,*,*,*,*
원융적,,,,MM,*,T,원융적,*,*,*,*
원심적,,,,MM,*,T,원심적,*,*,*,*
원시적,,,,MM,*,T,원시적,*,*,*,*
원색적,,,,MM,*,T,원색적,*,*,*,*
원불교적,,,,MM,*,T,원불교적,*,*,*,*
원본적,,,,MM,*,T,원본적,*,*,*,*
원리주의적,,,,MM,*,T,원리주의적,*,*,*,*
원리적,,,,MM,*,T,원리적,*,*,*,*
원론적,,,,MM,*,T,원론적,*,*,*,*
원근적,,,,MM,*,T,원근적,*,*,*,*
원근법적,,,,MM,*,T,원근법적,*,*,*,*
원가적,,,,MM,*,T,원가적,*,*,*,*
워떤,,,,MM,*,T,워떤,*,*,*,*
워느,,,,MM,*,F,워느,*,*,*,*
웅변적,,,,MM,*,T,웅변적,*,*,*,*
운율적,,,,MM,*,T,운율적,*,*,*,*
운명적,,,,MM,*,T,운명적,*,*,*,*
운명론적,,,,MM,*,T,운명론적,*,*,*,*
운동적,,,,MM,*,T,운동적,*,*,*,*
우회적,,,,MM,*,T,우회적,*,*,*,*
우화적,,,,MM,*,T,우화적,*,*,*,*
우호적,,,,MM,*,T,우호적,*,*,*,*
우편향적,,,,MM,*,T,우편향적,*,*,*,*
우파적,,,,MM,*,T,우파적,*,*,*,*
우짠,,,,MM,*,T,우짠,*,*,*,*
우주적,,,,MM,*,T,우주적,*,*,*,*
우익적,,,,MM,*,T,우익적,*,*,*,*
우의적,,,,MM,*,T,우의적,*,*,*,*
우월적,,,,MM,*,T,우월적,*,*,*,*
우운,,,,MM,*,T,우운,*,*,*,*
우연적,,,,MM,*,T,우연적,*,*,*,*
우얀,,,,MM,*,T,우얀,*,*,*,*
우애적,,,,MM,*,T,우애적,*,*,*,*
우세적,,,,MM,*,T,우세적,*,*,*,*
우선적,,,,MM,*,T,우선적,*,*,*,*
우생학적,,,,MM,*,T,우생학적,*,*,*,*
우상적,,,,MM,*,T,우상적,*,*,*,*
우발적,,,,MM,*,T,우발적,*,*,*,*
우떤,,,,MM,*,T,우떤,*,*,*,*
우딴,,,,MM,*,T,우딴,*,*,*,*
우경적,,,,MM,*,T,우경적,*,*,*,*
요약적,,,,MM,*,T,요약적,*,*,*,*
요슷,,,,MM,*,T,요슷,*,*,*,*
요술적,,,,MM,*,T,요술적,*,*,*,*
요소적,,,,MM,*,T,요소적,*,*,*,*
요섯,,,,MM,*,T,요섯,*,*,*,*
요맛,,,,MM,*,T,요맛,*,*,*,*
요만,,,,MM,*,T,요만,*,*,*,*
요론,,,,MM,*,T,요론,*,*,*,*
요런조런,,,,MM,*,T,요런조런,*,*,*,*
요런,,,,MM,*,T,요런,*,*,*,*
요라,,,,MM,*,F,요라,*,*,*,*
요딴,,,,MM,*,T,요딴,*,*,*,*
요따위,,,,MM,*,F,요따위,*,*,*,*
요든,,,,MM,*,T,요든,*,*,*,*
요드남은,,,,MM,*,T,요드남은,*,*,*,*
요답,,,,MM,*,T,요답,*,*,*,*
요나문,,,,MM,*,T,요나문,*,*,*,*
요깟,,,,MM,*,T,요깟,*,*,*,*
요깐,,,,MM,*,T,요깐,*,*,*,*
요까튼,,,,MM,*,T,요까튼,*,*,*,*
요까짓,,,,MM,*,T,요까짓,*,*,*,*
요까진,,,,MM,*,T,요까진,*,*,*,*
요까지,,,,MM,*,F,요까지,*,*,*,*
욉딴,,,,MM,*,T,욉딴,*,*,*,*
왼갖,,,,MM,*,T,왼갖,*,*,*,*
외형적,,,,MM,*,T,외형적,*,*,*,*
외현적,,,,MM,*,T,외현적,*,*,*,*
외향적,,,,MM,*,T,외향적,*,*,*,*
외적,,,,MM,*,T,외적,*,*,*,*
외재적,,,,MM,*,T,외재적,*,*,*,*
외연적,,,,MM,*,T,외연적,*,*,*,*
외양적,,,,MM,*,T,외양적,*,*,*,*
외약,,,,MM,*,T,외약,*,*,*,*
외압적,,,,MM,*,T,외압적,*,*,*,*
외순,,,,MM,*,T,외순,*,*,*,*
외설적,,,,MM,*,T,외설적,*,*,*,*
외생적,,,,MM,*,T,외생적,*,*,*,*
외부적,,,,MM,*,T,외부적,*,*,*,*
외벌적,,,,MM,*,T,외벌적,*,*,*,*
외모적,,,,MM,*,T,외모적,*,*,*,*
외면적,,,,MM,*,T,외면적,*,*,*,*
외래적,,,,MM,*,T,외래적,*,*,*,*
외뜬,,,,MM,*,T,외뜬,*,*,*,*
외딴,,,,MM,*,T,외딴,*,*,*,*
외교적,,,,MM,*,T,외교적,*,*,*,*
외관적,,,,MM,*,T,외관적,*,*,*,*
외곽적,,,,MM,*,T,외곽적,*,*,*,*
외과적,,,,MM,*,T,외과적,*,*,*,*
외계적,,,,MM,*,T,외계적,*,*,*,*
완화적,,,,MM,*,T,완화적,*,*,*,*
완충적,,,,MM,*,T,완충적,*,*,*,*
완비적,,,,MM,*,T,완비적,*,*,*,*
완결적,,,,MM,*,T,완결적,*,*,*,*
와해적,,,,MM,*,T,와해적,*,*,*,*
옹호적,,,,MM,*,T,옹호적,*,*,*,*
옵딴,,,,MM,*,T,옵딴,*,*,*,*
올흔,,,,MM,*,T,올흔,*,*,*,*
온정주의적,,,,MM,*,T,온정주의적,*,*,*,*
온정적,,,,MM,*,T,온정적,*,*,*,*
온근,,,,MM,*,T,온근,*,*,*,*
온갖,,,,MM,*,T,온갖,*,*,*,*
온갓,,,,MM,*,T,온갓,*,*,*,*
온가지,,,,MM,*,F,온가지,*,*,*,*
온가,,,,MM,*,F,온가,*,*,*,*
오인,,,,MM,*,T,오인,*,*,*,*
오요,,,,MM,*,F,오요,*,*,*,*
오오랜,,,,MM,*,T,오오랜,*,*,*,*
오여,,,,MM,*,F,오여,*,*,*,*
오약,,,,MM,*,T,오약,*,*,*,*
오십,,,,MM,*,T,오십,*,*,*,*
오성적,,,,MM,*,T,오성적,*,*,*,*
오분,,,,MM,*,T,오분,*,*,*,*
오망,,,,MM,*,T,오망,*,*,*,*
오만,,,,MM,*,T,오만,*,*,*,*
오린,,,,MM,*,T,오린,*,*,*,*
오른,,,,MM,*,T,오른,*,*,*,*
오륙,,,,MM,*,T,오륙,*,*,*,*
오류적,,,,MM,*,T,오류적,*,*,*,*
오랫,,,,MM,*,T,오랫,*,*,*,*
오랜,,,,MM,*,T,오랜,*,*,*,*
오곤,,,,MM,*,T,오곤,*,*,*,*
옘병헐,,,,MM,*,T,옘병헐,*,*,*,*
옘벵할,,,,MM,*,T,옘벵할,*,*,*,*
예측적,,,,MM,*,T,예측적,*,*,*,*
예지적,,,,MM,*,T,예지적,*,*,*,*
예일곱,,,,MM,*,T,예일곱,*,*,*,*
예의적,,,,MM,*,T,예의적,*,*,*,*
예외적,,,,MM,*,T,예외적,*,*,*,*
예언적,,,,MM,*,T,예언적,*,*,*,*
예언자적,,,,MM,*,T,예언자적,*,*,*,*
예실곱,,,,MM,*,T,예실곱,*,*,*,*
예신,,,,MM,*,T,예신,*,*,*,*
예시적,,,,MM,*,T,예시적,*,*,*,*
예슬곱,,,,MM,*,T,예슬곱,*,*,*,*
예슨,,,,MM,*,T,예슨,*,*,*,*
예쉰,,,,MM,*,T,예쉰,*,*,*,*
예쉬남은,,,,MM,*,T,예쉬남은,*,*,*,*
예술적,,,,MM,*,T,예술적,*,*,*,*
예술사적,,,,MM,*,T,예술사적,*,*,*,*
예술가적,,,,MM,*,T,예술가적,*,*,*,*
예순,,,,MM,*,T,예순,*,*,*,*
예수남은,,,,MM,*,T,예수남은,*,*,*,*
예수나문,,,,MM,*,T,예수나문,*,*,*,*
예속적,,,,MM,*,T,예속적,*,*,*,*
예산적,,,,MM,*,T,예산적,*,*,*,*
예비적,,,,MM,*,T,예비적,*,*,*,*
예방적,,,,MM,*,T,예방적,*,*,*,*
예레,,,,MM,*,F,예레,*,*,*,*
예닐굽,,,,MM,*,T,예닐굽,*,*,*,*
예닐곱째,,,,MM,*,F,예닐곱째,*,*,*,*
예닐곱,,,,MM,*,T,예닐곱,*,*,*,*
예견적,,,,MM,*,T,예견적,*,*,*,*
영화적,,,,MM,*,T,영화적,*,*,*,*
영화시적,,,,MM,*,T,영화시적,*,*,*,*
영적,,,,MM,*,T,영적,*,*,*,*
영웅주의적,,,,MM,*,T,영웅주의적,*,*,*,*
영웅적,,,,MM,*,T,영웅적,*,*,*,*
영역적,,,,MM,*,T,영역적,*,*,*,*
영업적,,,,MM,*,T,영업적,*,*,*,*
영양학적,,,,MM,*,T,영양학적,*,*,*,*
영양적,,,,MM,*,T,영양적,*,*,*,*
영속적,,,,MM,*,T,영속적,*,*,*,*
영성적,,,,MM,*,T,영성적,*,*,*,*
영리적,,,,MM,*,T,영리적,*,*,*,*
영도적,,,,MM,*,T,영도적,*,*,*,*
영구적,,,,MM,*,T,영구적,*,*,*,*
엿스,,,,MM,*,F,엿스,*,*,*,*
엽기적,,,,MM,*,T,엽기적,*,*,*,*
염전적,,,,MM,*,T,염전적,*,*,*,*
염세주의적,,,,MM,*,T,염세주의적,*,*,*,*
염세적,,,,MM,*,T,염세적,*,*,*,*
염병할,,,,MM,*,T,염병할,*,*,*,*
열한째,,,,MM,*,F,열한째,*,*,*,*
열차히,,,,MM,*,F,열차히,*,*,*,*
열차,,,,MM,*,F,열차,*,*,*,*
열째,,,,MM,*,F,열째,*,*,*,*
열정적,,,,MM,*,T,열정적,*,*,*,*
열역학적,,,,MM,*,T,열역학적,*,*,*,*
열아문,,,,MM,*,T,열아문,*,*,*,*
열세적,,,,MM,*,T,열세적,*,*,*,*
열성적,,,,MM,*,T,열성적,*,*,*,*
열등적,,,,MM,*,T,열등적,*,*,*,*
열둘차히,,,,MM,*,F,열둘차히,*,*,*,*
열둘차,,,,MM,*,F,열둘차,*,*,*,*
열둘째,,,,MM,*,F,열둘째,*,*,*,*
열두째,,,,MM,*,F,열두째,*,*,*,*
열댓,,,,MM,*,T,열댓,*,*,*,*
열대적,,,,MM,*,T,열대적,*,*,*,*
열나무,,,,MM,*,F,열나무,*,*,*,*
열광적,,,,MM,*,T,열광적,*,*,*,*
엳아홉째,,,,MM,*,F,엳아홉째,*,*,*,*
엳아홉,,,,MM,*,T,엳아홉,*,*,*,*
연합체적,,,,MM,*,T,연합체적,*,*,*,*
연차적,,,,MM,*,T,연차적,*,*,*,*
연역적,,,,MM,*,T,연역적,*,*,*,*
연습적,,,,MM,*,T,연습적,*,*,*,*
연쇄적,,,,MM,*,T,연쇄적,*,*,*,*
연속적,,,,MM,*,T,연속적,*,*,*,*
연설적,,,,MM,*,T,연설적,*,*,*,*
연상적,,,,MM,*,T,연상적,*,*,*,*
연령적,,,,MM,*,T,연령적,*,*,*,*
연대적,,,,MM,*,T,연대적,*,*,*,*
연대기적,,,,MM,*,T,연대기적,*,*,*,*
연금술적,,,,MM,*,T,연금술적,*,*,*,*
연극적,,,,MM,*,T,연극적,*,*,*,*
연극사적,,,,MM,*,T,연극사적,*,*,*,*
연구적,,,,MM,*,T,연구적,*,*,*,*
연구사적,,,,MM,*,T,연구사적,*,*,*,*
연관적,,,,MM,*,T,연관적,*,*,*,*
연결적,,,,MM,*,T,연결적,*,*,*,*
역행적,,,,MM,*,T,역행적,*,*,*,*
역학적,,,,MM,*,T,역학적,*,*,*,*
역차별적,,,,MM,*,T,역차별적,*,*,*,*
역설적,,,,MM,*,T,역설적,*,*,*,*
역생산적,,,,MM,*,T,역생산적,*,*,*,*
역사학적,,,,MM,*,T,역사학적,*,*,*,*
역사주의적,,,,MM,*,T,역사주의적,*,*,*,*
역사적,,,,MM,*,T,역사적,*,*,*,*
역방향적,,,,MM,*,T,역방향적,*,*,*,*
역발상적,,,,MM,*,T,역발상적,*,*,*,*
역동적,,,,MM,*,T,역동적,*,*,*,*
역대적,,,,MM,*,T,역대적,*,*,*,*
여털,,,,MM,*,T,여털,*,*,*,*
여어,,,,MM,*,F,여어,*,*,*,*
여쓰,,,,MM,*,F,여쓰,*,*,*,*
여쑤,,,,MM,*,F,여쑤,*,*,*,*
여썻,,,,MM,*,T,여썻,*,*,*,*
여싯,,,,MM,*,T,여싯,*,*,*,*
여신,,,,MM,*,T,여신,*,*,*,*
여슷,,,,MM,*,T,여슷,*,*,*,*
여슬,,,,MM,*,T,여슬,*,*,*,*
여슨,,,,MM,*,T,여슨,*,*,*,*
여쉰,,,,MM,*,T,여쉰,*,*,*,*
여순,,,,MM,*,T,여순,*,*,*,*
여셋,,,,MM,*,T,여셋,*,*,*,*
여성주의적,,,,MM,*,T,여성주의적,*,*,*,*
여성적,,,,MM,*,T,여성적,*,*,*,*
여섯체,,,,MM,*,F,여섯체,*,*,*,*
여섯째,,,,MM,*,F,여섯째,*,*,*,*
여섯,,,,MM,*,T,여섯,*,*,*,*
여섭,,,,MM,*,T,여섭,*,*,*,*
여서,,,,MM,*,F,여서,*,*,*,*
여삿,,,,MM,*,T,여삿,*,*,*,*
여론적,,,,MM,*,T,여론적,*,*,*,*
여레,,,,MM,*,F,여레,*,*,*,*
여러,,,,MM,*,F,여러,*,*,*,*
여람,,,,MM,*,T,여람,*,*,*,*
여라문,,,,MM,*,T,여라문,*,*,*,*
여떨,,,,MM,*,T,여떨,*,*,*,*
여듧,,,,MM,*,T,여듧,*,*,*,*
여든,,,,MM,*,T,여든,*,*,*,*
여드남은,,,,MM,*,T,여드남은,*,*,*,*
여드,,,,MM,*,F,여드,*,*,*,*
여덧,,,,MM,*,T,여덧,*,*,*,*
여덥,,,,MM,*,T,여덥,*,*,*,*
여덟째,,,,MM,*,F,여덟째,*,*,*,*
여덟아홉,,,,MM,*,T,여덟아홉,*,*,*,*
여덟,,,,MM,*,T,여덟,*,*,*,*
여던,,,,MM,*,T,여던,*,*,*,*
여당적,,,,MM,*,T,여당적,*,*,*,*
여답,,,,MM,*,T,여답,*,*,*,*
여달,,,,MM,*,T,여달,*,*,*,*
여닐굽,,,,MM,*,T,여닐굽,*,*,*,*
여닐곱,,,,MM,*,T,여닐곱,*,*,*,*
여늬,,,,MM,*,F,여늬,*,*,*,*
여는,,,,MM,*,T,여는,*,*,*,*
여느,,,,MM,*,F,여느,*,*,*,*
여남째,,,,MM,*,F,여남째,*,*,*,*
여남은째,,,,MM,*,F,여남은째,*,*,*,*
여남은,,,,MM,*,T,여남은,*,*,*,*
여남,,,,MM,*,T,여남,*,*,*,*
여나믄,,,,MM,*,T,여나믄,*,*,*,*
여나므,,,,MM,*,F,여나므,*,*,*,*
여나뭇,,,,MM,*,T,여나뭇,*,*,*,*
여나문,,,,MM,*,T,여나문,*,*,*,*
여나무,,,,MM,*,F,여나무,*,*,*,*
여까튼,,,,MM,*,T,여까튼,*,*,*,*
엘리트주의적,,,,MM,*,T,엘리트주의적,*,*,*,*
엘리트적,,,,MM,*,T,엘리트적,*,*,*,*
에신,,,,MM,*,T,에신,*,*,*,*
에순,,,,MM,*,T,에순,*,*,*,*
에문,,,,MM,*,T,에문,*,*,*,*
에멘,,,,MM,*,T,에멘,*,*,*,*
에로스적,,,,MM,*,T,에로스적,*,*,*,*
에닐곱,,,,MM,*,T,에닐곱,*,*,*,*
엇던,,,,MM,*,T,엇던,*,*,*,*
업무적,,,,MM,*,T,업무적,*,*,*,*
엄숙주의적,,,,MM,*,T,엄숙주의적,*,*,*,*
언어학적,,,,MM,*,T,언어학적,*,*,*,*
언어주의적,,,,MM,*,T,언어주의적,*,*,*,*
언어적,,,,MM,*,T,언어적,*,*,*,*
억천만,,,,MM,*,T,억천만,*,*,*,*
억조,,,,MM,*,F,억조,*,*,*,*
억제적,,,,MM,*,T,억제적,*,*,*,*
억압적,,,,MM,*,T,억압적,*,*,*,*
억만,,,,MM,*,T,억만,*,*,*,*
어휘적,,,,MM,*,T,어휘적,*,*,*,*
어휘사적,,,,MM,*,T,어휘사적,*,*,*,*
어휘론적,,,,MM,*,T,어휘론적,*,*,*,*
어학적,,,,MM,*,T,어학적,*,*,*,*
어인,,,,MM,*,T,어인,*,*,*,*
어원적,,,,MM,*,T,어원적,*,*,*,*
어법적,,,,MM,*,T,어법적,*,*,*,*
어먼,,,,MM,*,T,어먼,*,*,*,*
어만,,,,MM,*,T,어만,*,*,*,*
어뜬,,,,MM,*,T,어뜬,*,*,*,*
어떵,,,,MM,*,T,어떵,*,*,*,*
어떤,,,,MM,*,T,어떤,*,*,*,*
어디,,,,MM,*,F,어디,*,*,*,*
어든,,,,MM,*,T,어든,*,*,*,*
어니,,,,MM,*,F,어니,*,*,*,*
어는,,,,MM,*,T,어는,*,*,*,*
어느,,,,MM,*,F,어느,*,*,*,*
어나,,,,MM,*,F,어나,*,*,*,*
얘신,,,,MM,*,T,얘신,*,*,*,*
양향적,,,,MM,*,T,양향적,*,*,*,*
양태적,,,,MM,*,T,양태적,*,*,*,*
양적,,,,MM,*,T,양적,*,*,*,*
양자택일적,,,,MM,*,T,양자택일적,*,*,*,*
양자적,,,,MM,*,T,양자적,*,*,*,*
양심적,,,,MM,*,T,양심적,*,*,*,*
양식적,,,,MM,*,T,양식적,*,*,*,*
양시론적,,,,MM,*,T,양시론적,*,*,*,*
양성평등적,,,,MM,*,T,양성평등적,*,*,*,*
양성적,,,,MM,*,T,양성적,*,*,*,*
양비론적,,,,MM,*,T,양비론적,*,*,*,*
양분법적,,,,MM,*,T,양분법적,*,*,*,*
양분론적,,,,MM,*,T,양분론적,*,*,*,*
양보적,,,,MM,*,T,양보적,*,*,*,*
양방향적,,,,MM,*,T,양방향적,*,*,*,*
양면적,,,,MM,*,T,양면적,*,*,*,*
양대,,,,MM,*,F,양대,*,*,*,*
양극적,,,,MM,*,T,양극적,*,*,*,*
양가적,,,,MM,*,T,양가적,*,*,*,*
약탈적,,,,MM,*,T,약탈적,*,*,*,*
야합적,,,,MM,*,T,야합적,*,*,*,*
야유적,,,,MM,*,T,야유적,*,*,*,*
야심적,,,,MM,*,T,야심적,*,*,*,*
야스,,,,MM,*,F,야스,*,*,*,*
야수적,,,,MM,*,T,야수적,*,*,*,*
야성적,,,,MM,*,T,야성적,*,*,*,*
야섯,,,,MM,*,T,야섯,*,*,*,*
야생적,,,,MM,*,T,야생적,*,*,*,*
야만적,,,,MM,*,T,야만적,*,*,*,*
야라,,,,MM,*,F,야라,*,*,*,*
야뜳,,,,MM,*,T,야뜳,*,*,*,*
야뜰,,,,MM,*,T,야뜰,*,*,*,*
야뜬,,,,MM,*,T,야뜬,*,*,*,*
야뜨,,,,MM,*,F,야뜨,*,*,*,*
야듧,,,,MM,*,T,야듧,*,*,*,*
야들,,,,MM,*,T,야들,*,*,*,*
야든,,,,MM,*,T,야든,*,*,*,*
야덟,,,,MM,*,T,야덟,*,*,*,*
야덜,,,,MM,*,T,야덜,*,*,*,*
야당적,,,,MM,*,T,야당적,*,*,*,*
야답,,,,MM,*,T,야답,*,*,*,*
야달,,,,MM,*,T,야달,*,*,*,*
야닥,,,,MM,*,T,야닥,*,*,*,*
애호적,,,,MM,*,T,애호적,*,*,*,*
애타적,,,,MM,*,T,애타적,*,*,*,*
애족적,,,,MM,*,T,애족적,*,*,*,*
애상적,,,,MM,*,T,애상적,*,*,*,*
애민,,,,MM,*,T,애민,*,*,*,*
애먼,,,,MM,*,T,애먼,*,*,*,*
애국적,,,,MM,*,T,애국적,*,*,*,*
압축적,,,,MM,*,T,압축적,*,*,*,*
압제적,,,,MM,*,T,압제적,*,*,*,*
압도적,,,,MM,*,T,압도적,*,*,*,*
암적,,,,MM,*,T,암적,*,*,*,*
암시적,,,,MM,*,T,암시적,*,*,*,*
암시런,,,,MM,*,T,암시런,*,*,*,*
암세포적,,,,MM,*,T,암세포적,*,*,*,*
암묵적,,,,MM,*,T,암묵적,*,*,*,*
안정적,,,,MM,*,T,안정적,*,*,*,*
안보적,,,,MM,*,T,안보적,*,*,*,*
안과적,,,,MM,*,T,안과적,*,*,*,*
악질적,,,,MM,*,T,악질적,*,*,*,*
악의적,,,,MM,*,T,악의적,*,*,*,*
악성적,,,,MM,*,T,악성적,*,*,*,*
악마적,,,,MM,*,T,악마적,*,*,*,*
악동적,,,,MM,*,T,악동적,*,*,*,*
아흡,,,,MM,*,T,아흡,*,*,*,*
아흔,,,,MM,*,T,아흔,*,*,*,*
아훕,,,,MM,*,T,아훕,*,*,*,*
아훈,,,,MM,*,T,아훈,*,*,*,*
아후,,,,MM,*,F,아후,*,*,*,*
아홉차히,,,,MM,*,F,아홉차히,*,*,*,*
아홉차,,,,MM,*,F,아홉차,*,*,*,*
아홉째,,,,MM,*,F,아홉째,*,*,*,*
아홉,,,,MM,*,T,아홉,*,*,*,*
아호,,,,MM,*,F,아호,*,*,*,*
아헌,,,,MM,*,T,아헌,*,*,*,*
아폴로적,,,,MM,*,T,아폴로적,*,*,*,*
아읍,,,,MM,*,T,아읍,*,*,*,*
아은,,,,MM,*,T,아은,*,*,*,*
아웁,,,,MM,*,T,아웁,*,*,*,*
아옵,,,,MM,*,T,아옵,*,*,*,*
아오,,,,MM,*,F,아오,*,*,*,*
아시아적,,,,MM,*,T,아시아적,*,*,*,*
아승기,,,,MM,*,F,아승기,*,*,*,*
아부적,,,,MM,*,T,아부적,*,*,*,*
아문아문,,,,MM,*,T,아문아문,*,*,*,*
아문,,,,MM,*,T,아문,*,*,*,*
아무아무,,,,MM,*,F,아무아무,*,*,*,*
아무런,,,,MM,*,T,아무런,*,*,*,*
아무,,,,MM,*,F,아무,*,*,*,*
아모,,,,MM,*,F,아모,*,*,*,*
아련,,,,MM,*,T,아련,*,*,*,*
아랫,,,,MM,*,T,아랫,*,*,*,*
아날로그적,,,,MM,*,T,아날로그적,*,*,*,*
아근,,,,MM,*,T,아근,*,*,*,*
아곱,,,,MM,*,T,아곱,*,*,*,*
아가페적,,,,MM,*,T,아가페적,*,*,*,*
쑤무,,,,MM,*,F,쑤무,*,*,*,*
써런,,,,MM,*,T,써런,*,*,*,*
써너,,,,MM,*,F,써너,*,*,*,*
쌍방향적,,,,MM,*,T,쌍방향적,*,*,*,*
쌍방적,,,,MM,*,T,쌍방적,*,*,*,*
쌍무적,,,,MM,*,T,쌍무적,*,*,*,*
싯차,,,,MM,*,F,싯차,*,*,*,*
싯째,,,,MM,*,F,싯째,*,*,*,*
십만,,,,MM,*,T,십만,*,*,*,*
심화적,,,,MM,*,T,심화적,*,*,*,*
심판적,,,,MM,*,T,심판적,*,*,*,*
심층적,,,,MM,*,T,심층적,*,*,*,*
심적,,,,MM,*,T,심적,*,*,*,*
심볼적,,,,MM,*,T,심볼적,*,*,*,*
심미적,,,,MM,*,T,심미적,*,*,*,*
심미안적,,,,MM,*,T,심미안적,*,*,*,*
심리학적,,,,MM,*,T,심리학적,*,*,*,*
심리적,,,,MM,*,T,심리적,*,*,*,*
실효적,,,,MM,*,T,실효적,*,*,*,*
실험적,,,,MM,*,T,실험적,*,*,*,*
실체적,,,,MM,*,T,실체적,*,*,*,*
실천적,,,,MM,*,T,실천적,*,*,*,*
실질적,,,,MM,*,T,실질적,*,*,*,*
실지적,,,,MM,*,T,실지적,*,*,*,*
실증주의적,,,,MM,*,T,실증주의적,*,*,*,*
실증적,,,,MM,*,T,실증적,*,*,*,*
실존주의적,,,,MM,*,T,실존주의적,*,*,*,*
실존적,,,,MM,*,T,실존적,*,*,*,*
실제적,,,,MM,*,T,실제적,*,*,*,*
실정법적,,,,MM,*,T,실정법적,*,*,*,*
실전적,,,,MM,*,T,실전적,*,*,*,*
실적,,,,MM,*,T,실적,*,*,*,*
실재적,,,,MM,*,T,실재적,*,*,*,*
실재론적,,,,MM,*,T,실재론적,*,*,*,*
실용적,,,,MM,*,T,실용적,*,*,*,*
실시간적,,,,MM,*,T,실시간적,*,*,*,*
실무주의적,,,,MM,*,T,실무주의적,*,*,*,*
실무적,,,,MM,*,T,실무적,*,*,*,*
실리적,,,,MM,*,T,실리적,*,*,*,*
실감적,,,,MM,*,T,실감적,*,*,*,*
신화적,,,,MM,*,T,신화적,*,*,*,*
신호적,,,,MM,*,T,신호적,*,*,*,*
신학적,,,,MM,*,T,신학적,*,*,*,*
신파적,,,,MM,*,T,신파적,*,*,*,*
신파극적,,,,MM,*,T,신파극적,*,*,*,*
신축적,,,,MM,*,T,신축적,*,*,*,*
신체적,,,,MM,*,T,신체적,*,*,*,*
신적,,,,MM,*,T,신적,*,*,*,*
신자유주의적,,,,MM,*,T,신자유주의적,*,*,*,*
신앙적,,,,MM,*,T,신앙적,*,*,*,*
신속적,,,,MM,*,T,신속적,*,*,*,*
신세대적,,,,MM,*,T,신세대적,*,*,*,*
신사적,,,,MM,*,T,신사적,*,*,*,*
신비주의적,,,,MM,*,T,신비주의적,*,*,*,*
신비적,,,,MM,*,T,신비적,*,*,*,*
신비론적,,,,MM,*,T,신비론적,*,*,*,*
신분적,,,,MM,*,T,신분적,*,*,*,*
신보수주의적,,,,MM,*,T,신보수주의적,*,*,*,*
신보수적,,,,MM,*,T,신보수적,*,*,*,*
신변잡기적,,,,MM,*,T,신변잡기적,*,*,*,*
신문화적,,,,MM,*,T,신문화적,*,*,*,*
신도시적,,,,MM,*,T,신도시적,*,*,*,*
신념적,,,,MM,*,T,신념적,*,*,*,*
신기원적,,,,MM,*,T,신기원적,*,*,*,*
신고전주의적,,,,MM,*,T,신고전주의적,*,*,*,*
신경학적,,,,MM,*,T,신경학적,*,*,*,*
신경질적,,,,MM,*,T,신경질적,*,*,*,*
신경제적,,,,MM,*,T,신경제적,*,*,*,*
식품적,,,,MM,*,T,식품적,*,*,*,*
식민지적,,,,MM,*,T,식민지적,*,*,*,*
식민주의적,,,,MM,*,T,식민주의적,*,*,*,*
식물학적,,,,MM,*,T,식물학적,*,*,*,*
식물적,,,,MM,*,T,식물적,*,*,*,*
식도락적,,,,MM,*,T,식도락적,*,*,*,*
시흔,,,,MM,*,T,시흔,*,*,*,*
시훈,,,,MM,*,T,시훈,*,*,*,*
시혜적,,,,MM,*,T,시혜적,*,*,*,*
시험적,,,,MM,*,T,시험적,*,*,*,*
시행착오적,,,,MM,*,T,시행착오적,*,*,*,*
시학적,,,,MM,*,T,시학적,*,*,*,*
시청각적,,,,MM,*,T,시청각적,*,*,*,*
시채,,,,MM,*,F,시채,*,*,*,*
시차적,,,,MM,*,T,시차적,*,*,*,*
시지각적,,,,MM,*,T,시지각적,*,*,*,*
시적,,,,MM,*,T,시적,*,*,*,*
시장적,,,,MM,*,T,시장적,*,*,*,*
시인적,,,,MM,*,T,시인적,*,*,*,*
시의적,,,,MM,*,T,시의적,*,*,*,*
시원적,,,,MM,*,T,시원적,*,*,*,*
시운,,,,MM,*,T,시운,*,*,*,*
시술적,,,,MM,*,T,시술적,*,*,*,*
시사적,,,,MM,*,T,시사적,*,*,*,*
시범적,,,,MM,*,T,시범적,*,*,*,*
시민적,,,,MM,*,T,시민적,*,*,*,*
시민운동적,,,,MM,*,T,시민운동적,*,*,*,*
시민권적,,,,MM,*,T,시민권적,*,*,*,*
시무,,,,MM,*,F,시무,*,*,*,*
시론적,,,,MM,*,T,시론적,*,*,*,*
시대착오적,,,,MM,*,T,시대착오적,*,*,*,*
시대적,,,,MM,*,T,시대적,*,*,*,*
시너,,,,MM,*,F,시너,*,*,*,*
시기적,,,,MM,*,T,시기적,*,*,*,*
시국적,,,,MM,*,T,시국적,*,*,*,*
시간적,,,,MM,*,T,시간적,*,*,*,*
시각적,,,,MM,*,T,시각적,*,*,*,*
습득적,,,,MM,*,T,습득적,*,*,*,*
습관적,,,,MM,*,T,습관적,*,*,*,*
스포츠적,,,,MM,*,T,스포츠적,*,*,*,*
스믈,,,,MM,*,T,스믈,*,*,*,*
스물째,,,,MM,*,F,스물째,*,*,*,*
스물둘째,,,,MM,*,F,스물둘째,*,*,*,*
스물두째,,,,MM,*,F,스물두째,*,*,*,*
스무째,,,,MM,*,F,스무째,*,*,*,*
스무남짓,,,,MM,*,T,스무남짓,*,*,*,*
스무남은,,,,MM,*,T,스무남은,*,*,*,*
스무,,,,MM,*,F,스무,*,*,*,*
슈인,,,,MM,*,T,슈인,*,*,*,*
쉬힌,,,,MM,*,T,쉬힌,*,*,*,*
쉬흔,,,,MM,*,T,쉬흔,*,*,*,*
쉬훈,,,,MM,*,T,쉬훈,*,*,*,*
쉬은,,,,MM,*,T,쉬은,*,*,*,*
쉬운,,,,MM,*,T,쉬운,*,*,*,*
숭배적,,,,MM,*,T,숭배적,*,*,*,*
숫자적,,,,MM,*,T,숫자적,*,*,*,*
순환적,,,,MM,*,T,순환적,*,*,*,*
순화적,,,,MM,*,T,순화적,*,*,*,*
순차적,,,,MM,*,T,순차적,*,*,*,*
순종적,,,,MM,*,T,순종적,*,*,*,*
순정주의적,,,,MM,*,T,순정주의적,*,*,*,*
순정적,,,,MM,*,T,순정적,*,*,*,*
순응적,,,,MM,*,T,순응적,*,*,*,*
순애보적,,,,MM,*,T,순애보적,*,*,*,*
순식,,,,MM,*,T,순식,*,*,*,*
순서적,,,,MM,*,T,순서적,*,*,*,*
순리적,,,,MM,*,T,순리적,*,*,*,*
순교적,,,,MM,*,T,순교적,*,*,*,*
순간적,,,,MM,*,T,순간적,*,*,*,*
숙명적,,,,MM,*,T,숙명적,*,*,*,*
숙명론적,,,,MM,*,T,숙명론적,*,*,*,*
수학적,,,,MM,*,T,수학적,*,*,*,*
수평적,,,,MM,*,T,수평적,*,*,*,*
수탈적,,,,MM,*,T,수탈적,*,*,*,*
수치적,,,,MM,*,T,수치적,*,*,*,*
수천조,,,,MM,*,F,수천조,*,*,*,*
수천억,,,,MM,*,T,수천억,*,*,*,*
수천수만,,,,MM,*,T,수천수만,*,*,*,*
수천만,,,,MM,*,T,수천만,*,*,*,*
수천,,,,MM,*,T,수천,*,*,*,*
수직적,,,,MM,*,T,수직적,*,*,*,*
수조,,,,MM,*,F,수조,*,*,*,*
수정주의적,,,,MM,*,T,수정주의적,*,*,*,*
수적,,,,MM,*,T,수적,*,*,*,*
수입적,,,,MM,*,T,수입적,*,*,*,*
수의적,,,,MM,*,T,수의적,*,*,*,*
수유,,,,MM,*,F,수유,*,*,*,*
수용적,,,,MM,*,T,수용적,*,*,*,*
수요적,,,,MM,*,T,수요적,*,*,*,*
수억만,,,,MM,*,T,수억만,*,*,*,*
수억,,,,MM,*,T,수억,*,*,*,*
수십조,,,,MM,*,F,수십조,*,*,*,*
수십억,,,,MM,*,T,수십억,*,*,*,*
수십만,,,,MM,*,T,수십만,*,*,*,*
수십,,,,MM,*,T,수십,*,*,*,*
수술적,,,,MM,*,T,수술적,*,*,*,*
수수방관적,,,,MM,*,T,수수방관적,*,*,*,*
수수방관자적,,,,MM,*,T,수수방관자적,*,*,*,*
수세적,,,,MM,*,T,수세적,*,*,*,*
수삼,,,,MM,*,T,수삼,*,*,*,*
수사학적,,,,MM,*,T,수사학적,*,*,*,*
수사적,,,,MM,*,T,수사적,*,*,*,*
수비적,,,,MM,*,T,수비적,*,*,*,*
수백조,,,,MM,*,F,수백조,*,*,*,*
수백억,,,,MM,*,T,수백억,*,*,*,*
수백만,,,,MM,*,T,수백만,*,*,*,*
수백,,,,MM,*,T,수백,*,*,*,*
수반적,,,,MM,*,T,수반적,*,*,*,*
수무남짓,,,,MM,*,T,수무남짓,*,*,*,*
수무남은,,,,MM,*,T,수무남은,*,*,*,*
수무,,,,MM,*,F,수무,*,*,*,*
수만,,,,MM,*,T,수만,*,*,*,*
수리적,,,,MM,*,T,수리적,*,*,*,*
수렴적,,,,MM,*,T,수렴적,*,*,*,*
수량적,,,,MM,*,T,수량적,*,*,*,*
수동적,,,,MM,*,T,수동적,*,*,*,*
수단적,,,,MM,*,T,수단적,*,*,*,*
수구적,,,,MM,*,T,수구적,*,*,*,*
수공업적,,,,MM,*,T,수공업적,*,*,*,*
쇄국적,,,,MM,*,T,쇄국적,*,*,*,*
손실적,,,,MM,*,T,손실적,*,*,*,*
속학적,,,,MM,*,T,속학적,*,*,*,*
속세적,,,,MM,*,T,속세적,*,*,*,*
속물적,,,,MM,*,T,속물적,*,*,*,*
소폭적,,,,MM,*,T,소폭적,*,*,*,*
소집단적,,,,MM,*,T,소집단적,*,*,*,*
소재적,,,,MM,*,T,소재적,*,*,*,*
소인배적,,,,MM,*,T,소인배적,*,*,*,*
소유적,,,,MM,*,T,소유적,*,*,*,*
소아적,,,,MM,*,T,소아적,*,*,*,*
소아병적,,,,MM,*,T,소아병적,*,*,*,*
소시민적,,,,MM,*,T,소시민적,*,*,*,*
소승적,,,,MM,*,T,소승적,*,*,*,*
소소유자적,,,,MM,*,T,소소유자적,*,*,*,*
소산적,,,,MM,*,T,소산적,*,*,*,*
소비주의적,,,,MM,*,T,소비주의적,*,*,*,*
소비적,,,,MM,*,T,소비적,*,*,*,*
소비재적,,,,MM,*,T,소비재적,*,*,*,*
소모적,,,,MM,*,T,소모적,*,*,*,*
소멸적,,,,MM,*,T,소멸적,*,*,*,*
소득적,,,,MM,*,T,소득적,*,*,*,*
소농민적,,,,MM,*,T,소농민적,*,*,*,*
소녀적,,,,MM,*,T,소녀적,*,*,*,*
소극적,,,,MM,*,T,소극적,*,*,*,*
소규모적,,,,MM,*,T,소규모적,*,*,*,*
소국적,,,,MM,*,T,소국적,*,*,*,*
셜흔,,,,MM,*,T,셜흔,*,*,*,*
셜마은,,,,MM,*,T,셜마은,*,*,*,*
셔른,,,,MM,*,T,셔른,*,*,*,*
셋째,,,,MM,*,F,셋째,*,*,*,*
세태적,,,,MM,*,T,세태적,*,*,*,*
세차히,,,,MM,*,F,세차히,*,*,*,*
세차,,,,MM,*,F,세차,*,*,*,*
세습적,,,,MM,*,T,세습적,*,*,*,*
세속주의적,,,,MM,*,T,세속주의적,*,*,*,*
세속적,,,,MM,*,T,세속적,*,*,*,*
세부적,,,,MM,*,T,세부적,*,*,*,*
세대적,,,,MM,*,T,세대적,*,*,*,*
세대론적,,,,MM,*,T,세대론적,*,*,*,*
세네,,,,MM,*,F,세네,*,*,*,*
세너,,,,MM,*,F,세너,*,*,*,*
세기적,,,,MM,*,T,세기적,*,*,*,*
세기말적,,,,MM,*,T,세기말적,*,*,*,*
세계적,,,,MM,*,T,세계적,*,*,*,*
세계사적,,,,MM,*,T,세계사적,*,*,*,*
세계관적,,,,MM,*,T,세계관적,*,*,*,*
성형학적,,,,MM,*,T,성형학적,*,*,*,*
성형적,,,,MM,*,T,성형적,*,*,*,*
성평등적,,,,MM,*,T,성평등적,*,*,*,*
성찰적,,,,MM,*,T,성찰적,*,*,*,*
성차별적,,,,MM,*,T,성차별적,*,*,*,*
성적,,,,MM,*,T,성적,*,*,*,*
성장주의적,,,,MM,*,T,성장주의적,*,*,*,*
성서주의적,,,,MM,*,T,성서주의적,*,*,*,*
성서적,,,,MM,*,T,성서적,*,*,*,*
성문법적,,,,MM,*,T,성문법적,*,*,*,*
성리학적,,,,MM,*,T,성리학적,*,*,*,*
성례전적,,,,MM,*,T,성례전적,*,*,*,*
성교육적,,,,MM,*,T,성교육적,*,*,*,*
성과주의적,,,,MM,*,T,성과주의적,*,*,*,*
성과적,,,,MM,*,T,성과적,*,*,*,*
성공적,,,,MM,*,T,성공적,*,*,*,*
성경적,,,,MM,*,T,성경적,*,*,*,*
성격적,,,,MM,*,T,성격적,*,*,*,*
설흔,,,,MM,*,T,설흔,*,*,*,*
설훈,,,,MM,*,T,설훈,*,*,*,*
설화적,,,,MM,*,T,설화적,*,*,*,*
설비적,,,,MM,*,T,설비적,*,*,*,*
설복적,,,,MM,*,T,설복적,*,*,*,*
설명적,,,,MM,*,T,설명적,*,*,*,*
설룬,,,,MM,*,T,설룬,*,*,*,*
설득적,,,,MM,*,T,설득적,*,*,*,*
설계적,,,,MM,*,T,설계적,*,*,*,*
선화적,,,,MM,*,T,선화적,*,*,*,*
선호적,,,,MM,*,T,선호적,*,*,*,*
선형적,,,,MM,*,T,선형적,*,*,*,*
선험주의적,,,,MM,*,T,선험주의적,*,*,*,*
선험적,,,,MM,*,T,선험적,*,*,*,*
선풍적,,,,MM,*,T,선풍적,*,*,*,*
선택적,,,,MM,*,T,선택적,*,*,*,*
선천적,,,,MM,*,T,선천적,*,*,*,*
선차적,,,,MM,*,T,선차적,*,*,*,*
선진적,,,,MM,*,T,선진적,*,*,*,*
선조적,,,,MM,*,T,선조적,*,*,*,*
선제적,,,,MM,*,T,선제적,*,*,*,*
선정치적,,,,MM,*,T,선정치적,*,*,*,*
선정주의적,,,,MM,*,T,선정주의적,*,*,*,*
선정적,,,,MM,*,T,선정적,*,*,*,*
선율적,,,,MM,*,T,선율적,*,*,*,*
선언적,,,,MM,*,T,선언적,*,*,*,*
선불교적,,,,MM,*,T,선불교적,*,*,*,*
선봉적,,,,MM,*,T,선봉적,*,*,*,*
선별주의적,,,,MM,*,T,선별주의적,*,*,*,*
선별적,,,,MM,*,T,선별적,*,*,*,*
선민주의적,,,,MM,*,T,선민주의적,*,*,*,*
선두적,,,,MM,*,T,선두적,*,*,*,*
선동적,,,,MM,*,T,선동적,*,*,*,*
선도적,,,,MM,*,T,선도적,*,*,*,*
선구적,,,,MM,*,T,선구적,*,*,*,*
선구자적,,,,MM,*,T,선구자적,*,*,*,*
선경험적,,,,MM,*,T,선경험적,*,*,*,*
선결적,,,,MM,*,T,선결적,*,*,*,*
서흔,,,,MM,*,T,서흔,*,*,*,*
서정적,,,,MM,*,T,서정적,*,*,*,*
서예적,,,,MM,*,T,서예적,*,*,*,*
서열적,,,,MM,*,T,서열적,*,*,*,*
서양적,,,,MM,*,T,서양적,*,*,*,*
서스펜스적,,,,MM,*,T,서스펜스적,*,*,*,*
서술적,,,,MM,*,T,서술적,*,*,*,*
서사적,,,,MM,*,T,서사적,*,*,*,*
서사시적,,,,MM,*,T,서사시적,*,*,*,*
서민적,,,,MM,*,T,서민적,*,*,*,*
서른,,,,MM,*,T,서른,*,*,*,*
서르나문,,,,MM,*,T,서르나문,*,*,*,*
서룬,,,,MM,*,T,서룬,*,*,*,*
서론적,,,,MM,*,T,서론적,*,*,*,*
서런,,,,MM,*,T,서런,*,*,*,*
서너째,,,,MM,*,F,서너째,*,*,*,*
서너너덧,,,,MM,*,T,서너너덧,*,*,*,*
서너,,,,MM,*,F,서너,*,*,*,*
서구적,,,,MM,*,T,서구적,*,*,*,*
샤머니즘적,,,,MM,*,T,샤머니즘적,*,*,*,*
생활적,,,,MM,*,T,생활적,*,*,*,*
생화학적,,,,MM,*,T,생화학적,*,*,*,*
생필품적,,,,MM,*,T,생필품적,*,*,*,*
생태학적,,,,MM,*,T,생태학적,*,*,*,*
생태주의적,,,,MM,*,T,생태주의적,*,*,*,*
생태적,,,,MM,*,T,생태적,*,*,*,*
생태론적,,,,MM,*,T,생태론적,*,*,*,*
생태계적,,,,MM,*,T,생태계적,*,*,*,*
생의학적,,,,MM,*,T,생의학적,*,*,*,*
생식적,,,,MM,*,T,생식적,*,*,*,*
생성적,,,,MM,*,T,생성적,*,*,*,*
생산적,,,,MM,*,T,생산적,*,*,*,*
생물학적,,,,MM,*,T,생물학적,*,*,*,*
생물적,,,,MM,*,T,생물적,*,*,*,*
생명적,,,,MM,*,T,생명적,*,*,*,*
생리학적,,,,MM,*,T,생리학적,*,*,*,*
생리적,,,,MM,*,T,생리적,*,*,*,*
생래적,,,,MM,*,T,생래적,*,*,*,*
생득적,,,,MM,*,T,생득적,*,*,*,*
생동적,,,,MM,*,T,생동적,*,*,*,*
색채적,,,,MM,*,T,색채적,*,*,*,*
색정적,,,,MM,*,T,색정적,*,*,*,*
새라새,,,,MM,*,F,새라새,*,*,*,*
상황적,,,,MM,*,T,상황적,*,*,*,*
상호적,,,,MM,*,T,상호적,*,*,*,*
상향적,,,,MM,*,T,상향적,*,*,*,*
상품적,,,,MM,*,T,상품적,*,*,*,*
상투적,,,,MM,*,T,상투적,*,*,*,*
상태적,,,,MM,*,T,상태적,*,*,*,*
상징적,,,,MM,*,T,상징적,*,*,*,*
상위적,,,,MM,*,T,상위적,*,*,*,*
상업주의적,,,,MM,*,T,상업주의적,*,*,*,*
상업적,,,,MM,*,T,상업적,*,*,*,*
상식적,,,,MM,*,T,상식적,*,*,*,*
상시적,,,,MM,*,T,상시적,*,*,*,*
상습적,,,,MM,*,T,상습적,*,*,*,*
상쇄적,,,,MM,*,T,상쇄적,*,*,*,*
상설적,,,,MM,*,T,상설적,*,*,*,*
상생적,,,,MM,*,T,상생적,*,*,*,*
상상적,,,,MM,*,T,상상적,*,*,*,*
상부상조적,,,,MM,*,T,상부상조적,*,*,*,*
상보적,,,,MM,*,T,상보적,*,*,*,*
상무적,,,,MM,*,T,상무적,*,*,*,*
상리적,,,,MM,*,T,상리적,*,*,*,*
상례적,,,,MM,*,T,상례적,*,*,*,*
상대주의적,,,,MM,*,T,상대주의적,*,*,*,*
상대적,,,,MM,*,T,상대적,*,*,*,*
상담적,,,,MM,*,T,상담적,*,*,*,*
상극적,,,,MM,*,T,상극적,*,*,*,*
상관적,,,,MM,*,T,상관적,*,*,*,*
삽화적,,,,MM,*,T,삽화적,*,*,*,*
삼차원적,,,,MM,*,T,삼차원적,*,*,*,*
삼인칭적,,,,MM,*,T,삼인칭적,*,*,*,*
삼십,,,,MM,*,T,삼십,*,*,*,*
삼사,,,,MM,*,F,삼사,*,*,*,*
삼류적,,,,MM,*,T,삼류적,*,*,*,*
살인적,,,,MM,*,T,살인적,*,*,*,*
산업적,,,,MM,*,T,산업적,*,*,*,*
산십,,,,MM,*,T,산십,*,*,*,*
산술적,,,,MM,*,T,산술적,*,*,*,*
산성적,,,,MM,*,T,산성적,*,*,*,*
산발적,,,,MM,*,T,산발적,*,*,*,*
산문적,,,,MM,*,T,산문적,*,*,*,*
사후적,,,,MM,*,T,사후적,*,*,*,*
사회학적,,,,MM,*,T,사회학적,*,*,*,*
사회주의적,,,,MM,*,T,사회주의적,*,*,*,*
사회적,,,,MM,*,T,사회적,*,*,*,*
사회사적,,,,MM,*,T,사회사적,*,*,*,*
사활적,,,,MM,*,T,사활적,*,*,*,*
사학사적,,,,MM,*,T,사학사적,*,*,*,*
사차원적,,,,MM,*,T,사차원적,*,*,*,*
사전적,,,,MM,*,T,사전적,*,*,*,*
사적,,,,MM,*,T,사적,*,*,*,*
사이코적,,,,MM,*,T,사이코적,*,*,*,*
사유적,,,,MM,*,T,사유적,*,*,*,*
사오,,,,MM,*,F,사오,*,*,*,*
사업적,,,,MM,*,T,사업적,*,*,*,*
사십,,,,MM,*,T,사십,*,*,*,*
사실주의적,,,,MM,*,T,사실주의적,*,*,*,*
사실적,,,,MM,*,T,사실적,*,*,*,*
사소설적,,,,MM,*,T,사소설적,*,*,*,*
사색적,,,,MM,*,T,사색적,*,*,*,*
사상적,,,,MM,*,T,사상적,*,*,*,*
사상사적,,,,MM,*,T,사상사적,*,*,*,*
사상리론적,,,,MM,*,T,사상리론적,*,*,*,*
사변적,,,,MM,*,T,사변적,*,*,*,*
사법적,,,,MM,*,T,사법적,*,*,*,*
사법권적,,,,MM,*,T,사법권적,*,*,*,*
사민주의적,,,,MM,*,T,사민주의적,*,*,*,*
사물적,,,,MM,*,T,사물적,*,*,*,*
사무적,,,,MM,*,T,사무적,*,*,*,*
사멸적,,,,MM,*,T,사멸적,*,*,*,*
사말적,,,,MM,*,T,사말적,*,*,*,*
사료적,,,,MM,*,T,사료적,*,*,*,*
사디즘적,,,,MM,*,T,사디즘적,*,*,*,*
사디스트적,,,,MM,*,T,사디스트적,*,*,*,*
사도적,,,,MM,*,T,사도적,*,*,*,*
사대주의적,,,,MM,*,T,사대주의적,*,*,*,*
사대부적,,,,MM,*,T,사대부적,*,*,*,*
사당적,,,,MM,*,T,사당적,*,*,*,*
사내외적,,,,MM,*,T,사내외적,*,*,*,*
사기적,,,,MM,*,T,사기적,*,*,*,*
사교적,,,,MM,*,T,사교적,*,*,*,*
사교육적,,,,MM,*,T,사교육적,*,*,*,*
사건적,,,,MM,*,T,사건적,*,*,*,*
빌에빌,,,,MM,*,T,빌에빌,*,*,*,*
빌어물,,,,MM,*,T,빌어물,*,*,*,*
빌어묵을,,,,MM,*,T,빌어묵을,*,*,*,*
빌어먹을,,,,MM,*,T,빌어먹을,*,*,*,*
빌빌,,,,MM,*,T,빌빌,*,*,*,*
비효율적,,,,MM,*,T,비효율적,*,*,*,*
비효과적,,,,MM,*,T,비효과적,*,*,*,*
비활동적,,,,MM,*,T,비활동적,*,*,*,*
비환경적,,,,MM,*,T,비환경적,*,*,*,*
비확정적,,,,MM,*,T,비확정적,*,*,*,*
비호의적,,,,MM,*,T,비호의적,*,*,*,*
비형식적,,,,MM,*,T,비형식적,*,*,*,*
비협조적,,,,MM,*,T,비협조적,*,*,*,*
비혈연적,,,,MM,*,T,비혈연적,*,*,*,*
비현실적,,,,MM,*,T,비현실적,*,*,*,*
비현상적,,,,MM,*,T,비현상적,*,*,*,*
비핵심적,,,,MM,*,T,비핵심적,*,*,*,*
비해석적,,,,MM,*,T,비해석적,*,*,*,*
비항구적,,,,MM,*,T,비항구적,*,*,*,*
비합법적,,,,MM,*,T,비합법적,*,*,*,*
비합리주의적,,,,MM,*,T,비합리주의적,*,*,*,*
비합리적,,,,MM,*,T,비합리적,*,*,*,*
비학술적,,,,MM,*,T,비학술적,*,*,*,*
비학문적,,,,MM,*,T,비학문적,*,*,*,*
비하적,,,,MM,*,T,비하적,*,*,*,*
비표준적,,,,MM,*,T,비표준적,*,*,*,*
비폭력적,,,,MM,*,T,비폭력적,*,*,*,*
비평적,,,,MM,*,T,비평적,*,*,*,*
비판적,,,,MM,*,T,비판적,*,*,*,*
비판단적,,,,MM,*,T,비판단적,*,*,*,*
비파괴적,,,,MM,*,T,비파괴적,*,*,*,*
비특이적,,,,MM,*,T,비특이적,*,*,*,*
비통합적,,,,MM,*,T,비통합적,*,*,*,*
비통계적,,,,MM,*,T,비통계적,*,*,*,*
비탄력적,,,,MM,*,T,비탄력적,*,*,*,*
비타협적,,,,MM,*,T,비타협적,*,*,*,*
비침략적,,,,MM,*,T,비침략적,*,*,*,*
비친환경적,,,,MM,*,T,비친환경적,*,*,*,*
비친화적,,,,MM,*,T,비친화적,*,*,*,*
비체계적,,,,MM,*,T,비체계적,*,*,*,*
비참여적,,,,MM,*,T,비참여적,*,*,*,*
비차별적,,,,MM,*,T,비차별적,*,*,*,*
비직업적,,,,MM,*,T,비직업적,*,*,*,*
비지식적,,,,MM,*,T,비지식적,*,*,*,*
비주체적,,,,MM,*,T,비주체적,*,*,*,*
비주얼적,,,,MM,*,T,비주얼적,*,*,*,*
비주류적,,,,MM,*,T,비주류적,*,*,*,*
비주기적,,,,MM,*,T,비주기적,*,*,*,*
비종교적,,,,MM,*,T,비종교적,*,*,*,*
비조직적,,,,MM,*,T,비조직적,*,*,*,*
비제한적,,,,MM,*,T,비제한적,*,*,*,*
비정형적,,,,MM,*,T,비정형적,*,*,*,*
비정파적,,,,MM,*,T,비정파적,*,*,*,*
비정신적,,,,MM,*,T,비정신적,*,*,*,*
비정상적,,,,MM,*,T,비정상적,*,*,*,*
비정부적,,,,MM,*,T,비정부적,*,*,*,*
비정보적,,,,MM,*,T,비정보적,*,*,*,*
비정기적,,,,MM,*,T,비정기적,*,*,*,*
비전투적,,,,MM,*,T,비전투적,*,*,*,*
비전통적,,,,MM,*,T,비전통적,*,*,*,*
비전문적,,,,MM,*,T,비전문적,*,*,*,*
비적응적,,,,MM,*,T,비적응적,*,*,*,*
비적대적,,,,MM,*,T,비적대적,*,*,*,*
비재현적,,,,MM,*,T,비재현적,*,*,*,*
비자율적,,,,MM,*,T,비자율적,*,*,*,*
비자유주의적,,,,MM,*,T,비자유주의적,*,*,*,*
비자연주의적,,,,MM,*,T,비자연주의적,*,*,*,*
비자연적,,,,MM,*,T,비자연적,*,*,*,*
비자생적,,,,MM,*,T,비자생적,*,*,*,*
비자본주의적,,,,MM,*,T,비자본주의적,*,*,*,*
비자발적,,,,MM,*,T,비자발적,*,*,*,*
비자립적,,,,MM,*,T,비자립적,*,*,*,*
비자극적,,,,MM,*,T,비자극적,*,*,*,*
비일상적,,,,MM,*,T,비일상적,*,*,*,*
비인플레적,,,,MM,*,T,비인플레적,*,*,*,*
비인칭적,,,,MM,*,T,비인칭적,*,*,*,*
비인지적,,,,MM,*,T,비인지적,*,*,*,*
비인종적,,,,MM,*,T,비인종적,*,*,*,*
비인성적,,,,MM,*,T,비인성적,*,*,*,*
비인문학적,,,,MM,*,T,비인문학적,*,*,*,*
비인륜적,,,,MM,*,T,비인륜적,*,*,*,*
비인도주의적,,,,MM,*,T,비인도주의적,*,*,*,*
비인도적,,,,MM,*,T,비인도적,*,*,*,*
비인권적,,,,MM,*,T,비인권적,*,*,*,*
비인격적,,,,MM,*,T,비인격적,*,*,*,*
비인간적,,,,MM,*,T,비인간적,*,*,*,*
비이성적,,,,MM,*,T,비이성적,*,*,*,*
비이념적,,,,MM,*,T,비이념적,*,*,*,*
비의지적,,,,MM,*,T,비의지적,*,*,*,*
비의존적,,,,MM,*,T,비의존적,*,*,*,*
비의적,,,,MM,*,T,비의적,*,*,*,*
비의무적,,,,MM,*,T,비의무적,*,*,*,*
비의도적,,,,MM,*,T,비의도적,*,*,*,*
비윤리적,,,,MM,*,T,비윤리적,*,*,*,*
비육체적,,,,MM,*,T,비육체적,*,*,*,*
비유전적,,,,MM,*,T,비유전적,*,*,*,*
비유적,,,,MM,*,T,비유적,*,*,*,*
비유동적,,,,MM,*,T,비유동적,*,*,*,*
비위생적,,,,MM,*,T,비위생적,*,*,*,*
비원칙적,,,,MM,*,T,비원칙적,*,*,*,*
비원리적,,,,MM,*,T,비원리적,*,*,*,*
비우호적,,,,MM,*,T,비우호적,*,*,*,*
비외교적,,,,MM,*,T,비외교적,*,*,*,*
비예측적,,,,MM,*,T,비예측적,*,*,*,*
비예술적,,,,MM,*,T,비예술적,*,*,*,*
비영업적,,,,MM,*,T,비영업적,*,*,*,*
비영리적,,,,MM,*,T,비영리적,*,*,*,*
비연결적,,,,MM,*,T,비연결적,*,*,*,*
비역사적,,,,MM,*,T,비역사적,*,*,*,*
비업무적,,,,MM,*,T,비업무적,*,*,*,*
비언어적,,,,MM,*,T,비언어적,*,*,*,*
비양심적,,,,MM,*,T,비양심적,*,*,*,*
비약적,,,,MM,*,T,비약적,*,*,*,*
비안정적,,,,MM,*,T,비안정적,*,*,*,*
비실존적,,,,MM,*,T,비실존적,*,*,*,*
비실용적,,,,MM,*,T,비실용적,*,*,*,*
비신앙적,,,,MM,*,T,비신앙적,*,*,*,*
비신사적,,,,MM,*,T,비신사적,*,*,*,*
비시적,,,,MM,*,T,비시적,*,*,*,*
비시장적,,,,MM,*,T,비시장적,*,*,*,*
비순환적,,,,MM,*,T,비순환적,*,*,*,*
비수술적,,,,MM,*,T,비수술적,*,*,*,*
비속적,,,,MM,*,T,비속적,*,*,*,*
비선호적,,,,MM,*,T,비선호적,*,*,*,*
비선형적,,,,MM,*,T,비선형적,*,*,*,*
비서정적,,,,MM,*,T,비서정적,*,*,*,*
비서구적,,,,MM,*,T,비서구적,*,*,*,*
비생활적,,,,MM,*,T,비생활적,*,*,*,*
비생산적,,,,MM,*,T,비생산적,*,*,*,*
비생물학적,,,,MM,*,T,비생물학적,*,*,*,*
비생물적,,,,MM,*,T,비생물적,*,*,*,*
비생명적,,,,MM,*,T,비생명적,*,*,*,*
비상적,,,,MM,*,T,비상적,*,*,*,*
비상업적,,,,MM,*,T,비상업적,*,*,*,*
비상상적,,,,MM,*,T,비상상적,*,*,*,*
비사회적,,,,MM,*,T,비사회적,*,*,*,*
비사실주의적,,,,MM,*,T,비사실주의적,*,*,*,*
비사실적,,,,MM,*,T,비사실적,*,*,*,*
비사교적,,,,MM,*,T,비사교적,*,*,*,*
비본질적,,,,MM,*,T,비본질적,*,*,*,*
비본래적,,,,MM,*,T,비본래적,*,*,*,*
비법률적,,,,MM,*,T,비법률적,*,*,*,*
비배타적,,,,MM,*,T,비배타적,*,*,*,*
비배제적,,,,MM,*,T,비배제적,*,*,*,*
비방적,,,,MM,*,T,비방적,*,*,*,*
비반복적,,,,MM,*,T,비반복적,*,*,*,*
비밀주의적,,,,MM,*,T,비밀주의적,*,*,*,*
비민중적,,,,MM,*,T,비민중적,*,*,*,*
비민주적,,,,MM,*,T,비민주적,*,*,*,*
비민족적,,,,MM,*,T,비민족적,*,*,*,*
비미학적,,,,MM,*,T,비미학적,*,*,*,*
비물질주의적,,,,MM,*,T,비물질주의적,*,*,*,*
비물질적,,,,MM,*,T,비물질적,*,*,*,*
비문화적,,,,MM,*,T,비문화적,*,*,*,*
비문학적,,,,MM,*,T,비문학적,*,*,*,*
비문자적,,,,MM,*,T,비문자적,*,*,*,*
비문법적,,,,MM,*,T,비문법적,*,*,*,*
비문명적,,,,MM,*,T,비문명적,*,*,*,*
비목적적,,,,MM,*,T,비목적적,*,*,*,*
비매너적,,,,MM,*,T,비매너적,*,*,*,*
비마르크스주의적,,,,MM,*,T,비마르크스주의적,*,*,*,*
비로동계급적,,,,MM,*,T,비로동계급적,*,*,*,*
비례적,,,,MM,*,T,비례적,*,*,*,*
비동질적,,,,MM,*,T,비동질적,*,*,*,*
비동시적,,,,MM,*,T,비동시적,*,*,*,*
비독립적,,,,MM,*,T,비독립적,*,*,*,*
비도덕적,,,,MM,*,T,비도덕적,*,*,*,*
비대칭적,,,,MM,*,T,비대칭적,*,*,*,*
비대중적,,,,MM,*,T,비대중적,*,*,*,*
비대립적,,,,MM,*,T,비대립적,*,*,*,*
비당파적,,,,MM,*,T,비당파적,*,*,*,*
비능률적,,,,MM,*,T,비능률적,*,*,*,*
비농업적,,,,MM,*,T,비농업적,*,*,*,*
비논리적,,,,MM,*,T,비논리적,*,*,*,*
비노동적,,,,MM,*,T,비노동적,*,*,*,*
비난적,,,,MM,*,T,비난적,*,*,*,*
비기술적,,,,MM,*,T,비기술적,*,*,*,*
비기독교적,,,,MM,*,T,비기독교적,*,*,*,*
비금융적,,,,MM,*,T,비금융적,*,*,*,*
비근본적,,,,MM,*,T,비근본적,*,*,*,*
비근대적,,,,MM,*,T,비근대적,*,*,*,*
비극적,,,,MM,*,T,비극적,*,*,*,*
비균형적,,,,MM,*,T,비균형적,*,*,*,*
비균질적,,,,MM,*,T,비균질적,*,*,*,*
비규범적,,,,MM,*,T,비규범적,*,*,*,*
비권력적,,,,MM,*,T,비권력적,*,*,*,*
비군사적,,,,MM,*,T,비군사적,*,*,*,*
비구상적,,,,MM,*,T,비구상적,*,*,*,*
비교환적,,,,MM,*,T,비교환적,*,*,*,*
비교적,,,,MM,*,T,비교적,*,*,*,*
비교육적,,,,MM,*,T,비교육적,*,*,*,*
비관혈적,,,,MM,*,T,비관혈적,*,*,*,*
비관주의적,,,,MM,*,T,비관주의적,*,*,*,*
비관적,,,,MM,*,T,비관적,*,*,*,*
비관용적,,,,MM,*,T,비관용적,*,*,*,*
비관료적,,,,MM,*,T,비관료적,*,*,*,*
비관론적,,,,MM,*,T,비관론적,*,*,*,*
비과학적,,,,MM,*,T,비과학적,*,*,*,*
비공식적,,,,MM,*,T,비공식적,*,*,*,*
비공격적,,,,MM,*,T,비공격적,*,*,*,*
비공개적,,,,MM,*,T,비공개적,*,*,*,*
비공감적,,,,MM,*,T,비공감적,*,*,*,*
비고정적,,,,MM,*,T,비고정적,*,*,*,*
비고의적,,,,MM,*,T,비고의적,*,*,*,*
비계획적,,,,MM,*,T,비계획적,*,*,*,*
비계산적,,,,MM,*,T,비계산적,*,*,*,*
비계량적,,,,MM,*,T,비계량적,*,*,*,*
비경험적,,,,MM,*,T,비경험적,*,*,*,*
비경합적,,,,MM,*,T,비경합적,*,*,*,*
비경제적,,,,MM,*,T,비경제적,*,*,*,*
비경쟁적,,,,MM,*,T,비경쟁적,*,*,*,*
비경기적,,,,MM,*,T,비경기적,*,*,*,*
비경구적,,,,MM,*,T,비경구적,*,*,*,*
비결정론적,,,,MM,*,T,비결정론적,*,*,*,*
비객관적,,,,MM,*,T,비객관적,*,*,*,*
비개입적,,,,MM,*,T,비개입적,*,*,*,*
비개방적,,,,MM,*,T,비개방적,*,*,*,*
비개념적,,,,MM,*,T,비개념적,*,*,*,*
비가역적,,,,MM,*,T,비가역적,*,*,*,*
비가시적,,,,MM,*,T,비가시적,*,*,*,*
블루스적,,,,MM,*,T,블루스적,*,*,*,*
불확정적,,,,MM,*,T,불확정적,*,*,*,*
불확실적,,,,MM,*,T,불확실적,*,*,*,*
불합리적,,,,MM,*,T,불합리적,*,*,*,*
불평등적,,,,MM,*,T,불평등적,*,*,*,*
불연속적,,,,MM,*,T,불연속적,*,*,*,*
불신적,,,,MM,*,T,불신적,*,*,*,*
불수의적,,,,MM,*,T,불수의적,*,*,*,*
불변적,,,,MM,*,T,불변적,*,*,*,*
불법적,,,,MM,*,T,불법적,*,*,*,*
불륜적,,,,MM,*,T,불륜적,*,*,*,*
불균형적,,,,MM,*,T,불균형적,*,*,*,*
불균등적,,,,MM,*,T,불균등적,*,*,*,*
불규칙적,,,,MM,*,T,불규칙적,*,*,*,*
불교적,,,,MM,*,T,불교적,*,*,*,*
불가항력적,,,,MM,*,T,불가항력적,*,*,*,*
불가피적,,,,MM,*,T,불가피적,*,*,*,*
불가역적,,,,MM,*,T,불가역적,*,*,*,*
불가시적,,,,MM,*,T,불가시적,*,*,*,*
불가사의,,,,MM,*,F,불가사의,*,*,*,*
불가분적,,,,MM,*,T,불가분적,*,*,*,*
불가분리적,,,,MM,*,T,불가분리적,*,*,*,*
불가변적,,,,MM,*,T,불가변적,*,*,*,*
분포적,,,,MM,*,T,분포적,*,*,*,*
분파주의적,,,,MM,*,T,분파주의적,*,*,*,*
분파적,,,,MM,*,T,분파적,*,*,*,*
분투적,,,,MM,*,T,분투적,*,*,*,*
분절적,,,,MM,*,T,분절적,*,*,*,*
분쟁적,,,,MM,*,T,분쟁적,*,*,*,*
분자적,,,,MM,*,T,분자적,*,*,*,*
분업적,,,,MM,*,T,분업적,*,*,*,*
분야적,,,,MM,*,T,분야적,*,*,*,*
분석적,,,,MM,*,T,분석적,*,*,*,*
분산적,,,,MM,*,T,분산적,*,*,*,*
분배주의적,,,,MM,*,T,분배주의적,*,*,*,*
분립적,,,,MM,*,T,분립적,*,*,*,*
분리주의적,,,,MM,*,T,분리주의적,*,*,*,*
분리적,,,,MM,*,T,분리적,*,*,*,*
분류학적,,,,MM,*,T,분류학적,*,*,*,*
분권적,,,,MM,*,T,분권적,*,*,*,*
분광학적,,,,MM,*,T,분광학적,*,*,*,*
부패적,,,,MM,*,T,부패적,*,*,*,*
부차적,,,,MM,*,T,부차적,*,*,*,*
부족적,,,,MM,*,T,부족적,*,*,*,*
부조화적,,,,MM,*,T,부조화적,*,*,*,*
부정적,,,,MM,*,T,부정적,*,*,*,*
부정기적,,,,MM,*,T,부정기적,*,*,*,*
부수적,,,,MM,*,T,부수적,*,*,*,*
부속적,,,,MM,*,T,부속적,*,*,*,*
부사적,,,,MM,*,T,부사적,*,*,*,*
부분적,,,,MM,*,T,부분적,*,*,*,*
부르주아적,,,,MM,*,T,부르주아적,*,*,*,*
부도덕적,,,,MM,*,T,부도덕적,*,*,*,*
부담적,,,,MM,*,T,부담적,*,*,*,*
부가적,,,,MM,*,T,부가적,*,*,*,*
봉쇄적,,,,MM,*,T,봉쇄적,*,*,*,*
봉사적,,,,MM,*,T,봉사적,*,*,*,*
봉건주의적,,,,MM,*,T,봉건주의적,*,*,*,*
봉건적,,,,MM,*,T,봉건적,*,*,*,*
본체적,,,,MM,*,T,본체적,*,*,*,*
본질주의적,,,,MM,*,T,본질주의적,*,*,*,*
본질적,,,,MM,*,T,본질적,*,*,*,*
본질론적,,,,MM,*,T,본질론적,*,*,*,*
본음계적,,,,MM,*,T,본음계적,*,*,*,*
본유적,,,,MM,*,T,본유적,*,*,*,*
본원적,,,,MM,*,T,본원적,*,*,*,*
본연적,,,,MM,*,T,본연적,*,*,*,*
본래적,,,,MM,*,T,본래적,*,*,*,*
본능적,,,,MM,*,T,본능적,*,*,*,*
본격적,,,,MM,*,T,본격적,*,*,*,*
복합적,,,,MM,*,T,복합적,*,*,*,*
복종적,,,,MM,*,T,복종적,*,*,*,*
복음주의적,,,,MM,*,T,복음주의적,*,*,*,*
복음적,,,,MM,*,T,복음적,*,*,*,*
복고주의적,,,,MM,*,T,복고주의적,*,*,*,*
복고적,,,,MM,*,T,복고적,*,*,*,*
보호주의적,,,,MM,*,T,보호주의적,*,*,*,*
보호적,,,,MM,*,T,보호적,*,*,*,*
보헤미안적,,,,MM,*,T,보헤미안적,*,*,*,*
보험적,,,,MM,*,T,보험적,*,*,*,*
보편주의적,,,,MM,*,T,보편주의적,*,*,*,*
보편적,,,,MM,*,T,보편적,*,*,*,*
보충적,,,,MM,*,T,보충적,*,*,*,*
보존적,,,,MM,*,T,보존적,*,*,*,*
보조적,,,,MM,*,T,보조적,*,*,*,*
보장적,,,,MM,*,T,보장적,*,*,*,*
보완재적,,,,MM,*,T,보완재적,*,*,*,*
보안적,,,,MM,*,T,보안적,*,*,*,*
보신주의적,,,,MM,*,T,보신주의적,*,*,*,*
보수주의적,,,,MM,*,T,보수주의적,*,*,*,*
보수적,,,,MM,*,T,보수적,*,*,*,*
보상적,,,,MM,*,T,보상적,*,*,*,*
보복적,,,,MM,*,T,보복적,*,*,*,*
보도적,,,,MM,*,T,보도적,*,*,*,*
보건적,,,,MM,*,T,보건적,*,*,*,*
보강적,,,,MM,*,T,보강적,*,*,*,*
병행적,,,,MM,*,T,병행적,*,*,*,*
병적,,,,MM,*,T,병적,*,*,*,*
병리학적,,,,MM,*,T,병리학적,*,*,*,*
병리적,,,,MM,*,T,병리적,*,*,*,*
병렬적,,,,MM,*,T,병렬적,*,*,*,*
별의별,,,,MM,*,T,별의별,*,*,*,*
별별,,,,MM,*,T,별별,*,*,*,*
변형적,,,,MM,*,T,변형적,*,*,*,*
변태적,,,,MM,*,T,변태적,*,*,*,*
변칙적,,,,MM,*,T,변칙적,*,*,*,*
변증법적,,,,MM,*,T,변증법적,*,*,*,*
변증론적,,,,MM,*,T,변증론적,*,*,*,*
변종적,,,,MM,*,T,변종적,*,*,*,*
변용적,,,,MM,*,T,변용적,*,*,*,*
변별적,,,,MM,*,T,변별적,*,*,*,*
변방적,,,,MM,*,T,변방적,*,*,*,*
변두리적,,,,MM,*,T,변두리적,*,*,*,*
변동적,,,,MM,*,T,변동적,*,*,*,*
변경적,,,,MM,*,T,변경적,*,*,*,*
벼라별,,,,MM,*,T,벼라별,*,*,*,*
벨에벨,,,,MM,*,T,벨에벨,*,*,*,*
베리벨,,,,MM,*,T,베리벨,*,*,*,*
베라벨,,,,MM,*,T,베라벨,*,*,*,*
법칙적,,,,MM,*,T,법칙적,*,*,*,*
법치주의적,,,,MM,*,T,법치주의적,*,*,*,*
법치적,,,,MM,*,T,법치적,*,*,*,*
법철학적,,,,MM,*,T,법철학적,*,*,*,*
법제적,,,,MM,*,T,법제적,*,*,*,*
법적,,,,MM,*,T,법적,*,*,*,*
법의학적,,,,MM,*,T,법의학적,*,*,*,*
법리적,,,,MM,*,T,법리적,*,*,*,*
법률적,,,,MM,*,T,법률적,*,*,*,*
법규적,,,,MM,*,T,법규적,*,*,*,*
범학문적,,,,MM,*,T,범학문적,*,*,*,*
범주적,,,,MM,*,T,범주적,*,*,*,*
범죄적,,,,MM,*,T,범죄적,*,*,*,*
범종교적,,,,MM,*,T,범종교적,*,*,*,*
범정치권적,,,,MM,*,T,범정치권적,*,*,*,*
범정부적,,,,MM,*,T,범정부적,*,*,*,*
범우주적,,,,MM,*,T,범우주적,*,*,*,*
범용적,,,,MM,*,T,범용적,*,*,*,*
범언어적,,,,MM,*,T,범언어적,*,*,*,*
범신론적,,,,MM,*,T,범신론적,*,*,*,*
범시민적,,,,MM,*,T,범시민적,*,*,*,*
범세계적,,,,MM,*,T,범세계적,*,*,*,*
범민족적,,,,MM,*,T,범민족적,*,*,*,*
범문화적,,,,MM,*,T,범문화적,*,*,*,*
범대학적,,,,MM,*,T,범대학적,*,*,*,*
범국제적,,,,MM,*,T,범국제적,*,*,*,*
범국가적,,,,MM,*,T,범국가적,*,*,*,*
범교과적,,,,MM,*,T,범교과적,*,*,*,*
범과학적,,,,MM,*,T,범과학적,*,*,*,*
밸아묵을,,,,MM,*,T,밸아묵을,*,*,*,*
백열적,,,,MM,*,T,백열적,*,*,*,*
백만,,,,MM,*,T,백만,*,*,*,*
백과사전적,,,,MM,*,T,백과사전적,*,*,*,*
배타적,,,,MM,*,T,배타적,*,*,*,*
배제적,,,,MM,*,T,배제적,*,*,*,*
배우적,,,,MM,*,T,배우적,*,*,*,*
배외적,,,,MM,*,T,배외적,*,*,*,*
배신적,,,,MM,*,T,배신적,*,*,*,*
배설적,,,,MM,*,T,배설적,*,*,*,*
배분적,,,,MM,*,T,배분적,*,*,*,*
배라묵을,,,,MM,*,T,배라묵을,*,*,*,*
배금주의적,,,,MM,*,T,배금주의적,*,*,*,*
방향적,,,,MM,*,T,방향적,*,*,*,*
방조적,,,,MM,*,T,방조적,*,*,*,*
방언적,,,,MM,*,T,방언적,*,*,*,*
방어적,,,,MM,*,T,방어적,*,*,*,*
방식적,,,,MM,*,T,방식적,*,*,*,*
방사선적,,,,MM,*,T,방사선적,*,*,*,*
방법적,,,,MM,*,T,방법적,*,*,*,*
방법론적,,,,MM,*,T,방법론적,*,*,*,*
방랑적,,,,MM,*,T,방랑적,*,*,*,*
방관적,,,,MM,*,T,방관적,*,*,*,*
발전적,,,,MM,*,T,발전적,*,*,*,*
발작적,,,,MM,*,T,발작적,*,*,*,*
발악적,,,,MM,*,T,발악적,*,*,*,*
발생적,,,,MM,*,T,발생적,*,*,*,*
발생론적,,,,MM,*,T,발생론적,*,*,*,*
발산적,,,,MM,*,T,발산적,*,*,*,*
발광적,,,,MM,*,T,발광적,*,*,*,*
발견적,,,,MM,*,T,발견적,*,*,*,*
반환경적,,,,MM,*,T,반환경적,*,*,*,*
반화합적,,,,MM,*,T,반화합적,*,*,*,*
반혁명적,,,,MM,*,T,반혁명적,*,*,*,*
반향적,,,,MM,*,T,반향적,*,*,*,*
반항적,,,,MM,*,T,반항적,*,*,*,*
반항아적,,,,MM,*,T,반항아적,*,*,*,*
반평화주의적,,,,MM,*,T,반평화주의적,*,*,*,*
반투쟁적,,,,MM,*,T,반투쟁적,*,*,*,*
반통합적,,,,MM,*,T,반통합적,*,*,*,*
반통일적,,,,MM,*,T,반통일적,*,*,*,*
반칼뱅주의적,,,,MM,*,T,반칼뱅주의적,*,*,*,*
반칙적,,,,MM,*,T,반칙적,*,*,*,*
반체제적,,,,MM,*,T,반체제적,*,*,*,*
반천주교적,,,,MM,*,T,반천주교적,*,*,*,*
반직업적,,,,MM,*,T,반직업적,*,*,*,*
반지성적,,,,MM,*,T,반지성적,*,*,*,*
반주류적,,,,MM,*,T,반주류적,*,*,*,*
반종교적,,,,MM,*,T,반종교적,*,*,*,*
반조직적,,,,MM,*,T,반조직적,*,*,*,*
반제도적,,,,MM,*,T,반제도적,*,*,*,*
반정치적,,,,MM,*,T,반정치적,*,*,*,*
반정부주의적,,,,MM,*,T,반정부주의적,*,*,*,*
반정부적,,,,MM,*,T,반정부적,*,*,*,*
반전제주의적,,,,MM,*,T,반전제주의적,*,*,*,*
반작용적,,,,MM,*,T,반작용적,*,*,*,*
반자율적,,,,MM,*,T,반자율적,*,*,*,*
반자연주의적,,,,MM,*,T,반자연주의적,*,*,*,*
반자연적,,,,MM,*,T,반자연적,*,*,*,*
반자본주의적,,,,MM,*,T,반자본주의적,*,*,*,*
반일적,,,,MM,*,T,반일적,*,*,*,*
반인륜적,,,,MM,*,T,반인륜적,*,*,*,*
반인권적,,,,MM,*,T,반인권적,*,*,*,*
반인간적,,,,MM,*,T,반인간적,*,*,*,*
반이데올로기적,,,,MM,*,T,반이데올로기적,*,*,*,*
반의적,,,,MM,*,T,반의적,*,*,*,*
반응적,,,,MM,*,T,반응적,*,*,*,*
반윤리적,,,,MM,*,T,반윤리적,*,*,*,*
반유토피아적,,,,MM,*,T,반유토피아적,*,*,*,*
반외세적,,,,MM,*,T,반외세적,*,*,*,*
반영구적,,,,MM,*,T,반영구적,*,*,*,*
반역적,,,,MM,*,T,반역적,*,*,*,*
반역사적,,,,MM,*,T,반역사적,*,*,*,*
반여성주의적,,,,MM,*,T,반여성주의적,*,*,*,*
반여론적,,,,MM,*,T,반여론적,*,*,*,*
반언어적,,,,MM,*,T,반언어적,*,*,*,*
반언론적,,,,MM,*,T,반언론적,*,*,*,*
반어적,,,,MM,*,T,반어적,*,*,*,*
반시적,,,,MM,*,T,반시적,*,*,*,*
반시장적,,,,MM,*,T,반시장적,*,*,*,*
반세계적,,,,MM,*,T,반세계적,*,*,*,*
반성적,,,,MM,*,T,반성적,*,*,*,*
반성장주의적,,,,MM,*,T,반성장주의적,*,*,*,*
반서민적,,,,MM,*,T,반서민적,*,*,*,*
반서구적,,,,MM,*,T,반서구적,*,*,*,*
반상업적,,,,MM,*,T,반상업적,*,*,*,*
반사회적,,,,MM,*,T,반사회적,*,*,*,*
반사적,,,,MM,*,T,반사적,*,*,*,*
반사실주의적,,,,MM,*,T,반사실주의적,*,*,*,*
반사실적,,,,MM,*,T,반사실적,*,*,*,*
반불교적,,,,MM,*,T,반불교적,*,*,*,*
반분권적,,,,MM,*,T,반분권적,*,*,*,*
반부패적,,,,MM,*,T,반부패적,*,*,*,*
반부유층적,,,,MM,*,T,반부유층적,*,*,*,*
반봉건적,,,,MM,*,T,반봉건적,*,*,*,*
반복적,,,,MM,*,T,반복적,*,*,*,*
반법치적,,,,MM,*,T,반법치적,*,*,*,*
반범죄적,,,,MM,*,T,반범죄적,*,*,*,*
반발적,,,,MM,*,T,반발적,*,*,*,*
반민중적,,,,MM,*,T,반민중적,*,*,*,*
반민주적,,,,MM,*,T,반민주적,*,*,*,*
반민족주의적,,,,MM,*,T,반민족주의적,*,*,*,*
반민족적,,,,MM,*,T,반민족적,*,*,*,*
반물질적,,,,MM,*,T,반물질적,*,*,*,*
반문화적,,,,MM,*,T,반문화적,*,*,*,*
반문학적,,,,MM,*,T,반문학적,*,*,*,*
반문명적,,,,MM,*,T,반문명적,*,*,*,*
반동주의적,,,,MM,*,T,반동주의적,*,*,*,*
반동적,,,,MM,*,T,반동적,*,*,*,*
반도덕적,,,,MM,*,T,반도덕적,*,*,*,*
반당적,,,,MM,*,T,반당적,*,*,*,*
반노동적,,,,MM,*,T,반노동적,*,*,*,*
반기업적,,,,MM,*,T,반기업적,*,*,*,*
반기술적,,,,MM,*,T,반기술적,*,*,*,*
반기성적,,,,MM,*,T,반기성적,*,*,*,*
반기독교적,,,,MM,*,T,반기독교적,*,*,*,*
반근대적,,,,MM,*,T,반근대적,*,*,*,*
반권위적,,,,MM,*,T,반권위적,*,*,*,*
반국민적,,,,MM,*,T,반국민적,*,*,*,*
반국가주의적,,,,MM,*,T,반국가주의적,*,*,*,*
반국가적,,,,MM,*,T,반국가적,*,*,*,*
반교육적,,,,MM,*,T,반교육적,*,*,*,*
반교리적,,,,MM,*,T,반교리적,*,*,*,*
반과학적,,,,MM,*,T,반과학적,*,*,*,*
반공주의적,,,,MM,*,T,반공주의적,*,*,*,*
반공익적,,,,MM,*,T,반공익적,*,*,*,*
반공식적,,,,MM,*,T,반공식적,*,*,*,*
반공동체적,,,,MM,*,T,반공동체적,*,*,*,*
반경쟁적,,,,MM,*,T,반경쟁적,*,*,*,*
반격적,,,,MM,*,T,반격적,*,*,*,*
반건강적,,,,MM,*,T,반건강적,*,*,*,*
반개혁적,,,,MM,*,T,반개혁적,*,*,*,*
반개방적,,,,MM,*,T,반개방적,*,*,*,*
반강제적,,,,MM,*,T,반강제적,*,*,*,*
박해적,,,,MM,*,T,박해적,*,*,*,*
박탈적,,,,MM,*,T,박탈적,*,*,*,*
바이런적,,,,MM,*,T,바이런적,*,*,*,*
바른,,,,MM,*,T,바른,*,*,*,*
바로크식,,,,MM,*,T,바로크식,*,*,*,*
민화적,,,,MM,*,T,민화적,*,*,*,*
민중주의적,,,,MM,*,T,민중주의적,*,*,*,*
민중적,,,,MM,*,T,민중적,*,*,*,*
민주주의적,,,,MM,*,T,민주주의적,*,*,*,*
민주적,,,,MM,*,T,민주적,*,*,*,*
민족지적,,,,MM,*,T,민족지적,*,*,*,*
민족주의적,,,,MM,*,T,민족주의적,*,*,*,*
민족적,,,,MM,*,T,민족적,*,*,*,*
민족사적,,,,MM,*,T,민족사적,*,*,*,*
민요적,,,,MM,*,T,민요적,*,*,*,*
민속학적,,,,MM,*,T,민속학적,*,*,*,*
민속적,,,,MM,*,T,민속적,*,*,*,*
민법적,,,,MM,*,T,민법적,*,*,*,*
미학적,,,,MM,*,T,미학적,*,*,*,*
미적,,,,MM,*,T,미적,*,*,*,*
미용적,,,,MM,*,T,미용적,*,*,*,*
미온적,,,,MM,*,T,미온적,*,*,*,*
미신적,,,,MM,*,T,미신적,*,*,*,*
미신,,,,MM,*,T,미신,*,*,*,*
미시적,,,,MM,*,T,미시적,*,*,*,*
미스터리적,,,,MM,*,T,미스터리적,*,*,*,*
미술적,,,,MM,*,T,미술적,*,*,*,*
미술사적,,,,MM,*,T,미술사적,*,*,*,*
미생물학적,,,,MM,*,T,미생물학적,*,*,*,*
미봉적,,,,MM,*,T,미봉적,*,*,*,*
미래학적,,,,MM,*,T,미래학적,*,*,*,*
미래주의적,,,,MM,*,T,미래주의적,*,*,*,*
미래적,,,,MM,*,T,미래적,*,*,*,*
미디어적,,,,MM,*,T,미디어적,*,*,*,*
미결정적,,,,MM,*,T,미결정적,*,*,*,*
미각적,,,,MM,*,T,미각적,*,*,*,*
므슷,,,,MM,*,T,므슷,*,*,*,*
므슴,,,,MM,*,T,므슴,*,*,*,*
므슨,,,,MM,*,T,므슨,*,*,*,*
물화적,,,,MM,*,T,물화적,*,*,*,*
물질주의적,,,,MM,*,T,물질주의적,*,*,*,*
물질적,,,,MM,*,T,물질적,*,*,*,*
물적,,,,MM,*,T,물적,*,*,*,*
물욕적,,,,MM,*,T,물욕적,*,*,*,*
물신주의적,,,,MM,*,T,물신주의적,*,*,*,*
물신적,,,,MM,*,T,물신적,*,*,*,*
물리학적,,,,MM,*,T,물리학적,*,*,*,*
물리적,,,,MM,*,T,물리적,*,*,*,*
물량주의적,,,,MM,*,T,물량주의적,*,*,*,*
문화주의적,,,,MM,*,T,문화주의적,*,*,*,*
문화적,,,,MM,*,T,문화적,*,*,*,*
문화재적,,,,MM,*,T,문화재적,*,*,*,*
문화사적,,,,MM,*,T,문화사적,*,*,*,*
문화론적,,,,MM,*,T,문화론적,*,*,*,*
문헌학적,,,,MM,*,T,문헌학적,*,*,*,*
문학적,,,,MM,*,T,문학적,*,*,*,*
문학사적,,,,MM,*,T,문학사적,*,*,*,*
문체학적,,,,MM,*,T,문체학적,*,*,*,*
문체적,,,,MM,*,T,문체적,*,*,*,*
문제적,,,,MM,*,T,문제적,*,*,*,*
문제아적,,,,MM,*,T,문제아적,*,*,*,*
문자적,,,,MM,*,T,문자적,*,*,*,*
문자론적,,,,MM,*,T,문자론적,*,*,*,*
문예적,,,,MM,*,T,문예적,*,*,*,*
문어적,,,,MM,*,T,문어적,*,*,*,*
문서적,,,,MM,*,T,문서적,*,*,*,*
문법적,,,,MM,*,T,문법적,*,*,*,*
문법론적,,,,MM,*,T,문법론적,*,*,*,*
문명적,,,,MM,*,T,문명적,*,*,*,*
문명사적,,,,MM,*,T,문명사적,*,*,*,*
문명론적,,,,MM,*,T,문명론적,*,*,*,*
문면적,,,,MM,*,T,문면적,*,*,*,*
문맥적,,,,MM,*,T,문맥적,*,*,*,*
묵시적,,,,MM,*,T,묵시적,*,*,*,*
묵시론적,,,,MM,*,T,묵시론적,*,*,*,*
묵시록적,,,,MM,*,T,묵시록적,*,*,*,*
무호적,,,,MM,*,T,무호적,*,*,*,*
무형적,,,,MM,*,T,무형적,*,*,*,*
무혈적,,,,MM,*,T,무혈적,*,*,*,*
무한적,,,,MM,*,T,무한적,*,*,*,*
무한대적,,,,MM,*,T,무한대적,*,*,*,*
무표적,,,,MM,*,T,무표적,*,*,*,*
무침습적,,,,MM,*,T,무침습적,*,*,*,*
무차별적,,,,MM,*,T,무차별적,*,*,*,*
무조건적,,,,MM,*,T,무조건적,*,*,*,*
무제한적,,,,MM,*,T,무제한적,*,*,*,*
무제약적,,,,MM,*,T,무제약적,*,*,*,*
무정형적,,,,MM,*,T,무정형적,*,*,*,*
무정부주의적,,,,MM,*,T,무정부주의적,*,*,*,*
무정부적,,,,MM,*,T,무정부적,*,*,*,*
무인격적,,,,MM,*,T,무인격적,*,*,*,*
무인,,,,MM,*,T,무인,*,*,*,*
무의적,,,,MM,*,T,무의적,*,*,*,*
무의식적,,,,MM,*,T,무의식적,*,*,*,*
무위적,,,,MM,*,T,무위적,*,*,*,*
무원칙적,,,,MM,*,T,무원칙적,*,*,*,*
무오류적,,,,MM,*,T,무오류적,*,*,*,*
무신론적,,,,MM,*,T,무신론적,*,*,*,*
무신,,,,MM,*,T,무신,*,*,*,*
무슨,,,,MM,*,T,무슨,*,*,*,*
무순,,,,MM,*,T,무순,*,*,*,*
무속적,,,,MM,*,T,무속적,*,*,*,*
무소유적,,,,MM,*,T,무소유적,*,*,*,*
무사상적,,,,MM,*,T,무사상적,*,*,*,*
무비판적,,,,MM,*,T,무비판적,*,*,*,*
무벌적,,,,MM,*,T,무벌적,*,*,*,*
무방해적,,,,MM,*,T,무방해적,*,*,*,*
무반응적,,,,MM,*,T,무반응적,*,*,*,*
무반성적,,,,MM,*,T,무반성적,*,*,*,*
무목적적,,,,MM,*,T,무목적적,*,*,*,*
무매개적,,,,MM,*,T,무매개적,*,*,*,*
무력적,,,,MM,*,T,무력적,*,*,*,*
무량수,,,,MM,*,F,무량수,*,*,*,*
무량대수,,,,MM,*,F,무량대수,*,*,*,*
무단적,,,,MM,*,T,무단적,*,*,*,*
무논리적,,,,MM,*,T,무논리적,*,*,*,*
무긴장적,,,,MM,*,T,무긴장적,*,*,*,*
무기한적,,,,MM,*,T,무기한적,*,*,*,*
무기적,,,,MM,*,T,무기적,*,*,*,*
무규칙적,,,,MM,*,T,무규칙적,*,*,*,*
무규정적,,,,MM,*,T,무규정적,*,*,*,*
무규율적,,,,MM,*,T,무규율적,*,*,*,*
무규범적,,,,MM,*,T,무규범적,*,*,*,*
무관심적,,,,MM,*,T,무관심적,*,*,*,*
무계획적,,,,MM,*,T,무계획적,*,*,*,*
무개성적,,,,MM,*,T,무개성적,*,*,*,*
무감각적,,,,MM,*,T,무감각적,*,*,*,*
묘사적,,,,MM,*,T,묘사적,*,*,*,*
몽환적,,,,MM,*,T,몽환적,*,*,*,*
몽상적,,,,MM,*,T,몽상적,*,*,*,*
몹씰,,,,MM,*,T,몹씰,*,*,*,*
몹씬,,,,MM,*,T,몹씬,*,*,*,*
몹쓸,,,,MM,*,T,몹쓸,*,*,*,*
몰정치적,,,,MM,*,T,몰정치적,*,*,*,*
몰정책적,,,,MM,*,T,몰정책적,*,*,*,*
몰입적,,,,MM,*,T,몰입적,*,*,*,*
몰인격적,,,,MM,*,T,몰인격적,*,*,*,*
몰인간적,,,,MM,*,T,몰인간적,*,*,*,*
몰이념적,,,,MM,*,T,몰이념적,*,*,*,*
몰역사적,,,,MM,*,T,몰역사적,*,*,*,*
몰아적,,,,MM,*,T,몰아적,*,*,*,*
몰상식적,,,,MM,*,T,몰상식적,*,*,*,*
몰개성―적,,,,MM,*,T,몰개성―적,*,*,*,*
몰가치적,,,,MM,*,T,몰가치적,*,*,*,*
몬씰,,,,MM,*,T,몬씰,*,*,*,*
몬쓸,,,,MM,*,T,몬쓸,*,*,*,*
몬실,,,,MM,*,T,몬실,*,*,*,*
목적적,,,,MM,*,T,목적적,*,*,*,*
목적의식적,,,,MM,*,T,목적의식적,*,*,*,*
목적론적,,,,MM,*,T,목적론적,*,*,*,*
목가적,,,,MM,*,T,목가적,*,*,*,*
모호,,,,MM,*,F,모호,*,*,*,*
모험주의적,,,,MM,*,T,모험주의적,*,*,*,*
모험적,,,,MM,*,T,모험적,*,*,*,*
모태적,,,,MM,*,T,모태적,*,*,*,*
모욕적,,,,MM,*,T,모욕적,*,*,*,*
모순적,,,,MM,*,T,모순적,*,*,*,*
모성적,,,,MM,*,T,모성적,*,*,*,*
모사적,,,,MM,*,T,모사적,*,*,*,*
모범적,,,,MM,*,T,모범적,*,*,*,*
모모한,,,,MM,*,T,모모한,*,*,*,*
모모,,,,MM,*,F,모모,*,*,*,*
모멸적,,,,MM,*,T,모멸적,*,*,*,*
모략적,,,,MM,*,T,모략적,*,*,*,*
모든,,,,MM,*,T,모든,*,*,*,*
모돈,,,,MM,*,T,모돈,*,*,*,*
모더니즘적,,,,MM,*,T,모더니즘적,*,*,*,*
몇몇,,,,MM,*,T,몇몇,*,*,*,*
명화적,,,,MM,*,T,명화적,*,*,*,*
명품적,,,,MM,*,T,명품적,*,*,*,*
명제적,,,,MM,*,T,명제적,*,*,*,*
명시적,,,,MM,*,T,명시적,*,*,*,*
명상적,,,,MM,*,T,명상적,*,*,*,*
명사적,,,,MM,*,T,명사적,*,*,*,*
명목적,,,,MM,*,T,명목적,*,*,*,*
명령적,,,,MM,*,T,명령적,*,*,*,*
멸시적,,,,MM,*,T,멸시적,*,*,*,*
멫멫,,,,MM,*,T,멫멫,*,*,*,*
멜로드라마적,,,,MM,*,T,멜로드라마적,*,*,*,*
멜건,,,,MM,*,T,멜건,*,*,*,*
메타언어적,,,,MM,*,T,메타언어적,*,*,*,*
메시아적,,,,MM,*,T,메시아적,*,*,*,*
멀티플레이어적,,,,MM,*,T,멀티플레이어적,*,*,*,*
먼먼,,,,MM,*,T,먼먼,*,*,*,*
머든,,,,MM,*,T,머든,*,*,*,*
머덜,,,,MM,*,T,머덜,*,*,*,*
머던,,,,MM,*,T,머던,*,*,*,*
맹적,,,,MM,*,T,맹적,*,*,*,*
맹아적,,,,MM,*,T,맹아적,*,*,*,*
맹신적,,,,MM,*,T,맹신적,*,*,*,*
맹목적,,,,MM,*,T,맹목적,*,*,*,*
맨탕,,,,MM,*,T,맨탕,*,*,*,*
맥락적,,,,MM,*,T,맥락적,*,*,*,*
매혹적,,,,MM,*,T,매혹적,*,*,*,*
매판적,,,,MM,*,T,매판적,*,*,*,*
매체적,,,,MM,*,T,매체적,*,*,*,*
매력적,,,,MM,*,T,매력적,*,*,*,*
매너리즘적,,,,MM,*,T,매너리즘적,*,*,*,*
매국적,,,,MM,*,T,매국적,*,*,*,*
매개적,,,,MM,*,T,매개적,*,*,*,*
망상적,,,,MM,*,T,망상적,*,*,*,*
망라적,,,,MM,*,T,망라적,*,*,*,*
망국적,,,,MM,*,T,망국적,*,*,*,*
망각적,,,,MM,*,T,망각적,*,*,*,*
말초적,,,,MM,*,T,말초적,*,*,*,*
말세적,,,,MM,*,T,말세적,*,*,*,*
말세기적,,,,MM,*,T,말세기적,*,*,*,*
말단적,,,,MM,*,T,말단적,*,*,*,*
말기적,,,,MM,*,T,말기적,*,*,*,*
만회적,,,,MM,*,T,만회적,*,*,*,*
만화경적,,,,MM,*,T,만화경적,*,*,*,*
만족적,,,,MM,*,T,만족적,*,*,*,*
만장일치적,,,,MM,*,T,만장일치적,*,*,*,*
만성적,,,,MM,*,T,만성적,*,*,*,*
만만,,,,MM,*,T,만만,*,*,*,*
만능적,,,,MM,*,T,만능적,*,*,*,*
마흔,,,,MM,*,T,마흔,*,*,*,*
마흐나문,,,,MM,*,T,마흐나문,*,*,*,*
마훈,,,,MM,*,T,마훈,*,*,*,*
마혼,,,,MM,*,T,마혼,*,*,*,*
마한,,,,MM,*,T,마한,*,*,*,*
마키아벨리즘적,,,,MM,*,T,마키아벨리즘적,*,*,*,*
마취적,,,,MM,*,T,마취적,*,*,*,*
마초적,,,,MM,*,T,마초적,*,*,*,*
마초이즘적,,,,MM,*,T,마초이즘적,*,*,*,*
마찰적,,,,MM,*,T,마찰적,*,*,*,*
마은,,,,MM,*,T,마은,*,*,*,*
마온,,,,MM,*,T,마온,*,*,*,*
마약적,,,,MM,*,T,마약적,*,*,*,*
마술적,,,,MM,*,T,마술적,*,*,*,*
마성적,,,,MM,*,T,마성적,*,*,*,*
마법적,,,,MM,*,T,마법적,*,*,*,*
마르크스주의적,,,,MM,*,T,마르크스주의적,*,*,*,*
마르크스적,,,,MM,*,T,마르크스적,*,*,*,*
마당극적,,,,MM,*,T,마당극적,*,*,*,*
마니아적,,,,MM,*,T,마니아적,*,*,*,*
마근,,,,MM,*,T,마근,*,*,*,*
마건,,,,MM,*,T,마건,*,*,*,*
립체적,,,,MM,*,T,립체적,*,*,*,*
림시적,,,,MM,*,T,림시적,*,*,*,*
리지적,,,,MM,*,T,리지적,*,*,*,*
리적,,,,MM,*,T,리적,*,*,*,*
리얼리즘적,,,,MM,*,T,리얼리즘적,*,*,*,*
리상적,,,,MM,*,T,리상적,*,*,*,*
리론적,,,,MM,*,T,리론적,*,*,*,*
리듬적,,,,MM,*,T,리듬적,*,*,*,*
리기주의적,,,,MM,*,T,리기주의적,*,*,*,*
리기적,,,,MM,*,T,리기적,*,*,*,*
르네상스적,,,,MM,*,T,르네상스적,*,*,*,*
륙칠,,,,MM,*,T,륙칠,*,*,*,*
륙십,,,,MM,*,T,륙십,*,*,*,*
륙감적,,,,MM,*,T,륙감적,*,*,*,*
류형적,,,,MM,*,T,류형적,*,*,*,*
류혈적,,,,MM,*,T,류혈적,*,*,*,*
루소주의적,,,,MM,*,T,루소주의적,*,*,*,*
론리적,,,,MM,*,T,론리적,*,*,*,*
로력적,,,,MM,*,T,로력적,*,*,*,*
로골적,,,,MM,*,T,로골적,*,*,*,*
령적,,,,MM,*,T,령적,*,*,*,*
령도적,,,,MM,*,T,령도적,*,*,*,*
렵기적,,,,MM,*,T,렵기적,*,*,*,*
련속적,,,,MM,*,T,련속적,*,*,*,*
련대적,,,,MM,*,T,련대적,*,*,*,*
력학적,,,,MM,*,T,력학적,*,*,*,*
력사적,,,,MM,*,T,력사적,*,*,*,*
력대적,,,,MM,*,T,력대적,*,*,*,*
량적,,,,MM,*,T,량적,*,*,*,*
량심적,,,,MM,*,T,량심적,*,*,*,*
랭소적,,,,MM,*,T,랭소적,*,*,*,*
랑만적,,,,MM,*,T,랑만적,*,*,*,*
락천적,,,,MM,*,T,락천적,*,*,*,*
떡을할,,,,MM,*,T,떡을할,*,*,*,*
땜질식,,,,MM,*,T,땜질식,*,*,*,*
따난,,,,MM,*,T,따난,*,*,*,*
딜레탕트적,,,,MM,*,T,딜레탕트적,*,*,*,*
디앗,,,,MM,*,T,디앗,*,*,*,*
디스토피아적,,,,MM,*,T,디스토피아적,*,*,*,*
등질적,,,,MM,*,T,등질적,*,*,*,*
등가적,,,,MM,*,T,등가적,*,*,*,*
둬서너,,,,MM,*,F,둬서너,*,*,*,*
둘채,,,,MM,*,F,둘채,*,*,*,*
둘차히,,,,MM,*,F,둘차히,*,*,*,*
둘차,,,,MM,*,F,둘차,*,*,*,*
둘찌,,,,MM,*,F,둘찌,*,*,*,*
둘째,,,,MM,*,F,둘째,*,*,*,*
두채,,,,MM,*,F,두채,*,*,*,*
두차,,,,MM,*,F,두차,*,*,*,*
두째,,,,MM,*,F,두째,*,*,*,*
두짜,,,,MM,*,F,두짜,*,*,*,*
두우째,,,,MM,*,F,두우째,*,*,*,*
두우,,,,MM,*,F,두우,*,*,*,*
두어째,,,,MM,*,F,두어째,*,*,*,*
두어,,,,MM,*,F,두어,*,*,*,*
두시,,,,MM,*,F,두시,*,*,*,*
두세째,,,,MM,*,F,두세째,*,*,*,*
두세,,,,MM,*,F,두세,*,*,*,*
두석,,,,MM,*,T,두석,*,*,*,*
두서너째,,,,MM,*,F,두서너째,*,*,*,*
두서너,,,,MM,*,F,두서너,*,*,*,*
두뇌적,,,,MM,*,T,두뇌적,*,*,*,*
되서,,,,MM,*,F,되서,*,*,*,*
동화적,,,,MM,*,T,동화적,*,*,*,*
동태적,,,,MM,*,T,동태적,*,*,*,*
동질적,,,,MM,*,T,동질적,*,*,*,*
동지적,,,,MM,*,T,동지적,*,*,*,*
동조적,,,,MM,*,T,동조적,*,*,*,*
동정적,,,,MM,*,T,동정적,*,*,*,*
동적,,,,MM,*,T,동적,*,*,*,*
동일자적,,,,MM,*,T,동일자적,*,*,*,*
동의학적,,,,MM,*,T,동의학적,*,*,*,*
동원적,,,,MM,*,T,동원적,*,*,*,*
동요적,,,,MM,*,T,동요적,*,*,*,*
동양적,,,,MM,*,T,동양적,*,*,*,*
동심적,,,,MM,*,T,동심적,*,*,*,*
동시적,,,,MM,*,T,동시적,*,*,*,*
동시대적,,,,MM,*,T,동시대적,*,*,*,*
동시다발적,,,,MM,*,T,동시다발적,*,*,*,*
동소적,,,,MM,*,T,동소적,*,*,*,*
동선적,,,,MM,*,T,동선적,*,*,*,*
동사적,,,,MM,*,T,동사적,*,*,*,*
동반적,,,,MM,*,T,동반적,*,*,*,*
동반자적,,,,MM,*,T,동반자적,*,*,*,*
동물학적,,,,MM,*,T,동물학적,*,*,*,*
동물적,,,,MM,*,T,동물적,*,*,*,*
동맹적,,,,MM,*,T,동맹적,*,*,*,*
동기적,,,,MM,*,T,동기적,*,*,*,*
돌출적,,,,MM,*,T,돌출적,*,*,*,*
돌차적,,,,MM,*,T,돌차적,*,*,*,*
돌연적,,,,MM,*,T,돌연적,*,*,*,*
돌변적,,,,MM,*,T,돌변적,*,*,*,*
돌발적,,,,MM,*,T,돌발적,*,*,*,*
돌격적,,,,MM,*,T,돌격적,*,*,*,*
독창적,,,,MM,*,T,독창적,*,*,*,*
독존적,,,,MM,*,T,독존적,*,*,*,*
독점적,,,,MM,*,T,독점적,*,*,*,*
독재주의적,,,,MM,*,T,독재주의적,*,*,*,*
독재적,,,,MM,*,T,독재적,*,*,*,*
독자적,,,,MM,*,T,독자적,*,*,*,*
독선주의적,,,,MM,*,T,독선주의적,*,*,*,*
독선적,,,,MM,*,T,독선적,*,*,*,*
독보적,,,,MM,*,T,독보적,*,*,*,*
독물학적,,,,MM,*,T,독물학적,*,*,*,*
독립적,,,,MM,*,T,독립적,*,*,*,*
독단주의적,,,,MM,*,T,독단주의적,*,*,*,*
독단적,,,,MM,*,T,독단적,*,*,*,*
독과점적,,,,MM,*,T,독과점적,*,*,*,*
도회적,,,,MM,*,T,도회적,*,*,*,*
도학적,,,,MM,*,T,도학적,*,*,*,*
도학자적,,,,MM,*,T,도학자적,*,*,*,*
도피주의적,,,,MM,*,T,도피주의적,*,*,*,*
도피적,,,,MM,*,T,도피적,*,*,*,*
도취적,,,,MM,*,T,도취적,*,*,*,*
도착적,,,,MM,*,T,도착적,*,*,*,*
도전적,,,,MM,*,T,도전적,*,*,*,*
도의적,,,,MM,*,T,도의적,*,*,*,*
도안적,,,,MM,*,T,도안적,*,*,*,*
도식주의적,,,,MM,*,T,도식주의적,*,*,*,*
도식적,,,,MM,*,T,도식적,*,*,*,*
도시적,,,,MM,*,T,도시적,*,*,*,*
도색적,,,,MM,*,T,도색적,*,*,*,*
도상적,,,,MM,*,T,도상적,*,*,*,*
도발적,,,,MM,*,T,도발적,*,*,*,*
도덕주의적,,,,MM,*,T,도덕주의적,*,*,*,*
도덕적,,,,MM,*,T,도덕적,*,*,*,*
도구적,,,,MM,*,T,도구적,*,*,*,*
도교적,,,,MM,*,T,도교적,*,*,*,*
데카르트주의적,,,,MM,*,T,데카르트주의적,*,*,*,*
데따우,,,,MM,*,F,데따우,*,*,*,*
댓째,,,,MM,*,F,댓째,*,*,*,*
대화적,,,,MM,*,T,대화적,*,*,*,*
대형적,,,,MM,*,T,대형적,*,*,*,*
대항적,,,,MM,*,T,대항적,*,*,*,*
대학적,,,,MM,*,T,대학적,*,*,*,*
대표적,,,,MM,*,T,대표적,*,*,*,*
대폭적,,,,MM,*,T,대폭적,*,*,*,*
대칭적,,,,MM,*,T,대칭적,*,*,*,*
대체적,,,,MM,*,T,대체적,*,*,*,*
대척적,,,,MM,*,T,대척적,*,*,*,*
대증적,,,,MM,*,T,대증적,*,*,*,*
대중적,,,,MM,*,T,대중적,*,*,*,*
대중음악적,,,,MM,*,T,대중음악적,*,*,*,*
대조적,,,,MM,*,T,대조적,*,*,*,*
대인배적,,,,MM,*,T,대인배적,*,*,*,*
대의적,,,,MM,*,T,대의적,*,*,*,*
대위적,,,,MM,*,T,대위적,*,*,*,*
대위법적,,,,MM,*,T,대위법적,*,*,*,*
대용적,,,,MM,*,T,대용적,*,*,*,*
대요슷,,,,MM,*,T,대요슷,*,*,*,*
대외적,,,,MM,*,T,대외적,*,*,*,*
대엿,,,,MM,*,T,대엿,*,*,*,*
대여엇,,,,MM,*,T,대여엇,*,*,*,*
대여어째,,,,MM,*,F,대여어째,*,*,*,*
대여어,,,,MM,*,F,대여어,*,*,*,*
대여슷,,,,MM,*,T,대여슷,*,*,*,*
대여섯째,,,,MM,*,F,대여섯째,*,*,*,*
대여섯,,,,MM,*,T,대여섯,*,*,*,*
대여서,,,,MM,*,F,대여서,*,*,*,*
대양적,,,,MM,*,T,대양적,*,*,*,*
대야섯,,,,MM,*,T,대야섯,*,*,*,*
대안적,,,,MM,*,T,대안적,*,*,*,*
대심적,,,,MM,*,T,대심적,*,*,*,*
대승적,,,,MM,*,T,대승적,*,*,*,*
대수적,,,,MM,*,T,대수적,*,*,*,*
대상적,,,,MM,*,T,대상적,*,*,*,*
대비적,,,,MM,*,T,대비적,*,*,*,*
대변적,,,,MM,*,T,대변적,*,*,*,*
대모한,,,,MM,*,T,대모한,*,*,*,*
대명사적,,,,MM,*,T,대명사적,*,*,*,*
대립적,,,,MM,*,T,대립적,*,*,*,*
대륙적,,,,MM,*,T,대륙적,*,*,*,*
대량적,,,,MM,*,T,대량적,*,*,*,*
대략적,,,,MM,*,T,대략적,*,*,*,*
대등적,,,,MM,*,T,대등적,*,*,*,*
대도시적,,,,MM,*,T,대도시적,*,*,*,*
대대적,,,,MM,*,T,대대적,*,*,*,*
대내적,,,,MM,*,T,대내적,*,*,*,*
대내외적,,,,MM,*,T,대내외적,*,*,*,*
대극적,,,,MM,*,T,대극적,*,*,*,*
대규모적,,,,MM,*,T,대규모적,*,*,*,*
대국적,,,,MM,*,T,대국적,*,*,*,*
대결적,,,,MM,*,T,대결적,*,*,*,*
대가족주의적,,,,MM,*,T,대가족주의적,*,*,*,*
당파적,,,,MM,*,T,당파적,*,*,*,*
당적,,,,MM,*,T,당적,*,*,*,*
당위적,,,,MM,*,T,당위적,*,*,*,*
당위론적,,,,MM,*,T,당위론적,*,*,*,*
당리적,,,,MM,*,T,당리적,*,*,*,*
당대적,,,,MM,*,T,당대적,*,*,*,*
닷째,,,,MM,*,F,닷째,*,*,*,*
닷스,,,,MM,*,F,닷스,*,*,*,*
담화적,,,,MM,*,T,담화적,*,*,*,*
담지적,,,,MM,*,T,담지적,*,*,*,*
담보적,,,,MM,*,T,담보적,*,*,*,*
담론적,,,,MM,*,T,담론적,*,*,*,*
단합적,,,,MM,*,T,단합적,*,*,*,*
단편적,,,,MM,*,T,단편적,*,*,*,*
단층적,,,,MM,*,T,단층적,*,*,*,*
단초적,,,,MM,*,T,단초적,*,*,*,*
단체적,,,,MM,*,T,단체적,*,*,*,*
단주기적,,,,MM,*,T,단주기적,*,*,*,*
단정적,,,,MM,*,T,단정적,*,*,*,*
단절적,,,,MM,*,T,단절적,*,*,*,*
단적,,,,MM,*,T,단적,*,*,*,*
단위적,,,,MM,*,T,단위적,*,*,*,*
단언적,,,,MM,*,T,단언적,*,*,*,*
단어적,,,,MM,*,T,단어적,*,*,*,*
단시한적,,,,MM,*,T,단시한적,*,*,*,*
단시간적,,,,MM,*,T,단시간적,*,*,*,*
단순적,,,,MM,*,T,단순적,*,*,*,*
단속적,,,,MM,*,T,단속적,*,*,*,*
단세포적,,,,MM,*,T,단세포적,*,*,*,*
단성적,,,,MM,*,T,단성적,*,*,*,*
단선적,,,,MM,*,T,단선적,*,*,*,*
단색적,,,,MM,*,T,단색적,*,*,*,*
단면적,,,,MM,*,T,단면적,*,*,*,*
단말마적,,,,MM,*,T,단말마적,*,*,*,*
단독적,,,,MM,*,T,단독적,*,*,*,*
단도직입적,,,,MM,*,T,단도직입적,*,*,*,*
단기적,,,,MM,*,T,단기적,*,*,*,*
단계적,,,,MM,*,T,단계적,*,*,*,*
단견적,,,,MM,*,T,단견적,*,*,*,*
단가적,,,,MM,*,T,단가적,*,*,*,*
다혈질적,,,,MM,*,T,다혈질적,*,*,*,*
다혈적,,,,MM,*,T,다혈적,*,*,*,*
다핵적,,,,MM,*,T,다핵적,*,*,*,*
다학적,,,,MM,*,T,다학적,*,*,*,*
다학문적,,,,MM,*,T,다학문적,*,*,*,*
다큐멘터리적,,,,MM,*,T,다큐멘터리적,*,*,*,*
다층적,,,,MM,*,T,다층적,*,*,*,*
다차원적,,,,MM,*,T,다차원적,*,*,*,*
다중적,,,,MM,*,T,다중적,*,*,*,*
다종교적,,,,MM,*,T,다종교적,*,*,*,*
다자주의적,,,,MM,*,T,다자주의적,*,*,*,*
다자적,,,,MM,*,T,다자적,*,*,*,*
다인종적,,,,MM,*,T,다인종적,*,*,*,*
다인자적,,,,MM,*,T,다인자적,*,*,*,*
다의적,,,,MM,*,T,다의적,*,*,*,*
다유전자적,,,,MM,*,T,다유전자적,*,*,*,*
다윈주의적,,,,MM,*,T,다윈주의적,*,*,*,*
다원주의적,,,,MM,*,T,다원주의적,*,*,*,*
다원적,,,,MM,*,T,다원적,*,*,*,*
다원론적,,,,MM,*,T,다원론적,*,*,*,*
다언어적,,,,MM,*,T,다언어적,*,*,*,*
다아,,,,MM,*,F,다아,*,*,*,*
다신적,,,,MM,*,T,다신적,*,*,*,*
다신론적,,,,MM,*,T,다신론적,*,*,*,*
다신교적,,,,MM,*,T,다신교적,*,*,*,*
다슷낫,,,,MM,*,T,다슷낫,*,*,*,*
다슷,,,,MM,*,T,다슷,*,*,*,*
다스,,,,MM,*,F,다스,*,*,*,*
다숫,,,,MM,*,T,다숫,*,*,*,*
다수적,,,,MM,*,T,다수적,*,*,*,*
다세포적,,,,MM,*,T,다세포적,*,*,*,*
다성적,,,,MM,*,T,다성적,*,*,*,*
다섯째,,,,MM,*,F,다섯째,*,*,*,*
다섯,,,,MM,*,T,다섯,*,*,*,*
다선적,,,,MM,*,T,다선적,*,*,*,*
다석,,,,MM,*,T,다석,*,*,*,*
다서이,,,,MM,*,F,다서이,*,*,*,*
다서여섯,,,,MM,*,T,다서여섯,*,*,*,*
다서여서,,,,MM,*,F,다서여서,*,*,*,*
다색적,,,,MM,*,T,다색적,*,*,*,*
다분야적,,,,MM,*,T,다분야적,*,*,*,*
다변적,,,,MM,*,T,다변적,*,*,*,*
다방향적,,,,MM,*,T,다방향적,*,*,*,*
다방면적,,,,MM,*,T,다방면적,*,*,*,*
다발적,,,,MM,*,T,다발적,*,*,*,*
다민족적,,,,MM,*,T,다민족적,*,*,*,*
다문화주의적,,,,MM,*,T,다문화주의적,*,*,*,*
다문화적,,,,MM,*,T,다문화적,*,*,*,*
다무적,,,,MM,*,T,다무적,*,*,*,*
다목적적,,,,MM,*,T,다목적적,*,*,*,*
다면적,,,,MM,*,T,다면적,*,*,*,*
다린,,,,MM,*,T,다린,*,*,*,*
다른,,,,MM,*,T,다른,*,*,*,*
다단계적,,,,MM,*,T,다단계적,*,*,*,*
다다음,,,,MM,*,T,다다음,*,*,*,*
다기능적,,,,MM,*,T,다기능적,*,*,*,*
다극적,,,,MM,*,T,다극적,*,*,*,*
다계층적,,,,MM,*,T,다계층적,*,*,*,*
다각적,,,,MM,*,T,다각적,*,*,*,*
닛차,,,,MM,*,F,닛차,*,*,*,*
닛째,,,,MM,*,F,닛째,*,*,*,*
닐흔,,,,MM,*,T,닐흔,*,*,*,*
닐야듧,,,,MM,*,T,닐야듧,*,*,*,*
닐급,,,,MM,*,T,닐급,*,*,*,*
닐굽차히,,,,MM,*,F,닐굽차히,*,*,*,*
닐굽차,,,,MM,*,F,닐굽차,*,*,*,*
닐굽재,,,,MM,*,F,닐굽재,*,*,*,*
닐굽,,,,MM,*,T,닐굽,*,*,*,*
닐구,,,,MM,*,F,닐구,*,*,*,*
닐곱,,,,MM,*,T,닐곱,*,*,*,*
닌장맞일,,,,MM,*,T,닌장맞일,*,*,*,*
닌장맞을,,,,MM,*,T,닌장맞을,*,*,*,*
닌자치껏,,,,MM,*,T,닌자치껏,*,*,*,*
니체주의적,,,,MM,*,T,니체주의적,*,*,*,*
니댓,,,,MM,*,T,니댓,*,*,*,*
니깨잇,,,,MM,*,T,니깨잇,*,*,*,*
니깟,,,,MM,*,T,니깟,*,*,*,*
니깐,,,,MM,*,T,니깐,*,*,*,*
니까튼,,,,MM,*,T,니까튼,*,*,*,*
니까짓,,,,MM,*,T,니까짓,*,*,*,*
니까진,,,,MM,*,T,니까진,*,*,*,*
능산적,,,,MM,*,T,능산적,*,*,*,*
능률적,,,,MM,*,T,능률적,*,*,*,*
능력적,,,,MM,*,T,능력적,*,*,*,*
능동적,,,,MM,*,T,능동적,*,*,*,*
뉵십,,,,MM,*,T,뉵십,*,*,*,*
눅십,,,,MM,*,T,눅십,*,*,*,*
누진적,,,,MM,*,T,누진적,*,*,*,*
누적적,,,,MM,*,T,누적적,*,*,*,*
뇌쇄적,,,,MM,*,T,뇌쇄적,*,*,*,*
농축적,,,,MM,*,T,농축적,*,*,*,*
농촌적,,,,MM,*,T,농촌적,*,*,*,*
농업적,,,,MM,*,T,농업적,*,*,*,*
농노제적,,,,MM,*,T,농노제적,*,*,*,*
농노적,,,,MM,*,T,농노적,*,*,*,*
농경적,,,,MM,*,T,농경적,*,*,*,*
놀이적,,,,MM,*,T,놀이적,*,*,*,*
논증적,,,,MM,*,T,논증적,*,*,*,*
논쟁적,,,,MM,*,T,논쟁적,*,*,*,*
논문적,,,,MM,*,T,논문적,*,*,*,*
논리학적,,,,MM,*,T,논리학적,*,*,*,*
논리주의적,,,,MM,*,T,논리주의적,*,*,*,*
논리적,,,,MM,*,T,논리적,*,*,*,*
노출적,,,,MM,*,T,노출적,*,*,*,*
노예적,,,,MM,*,T,노예적,*,*,*,*
노동적,,,,MM,*,T,노동적,*,*,*,*
노골적,,,,MM,*,T,노골적,*,*,*,*
년간적,,,,MM,*,T,년간적,*,*,*,*
녀느,,,,MM,*,F,녀느,*,*,*,*
넷째,,,,MM,*,F,넷째,*,*,*,*
넨장헐,,,,MM,*,T,넨장헐,*,*,*,*
넨장칠,,,,MM,*,T,넨장칠,*,*,*,*
넨장질껏,,,,MM,*,T,넨장질껏,*,*,*,*
넨장맞을,,,,MM,*,T,넨장맞을,*,*,*,*
네트워크적,,,,MM,*,T,네트워크적,*,*,*,*
네차히,,,,MM,*,F,네차히,*,*,*,*
네차,,,,MM,*,F,네차,*,*,*,*
네째,,,,MM,*,F,네째,*,*,*,*
네짜,,,,MM,*,F,네짜,*,*,*,*
네댓째,,,,MM,*,F,네댓째,*,*,*,*
네댓,,,,MM,*,T,네댓,*,*,*,*
네닷,,,,MM,*,T,네닷,*,*,*,*
네다엿,,,,MM,*,T,네다엿,*,*,*,*
네다슷,,,,MM,*,T,네다슷,*,*,*,*
네다섯째,,,,MM,*,F,네다섯째,*,*,*,*
네다섯,,,,MM,*,T,네다섯,*,*,*,*
네네,,,,MM,*,F,네네,*,*,*,*
네깟,,,,MM,*,T,네깟,*,*,*,*
네깐,,,,MM,*,T,네깐,*,*,*,*
네까짓,,,,MM,*,T,네까짓,*,*,*,*
네거티브적,,,,MM,*,T,네거티브적,*,*,*,*
너덧째,,,,MM,*,F,너덧째,*,*,*,*
너덧,,,,MM,*,T,너덧,*,*,*,*
너더댓째,,,,MM,*,F,너더댓째,*,*,*,*
너더댓,,,,MM,*,T,너더댓,*,*,*,*
너댓,,,,MM,*,T,너댓,*,*,*,*
너느,,,,MM,*,F,너느,*,*,*,*
너너,,,,MM,*,F,너너,*,*,*,*
너나문,,,,MM,*,T,너나문,*,*,*,*
너까짓,,,,MM,*,T,너까짓,*,*,*,*
냉전적,,,,MM,*,T,냉전적,*,*,*,*
냉소적,,,,MM,*,T,냉소적,*,*,*,*
낸장맞일,,,,MM,*,T,낸장맞일,*,*,*,*
내향적,,,,MM,*,T,내향적,*,*,*,*
내포적,,,,MM,*,T,내포적,*,*,*,*
내전적,,,,MM,*,T,내전적,*,*,*,*
내적,,,,MM,*,T,내적,*,*,*,*
내재적,,,,MM,*,T,내재적,*,*,*,*
내용적,,,,MM,*,T,내용적,*,*,*,*
내세적,,,,MM,*,T,내세적,*,*,*,*
내성적,,,,MM,*,T,내성적,*,*,*,*
내생적,,,,MM,*,T,내생적,*,*,*,*
내부적,,,,MM,*,T,내부적,*,*,*,*
내벌적,,,,MM,*,T,내벌적,*,*,*,*
내면적,,,,MM,*,T,내면적,*,*,*,*
내륙적,,,,MM,*,T,내륙적,*,*,*,*
내관적,,,,MM,*,T,내관적,*,*,*,*
내과적,,,,MM,*,T,내과적,*,*,*,*
낭만주의적,,,,MM,*,T,낭만주의적,*,*,*,*
낭만적,,,,MM,*,T,낭만적,*,*,*,*
남성주의적,,,,MM,*,T,남성주의적,*,*,*,*
남성적,,,,MM,*,T,남성적,*,*,*,*
남국적,,,,MM,*,T,남국적,*,*,*,*
난폭적,,,,MM,*,T,난폭적,*,*,*,*
난장칠,,,,MM,*,T,난장칠,*,*,*,*
난장맞을,,,,MM,*,T,난장맞을,*,*,*,*
난국적,,,,MM,*,T,난국적,*,*,*,*
낙천주의적,,,,MM,*,T,낙천주의적,*,*,*,*
낙천적,,,,MM,*,T,낙천적,*,*,*,*
낙관주의적,,,,MM,*,T,낙관주의적,*,*,*,*
낙관적,,,,MM,*,T,낙관적,*,*,*,*
낙관론적,,,,MM,*,T,낙관론적,*,*,*,*
나유타,,,,MM,*,F,나유타,*,*,*,*
나유다,,,,MM,*,F,나유다,*,*,*,*
나열적,,,,MM,*,T,나열적,*,*,*,*
나술,,,,MM,*,T,나술,*,*,*,*
나선적,,,,MM,*,T,나선적,*,*,*,*
나문,,,,MM,*,T,나문,*,*,*,*
나르시시즘적,,,,MM,*,T,나르시시즘적,*,*,*,*
나단,,,,MM,*,T,나단,*,*,*,*
꺼끄렁,,,,MM,*,T,꺼끄렁,*,*,*,*
까짓,,,,MM,*,T,까짓,*,*,*,*
까지,,,,MM,*,F,까지,*,*,*,*
긴긴,,,,MM,*,T,긴긴,*,*,*,*
긴급적,,,,MM,*,T,긴급적,*,*,*,*
기후학적,,,,MM,*,T,기후학적,*,*,*,*
기후적,,,,MM,*,T,기후적,*,*,*,*
기획적,,,,MM,*,T,기획적,*,*,*,*
기회주의적,,,,MM,*,T,기회주의적,*,*,*,*
기회적,,,,MM,*,T,기회적,*,*,*,*
기호학적,,,,MM,*,T,기호학적,*,*,*,*
기호적,,,,MM,*,T,기호적,*,*,*,*
기호론적,,,,MM,*,T,기호론적,*,*,*,*
기형적,,,,MM,*,T,기형적,*,*,*,*
기행적,,,,MM,*,T,기행적,*,*,*,*
기학적,,,,MM,*,T,기학적,*,*,*,*
기하학적,,,,MM,*,T,기하학적,*,*,*,*
기하급수적,,,,MM,*,T,기하급수적,*,*,*,*
기초적,,,,MM,*,T,기초적,*,*,*,*
기천,,,,MM,*,T,기천,*,*,*,*
기질적,,,,MM,*,T,기질적,*,*,*,*
기준적,,,,MM,*,T,기준적,*,*,*,*
기적적,,,,MM,*,T,기적적,*,*,*,*
기저적,,,,MM,*,T,기저적,*,*,*,*
기인적,,,,MM,*,T,기인적,*,*,*,*
기원적,,,,MM,*,T,기원적,*,*,*,*
기업적,,,,MM,*,T,기업적,*,*,*,*
기억적,,,,MM,*,T,기억적,*,*,*,*
기십만,,,,MM,*,T,기십만,*,*,*,*
기십,,,,MM,*,T,기십,*,*,*,*
기습적,,,,MM,*,T,기습적,*,*,*,*
기술주의적,,,,MM,*,T,기술주의적,*,*,*,*
기술적,,,,MM,*,T,기술적,*,*,*,*
기성적,,,,MM,*,T,기성적,*,*,*,*
기생충적,,,,MM,*,T,기생충적,*,*,*,*
기생적,,,,MM,*,T,기생적,*,*,*,*
기상학적,,,,MM,*,T,기상학적,*,*,*,*
기상적,,,,MM,*,T,기상적,*,*,*,*
기사도적,,,,MM,*,T,기사도적,*,*,*,*
기분적,,,,MM,*,T,기분적,*,*,*,*
기본적,,,,MM,*,T,기본적,*,*,*,*
기복적,,,,MM,*,T,기복적,*,*,*,*
기법적,,,,MM,*,T,기법적,*,*,*,*
기백만,,,,MM,*,T,기백만,*,*,*,*
기백,,,,MM,*,T,기백,*,*,*,*
기반적,,,,MM,*,T,기반적,*,*,*,*
기만적,,,,MM,*,T,기만적,*,*,*,*
기만,,,,MM,*,T,기만,*,*,*,*
기록적,,,,MM,*,T,기록적,*,*,*,*
기량적,,,,MM,*,T,기량적,*,*,*,*
기따이,,,,MM,*,F,기따이,*,*,*,*
기득권적,,,,MM,*,T,기득권적,*,*,*,*
기동적,,,,MM,*,T,기동적,*,*,*,*
기독교적,,,,MM,*,T,기독교적,*,*,*,*
기대적,,,,MM,*,T,기대적,*,*,*,*
기능주의적,,,,MM,*,T,기능주의적,*,*,*,*
기능적,,,,MM,*,T,기능적,*,*,*,*
기능론적,,,,MM,*,T,기능론적,*,*,*,*
기념품적,,,,MM,*,T,기념품적,*,*,*,*
기념적,,,,MM,*,T,기념적,*,*,*,*
기념비적,,,,MM,*,T,기념비적,*,*,*,*
기교적,,,,MM,*,T,기교적,*,*,*,*
기계주의적,,,,MM,*,T,기계주의적,*,*,*,*
기계적,,,,MM,*,T,기계적,*,*,*,*
기계론적,,,,MM,*,T,기계론적,*,*,*,*
기간적,,,,MM,*,T,기간적,*,*,*,*
긍정적,,,,MM,*,T,긍정적,*,*,*,*
급진주의적,,,,MM,*,T,급진주의적,*,*,*,*
급진적,,,,MM,*,T,급진적,*,*,*,*
금융적,,,,MM,*,T,금융적,*,*,*,*
금욕주의적,,,,MM,*,T,금욕주의적,*,*,*,*
금욕적,,,,MM,*,T,금욕적,*,*,*,*
금액적,,,,MM,*,T,금액적,*,*,*,*
금속적,,,,MM,*,T,금속적,*,*,*,*
글로벌적,,,,MM,*,T,글로벌적,*,*,*,*
근친애적,,,,MM,*,T,근친애적,*,*,*,*
근친상간적,,,,MM,*,T,근친상간적,*,*,*,*
근접적,,,,MM,*,T,근접적,*,*,*,*
근육적,,,,MM,*,T,근육적,*,*,*,*
근원적,,,,MM,*,T,근원적,*,*,*,*
근시적,,,,MM,*,T,근시적,*,*,*,*
근시안적,,,,MM,*,T,근시안적,*,*,*,*
근본주의적,,,,MM,*,T,근본주의적,*,*,*,*
근본적,,,,MM,*,T,근본적,*,*,*,*
근대주의적,,,,MM,*,T,근대주의적,*,*,*,*
근대적,,,,MM,*,T,근대적,*,*,*,*
근간적,,,,MM,*,T,근간적,*,*,*,*
극한적,,,,MM,*,T,극한적,*,*,*,*
극좌적,,,,MM,*,T,극좌적,*,*,*,*
극적,,,,MM,*,T,극적,*,*,*,*
극우주의적,,,,MM,*,T,극우주의적,*,*,*,*
극우적,,,,MM,*,T,극우적,*,*,*,*
극악적,,,,MM,*,T,극악적,*,*,*,*
극소적,,,,MM,*,T,극소적,*,*,*,*
극성적,,,,MM,*,T,극성적,*,*,*,*
극사실주의적,,,,MM,*,T,극사실주의적,*,*,*,*
극사실적,,,,MM,*,T,극사실적,*,*,*,*
극대적,,,,MM,*,T,극대적,*,*,*,*
극단주의적,,,,MM,*,T,극단주의적,*,*,*,*
극단적,,,,MM,*,T,극단적,*,*,*,*
극기적,,,,MM,*,T,극기적,*,*,*,*
그매이,,,,MM,*,F,그매이,*,*,*,*
그만,,,,MM,*,T,그만,*,*,*,*
그른,,,,MM,*,T,그른,*,*,*,*
그런저런,,,,MM,*,T,그런저런,*,*,*,*
그런,,,,MM,*,T,그런,*,*,*,*
그딴,,,,MM,*,T,그딴,*,*,*,*
그따지,,,,MM,*,F,그따지,*,*,*,*
그따이,,,,MM,*,F,그따이,*,*,*,*
그따위,,,,MM,*,F,그따위,*,*,*,*
그따우,,,,MM,*,F,그따우,*,*,*,*
그따오,,,,MM,*,F,그따오,*,*,*,*
그따구,,,,MM,*,F,그따구,*,*,*,*
그다위,,,,MM,*,F,그다위,*,*,*,*
그께잇,,,,MM,*,T,그께잇,*,*,*,*
그깟,,,,MM,*,T,그깟,*,*,*,*
그까짓,,,,MM,*,T,그까짓,*,*,*,*
균형적,,,,MM,*,T,균형적,*,*,*,*
균질적,,,,MM,*,T,균질적,*,*,*,*
균열적,,,,MM,*,T,균열적,*,*,*,*
균등적,,,,MM,*,T,균등적,*,*,*,*
규칙적,,,,MM,*,T,규칙적,*,*,*,*
규제적,,,,MM,*,T,규제적,*,*,*,*
규정적,,,,MM,*,T,규정적,*,*,*,*
규약적,,,,MM,*,T,규약적,*,*,*,*
규범주의적,,,,MM,*,T,규범주의적,*,*,*,*
규범적,,,,MM,*,T,규범적,*,*,*,*
규범론적,,,,MM,*,T,규범론적,*,*,*,*
규격적,,,,MM,*,T,규격적,*,*,*,*
귀족주의적,,,,MM,*,T,귀족주의적,*,*,*,*
귀속적,,,,MM,*,T,귀속적,*,*,*,*
귀납주의적,,,,MM,*,T,귀납주의적,*,*,*,*
귀납적,,,,MM,*,T,귀납적,*,*,*,*
궤변적,,,,MM,*,T,궤변적,*,*,*,*
권위주의적,,,,MM,*,T,권위주의적,*,*,*,*
권위적,,,,MM,*,T,권위적,*,*,*,*
권선징악적,,,,MM,*,T,권선징악적,*,*,*,*
권력적,,,,MM,*,T,권력적,*,*,*,*
궁극적,,,,MM,*,T,궁극적,*,*,*,*
굴종적,,,,MM,*,T,굴종적,*,*,*,*
굴욕적,,,,MM,*,T,굴욕적,*,*,*,*
군집적,,,,MM,*,T,군집적,*,*,*,*
군자적,,,,MM,*,T,군자적,*,*,*,*
군사주의적,,,,MM,*,T,군사주의적,*,*,*,*
군사적,,,,MM,*,T,군사적,*,*,*,*
군대적,,,,MM,*,T,군대적,*,*,*,*
군국주의적,,,,MM,*,T,군국주의적,*,*,*,*
국지적,,,,MM,*,T,국지적,*,*,*,*
국제주의적,,,,MM,*,T,국제주의적,*,*,*,*
국제적,,,,MM,*,T,국제적,*,*,*,*
국제법적,,,,MM,*,T,국제법적,*,*,*,*
국외적,,,,MM,*,T,국외적,*,*,*,*
국어학적,,,,MM,*,T,국어학적,*,*,*,*
국수주의적,,,,MM,*,T,국수주의적,*,*,*,*
국수적,,,,MM,*,T,국수적,*,*,*,*
국소적,,,,MM,*,T,국소적,*,*,*,*
국부적,,,,MM,*,T,국부적,*,*,*,*
국보적,,,,MM,*,T,국보적,*,*,*,*
국민적,,,,MM,*,T,국민적,*,*,*,*
국내적,,,,MM,*,T,국내적,*,*,*,*
국내외적,,,,MM,*,T,국내외적,*,*,*,*
국내법적,,,,MM,*,T,국내법적,*,*,*,*
국가주의적,,,,MM,*,T,국가주의적,*,*,*,*
국가적,,,,MM,*,T,국가적,*,*,*,*
구호적,,,,MM,*,T,구호적,*,*,*,*
구축적,,,,MM,*,T,구축적,*,*,*,*
구체적,,,,MM,*,T,구체적,*,*,*,*
구조주의적,,,,MM,*,T,구조주의적,*,*,*,*
구조적,,,,MM,*,T,구조적,*,*,*,*
구정적,,,,MM,*,T,구정적,*,*,*,*
구원적,,,,MM,*,T,구원적,*,*,*,*
구어적,,,,MM,*,T,구어적,*,*,*,*
구십,,,,MM,*,T,구십,*,*,*,*
구심적,,,,MM,*,T,구심적,*,*,*,*
구식적,,,,MM,*,T,구식적,*,*,*,*
구시대적,,,,MM,*,T,구시대적,*,*,*,*
구술적,,,,MM,*,T,구술적,*,*,*,*
구속적,,,,MM,*,T,구속적,*,*,*,*
구성주의적,,,,MM,*,T,구성주의적,*,*,*,*
구성적,,,,MM,*,T,구성적,*,*,*,*
구상적,,,,MM,*,T,구상적,*,*,*,*
구사적,,,,MM,*,T,구사적,*,*,*,*
구분적,,,,MM,*,T,구분적,*,*,*,*
구도적,,,,MM,*,T,구도적,*,*,*,*
구국적,,,,MM,*,T,구국적,*,*,*,*
교훈적,,,,MM,*,T,교훈적,*,*,*,*
교회적,,,,MM,*,T,교회적,*,*,*,*
교환적,,,,MM,*,T,교환적,*,*,*,*
교화적,,,,MM,*,T,교화적,*,*,*,*
교차적,,,,MM,*,T,교차적,*,*,*,*
교조주의적,,,,MM,*,T,교조주의적,*,*,*,*
교조적,,,,MM,*,T,교조적,*,*,*,*
교정적,,,,MM,*,T,교정적,*,*,*,*
교육학적,,,,MM,*,T,교육학적,*,*,*,*
교육적,,,,MM,*,T,교육적,*,*,*,*
교육자적,,,,MM,*,T,교육자적,*,*,*,*
교육가적,,,,MM,*,T,교육가적,*,*,*,*
교역적,,,,MM,*,T,교역적,*,*,*,*
교양적,,,,MM,*,T,교양적,*,*,*,*
교시적,,,,MM,*,T,교시적,*,*,*,*
교설적,,,,MM,*,T,교설적,*,*,*,*
교리주의적,,,,MM,*,T,교리주의적,*,*,*,*
교리적,,,,MM,*,T,교리적,*,*,*,*
교류적,,,,MM,*,T,교류적,*,*,*,*
교량적,,,,MM,*,T,교량적,*,*,*,*
교과서적,,,,MM,*,T,교과서적,*,*,*,*
괴악적,,,,MM,*,T,괴악적,*,*,*,*
괴멸적,,,,MM,*,T,괴멸적,*,*,*,*
광학적,,,,MM,*,T,광학적,*,*,*,*
광적,,,,MM,*,T,광적,*,*,*,*
광의적,,,,MM,*,T,광의적,*,*,*,*
광역적,,,,MM,*,T,광역적,*,*,*,*
광신적,,,,MM,*,T,광신적,*,*,*,*
광범위적,,,,MM,*,T,광범위적,*,*,*,*
광란적,,,,MM,*,T,광란적,*,*,*,*
광고적,,,,MM,*,T,광고적,*,*,*,*
관행적,,,,MM,*,T,관행적,*,*,*,*
관치적,,,,MM,*,T,관치적,*,*,*,*
관측적,,,,MM,*,T,관측적,*,*,*,*
관조적,,,,MM,*,T,관조적,*,*,*,*
관음증적,,,,MM,*,T,관음증적,*,*,*,*
관음적,,,,MM,*,T,관음적,*,*,*,*
관용적,,,,MM,*,T,관용적,*,*,*,*
관심적,,,,MM,*,T,관심적,*,*,*,*
관습적,,,,MM,*,T,관습적,*,*,*,*
관망적,,,,MM,*,T,관망적,*,*,*,*
관리적,,,,MM,*,T,관리적,*,*,*,*
관료주의적,,,,MM,*,T,관료주의적,*,*,*,*
관료제적,,,,MM,*,T,관료제적,*,*,*,*
관료적,,,,MM,*,T,관료적,*,*,*,*
관례적,,,,MM,*,T,관례적,*,*,*,*
관능적,,,,MM,*,T,관능적,*,*,*,*
관념주의적,,,,MM,*,T,관념주의적,*,*,*,*
관념적,,,,MM,*,T,관념적,*,*,*,*
관념론적,,,,MM,*,T,관념론적,*,*,*,*
관계적,,,,MM,*,T,관계적,*,*,*,*
과학주의적,,,,MM,*,T,과학주의적,*,*,*,*
과학적,,,,MM,*,T,과학적,*,*,*,*
과정적,,,,MM,*,T,과정적,*,*,*,*
과정론적,,,,MM,*,T,과정론적,*,*,*,*
과점적,,,,MM,*,T,과점적,*,*,*,*
과장적,,,,MM,*,T,과장적,*,*,*,*
과잉적,,,,MM,*,T,과잉적,*,*,*,*
과열적,,,,MM,*,T,과열적,*,*,*,*
과시적,,,,MM,*,T,과시적,*,*,*,*
과두제적,,,,MM,*,T,과두제적,*,*,*,*
과두적,,,,MM,*,T,과두적,*,*,*,*
과도적,,,,MM,*,T,과도적,*,*,*,*
과도기적,,,,MM,*,T,과도기적,*,*,*,*
과대망상적,,,,MM,*,T,과대망상적,*,*,*,*
공화주의적,,,,MM,*,T,공화주의적,*,*,*,*
공학적,,,,MM,*,T,공학적,*,*,*,*
공포적,,,,MM,*,T,공포적,*,*,*,*
공통적,,,,MM,*,T,공통적,*,*,*,*
공적,,,,MM,*,T,공적,*,*,*,*
공익적,,,,MM,*,T,공익적,*,*,*,*
공예적,,,,MM,*,T,공예적,*,*,*,*
공업적,,,,MM,*,T,공업적,*,*,*,*
공약적,,,,MM,*,T,공약적,*,*,*,*
공식적,,,,MM,*,T,공식적,*,*,*,*
공시적,,,,MM,*,T,공시적,*,*,*,*
공세적,,,,MM,*,T,공세적,*,*,*,*
공생적,,,,MM,*,T,공생적,*,*,*,*
공상적,,,,MM,*,T,공상적,*,*,*,*
공산주의적,,,,MM,*,T,공산주의적,*,*,*,*
공리주의적,,,,MM,*,T,공리주의적,*,*,*,*
공리적,,,,MM,*,T,공리적,*,*,*,*
공동체주의적,,,,MM,*,T,공동체주의적,*,*,*,*
공동체적,,,,MM,*,T,공동체적,*,*,*,*
공동적,,,,MM,*,T,공동적,*,*,*,*
공기업적,,,,MM,*,T,공기업적,*,*,*,*
공급적,,,,MM,*,T,공급적,*,*,*,*
공공적,,,,MM,*,T,공공적,*,*,*,*
공격적,,,,MM,*,T,공격적,*,*,*,*
공개적,,,,MM,*,T,공개적,*,*,*,*
공감적,,,,MM,*,T,공감적,*,*,*,*
공갈적,,,,MM,*,T,공갈적,*,*,*,*
공간적,,,,MM,*,T,공간적,*,*,*,*
곱백,,,,MM,*,T,곱백,*,*,*,*
골상학적,,,,MM,*,T,골상학적,*,*,*,*
골계적,,,,MM,*,T,골계적,*,*,*,*
골간적,,,,MM,*,T,골간적,*,*,*,*
곤백,,,,MM,*,T,곤백,*,*,*,*
곡선적,,,,MM,*,T,곡선적,*,*,*,*
고효율적,,,,MM,*,T,고효율적,*,*,*,*
고혹적,,,,MM,*,T,고혹적,*,*,*,*
고현,,,,MM,*,T,고현,*,*,*,*
고풍적,,,,MM,*,T,고풍적,*,*,*,*
고품격적,,,,MM,*,T,고품격적,*,*,*,*
고치적,,,,MM,*,T,고치적,*,*,*,*
고착적,,,,MM,*,T,고착적,*,*,*,*
고차적,,,,MM,*,T,고차적,*,*,*,*
고차원적,,,,MM,*,T,고차원적,*,*,*,*
고집중적,,,,MM,*,T,고집중적,*,*,*,*
고질적,,,,MM,*,T,고질적,*,*,*,*
고증적,,,,MM,*,T,고증적,*,*,*,*
고정적,,,,MM,*,T,고정적,*,*,*,*
고전주의적,,,,MM,*,T,고전주의적,*,*,*,*
고전적,,,,MM,*,T,고전적,*,*,*,*
고의적,,,,MM,*,T,고의적,*,*,*,*
고얀,,,,MM,*,T,고얀,*,*,*,*
고압적,,,,MM,*,T,고압적,*,*,*,*
고식적,,,,MM,*,T,고식적,*,*,*,*
고백적,,,,MM,*,T,고백적,*,*,*,*
고발적,,,,MM,*,T,고발적,*,*,*,*
고무적,,,,MM,*,T,고무적,*,*,*,*
고매이,,,,MM,*,F,고매이,*,*,*,*
고맛,,,,MM,*,T,고맛,*,*,*,*
고만,,,,MM,*,T,고만,*,*,*,*
고립주의적,,,,MM,*,T,고립주의적,*,*,*,*
고립적,,,,MM,*,T,고립적,*,*,*,*
고런조런,,,,MM,*,T,고런조런,*,*,*,*
고런,,,,MM,*,T,고런,*,*,*,*
고딴,,,,MM,*,T,고딴,*,*,*,*
고따위,,,,MM,*,F,고따위,*,*,*,*
고따우,,,,MM,*,F,고따우,*,*,*,*
고대적,,,,MM,*,T,고대적,*,*,*,*
고답적,,,,MM,*,T,고답적,*,*,*,*
고다구,,,,MM,*,F,고다구,*,*,*,*
고깟,,,,MM,*,T,고깟,*,*,*,*
고깐,,,,MM,*,T,고깐,*,*,*,*
고까짓,,,,MM,*,T,고까짓,*,*,*,*
고까진,,,,MM,*,T,고까진,*,*,*,*
고까지,,,,MM,*,F,고까지,*,*,*,*
고고학적,,,,MM,*,T,고고학적,*,*,*,*
계획적,,,,MM,*,T,계획적,*,*,*,*
계파적,,,,MM,*,T,계파적,*,*,*,*
계통학적,,,,MM,*,T,계통학적,*,*,*,*
계통적,,,,MM,*,T,계통적,*,*,*,*
계층적,,,,MM,*,T,계층적,*,*,*,*
계층론적,,,,MM,*,T,계층론적,*,*,*,*
계절적,,,,MM,*,T,계절적,*,*,*,*
계열적,,,,MM,*,T,계열적,*,*,*,*
계약적,,,,MM,*,T,계약적,*,*,*,*
계시적,,,,MM,*,T,계시적,*,*,*,*
계승적,,,,MM,*,T,계승적,*,*,*,*
계수적,,,,MM,*,T,계수적,*,*,*,*
계속적,,,,MM,*,T,계속적,*,*,*,*
계서적,,,,MM,*,T,계서적,*,*,*,*
계산적,,,,MM,*,T,계산적,*,*,*,*
계보학적,,,,MM,*,T,계보학적,*,*,*,*
계몽주의적,,,,MM,*,T,계몽주의적,*,*,*,*
계몽적,,,,MM,*,T,계몽적,*,*,*,*
계량적,,,,MM,*,T,계량적,*,*,*,*
계략적,,,,MM,*,T,계략적,*,*,*,*
계도적,,,,MM,*,T,계도적,*,*,*,*
계단적,,,,MM,*,T,계단적,*,*,*,*
계기적,,,,MM,*,T,계기적,*,*,*,*
계급주의적,,,,MM,*,T,계급주의적,*,*,*,*
계급적,,,,MM,*,T,계급적,*,*,*,*
경험주의적,,,,MM,*,T,경험주의적,*,*,*,*
경험적,,,,MM,*,T,경험적,*,*,*,*
경험론적,,,,MM,*,T,경험론적,*,*,*,*
경향적,,,,MM,*,T,경향적,*,*,*,*
경피적,,,,MM,*,T,경피적,*,*,*,*
경직적,,,,MM,*,T,경직적,*,*,*,*
경제학적,,,,MM,*,T,경제학적,*,*,*,*
경제주의적,,,,MM,*,T,경제주의적,*,*,*,*
경제적,,,,MM,*,T,경제적,*,*,*,*
경제사적,,,,MM,*,T,경제사적,*,*,*,*
경쟁주의적,,,,MM,*,T,경쟁주의적,*,*,*,*
경쟁적,,,,MM,*,T,경쟁적,*,*,*,*
경이적,,,,MM,*,T,경이적,*,*,*,*
경세적,,,,MM,*,T,경세적,*,*,*,*
경상적,,,,MM,*,T,경상적,*,*,*,*
경멸적,,,,MM,*,T,경멸적,*,*,*,*
경기적,,,,MM,*,T,경기적,*,*,*,*
경관적,,,,MM,*,T,경관적,*,*,*,*
경고적,,,,MM,*,T,경고적,*,*,*,*
경건주의적,,,,MM,*,T,경건주의적,*,*,*,*
겸양적,,,,MM,*,T,겸양적,*,*,*,*
겸목적적,,,,MM,*,T,겸목적적,*,*,*,*
결합적,,,,MM,*,T,결합적,*,*,*,*
결정주의적,,,,MM,*,T,결정주의적,*,*,*,*
결정적,,,,MM,*,T,결정적,*,*,*,*
결정론적,,,,MM,*,T,결정론적,*,*,*,*
결속적,,,,MM,*,T,결속적,*,*,*,*
결사체적,,,,MM,*,T,결사체적,*,*,*,*
결사적,,,,MM,*,T,결사적,*,*,*,*
결벽주의적,,,,MM,*,T,결벽주의적,*,*,*,*
결론적,,,,MM,*,T,결론적,*,*,*,*
결단적,,,,MM,*,T,결단적,*,*,*,*
결과주의적,,,,MM,*,T,결과주의적,*,*,*,*
결과적,,,,MM,*,T,결과적,*,*,*,*
결과론적,,,,MM,*,T,결과론적,*,*,*,*
견유적,,,,MM,*,T,견유적,*,*,*,*
격정적,,,,MM,*,T,격정적,*,*,*,*
격식적,,,,MM,*,T,격식적,*,*,*,*
격리주의적,,,,MM,*,T,격리주의적,*,*,*,*
격리적,,,,MM,*,T,격리적,*,*,*,*
건축학적,,,,MM,*,T,건축학적,*,*,*,*
건축적,,,,MM,*,T,건축적,*,*,*,*
건축사학적,,,,MM,*,T,건축사학적,*,*,*,*
건설적,,,,MM,*,T,건설적,*,*,*,*
건덕적,,,,MM,*,T,건덕적,*,*,*,*
건강적,,,,MM,*,T,건강적,*,*,*,*
거족적,,,,MM,*,T,거족적,*,*,*,*
거점적,,,,MM,*,T,거점적,*,*,*,*
거인적,,,,MM,*,T,거인적,*,*,*,*
거시적,,,,MM,*,T,거시적,*,*,*,*
거부적,,,,MM,*,T,거부적,*,*,*,*
거도적,,,,MM,*,T,거도적,*,*,*,*
거당적,,,,MM,*,T,거당적,*,*,*,*
거까튼,,,,MM,*,T,거까튼,*,*,*,*
거국적,,,,MM,*,T,거국적,*,*,*,*
객체적,,,,MM,*,T,객체적,*,*,*,*
객관주의적,,,,MM,*,T,객관주의적,*,*,*,*
객관적,,,,MM,*,T,객관적,*,*,*,*
개혁주의적,,,,MM,*,T,개혁주의적,*,*,*,*
개혁적,,,,MM,*,T,개혁적,*,*,*,*
개체적,,,,MM,*,T,개체적,*,*,*,*
개조적,,,,MM,*,T,개조적,*,*,*,*
개입적,,,,MM,*,T,개입적,*,*,*,*
개인주의적,,,,MM,*,T,개인주의적,*,*,*,*
개인적,,,,MM,*,T,개인적,*,*,*,*
개연적,,,,MM,*,T,개연적,*,*,*,*
개악적,,,,MM,*,T,개악적,*,*,*,*
개신교적,,,,MM,*,T,개신교적,*,*,*,*
개성적,,,,MM,*,T,개성적,*,*,*,*
개설적,,,,MM,*,T,개설적,*,*,*,*
개선적,,,,MM,*,T,개선적,*,*,*,*
개별적,,,,MM,*,T,개별적,*,*,*,*
개방주의적,,,,MM,*,T,개방주의적,*,*,*,*
개방적,,,,MM,*,T,개방적,*,*,*,*
개발주의적,,,,MM,*,T,개발주의적,*,*,*,*
개발적,,,,MM,*,T,개발적,*,*,*,*
개발론적,,,,MM,*,T,개발론적,*,*,*,*
개량주의적,,,,MM,*,T,개량주의적,*,*,*,*
개량적,,,,MM,*,T,개량적,*,*,*,*
개략적,,,,MM,*,T,개략적,*,*,*,*
개념주의적,,,,MM,*,T,개념주의적,*,*,*,*
개념적,,,,MM,*,T,개념적,*,*,*,*
개괄적,,,,MM,*,T,개괄적,*,*,*,*
개관적,,,,MM,*,T,개관적,*,*,*,*
갖인,,,,MM,*,T,갖인,*,*,*,*
갖은,,,,MM,*,T,갖은,*,*,*,*
강탈적,,,,MM,*,T,강탈적,*,*,*,*
강제적,,,,MM,*,T,강제적,*,*,*,*
강압적,,,,MM,*,T,강압적,*,*,*,*
강박적,,,,MM,*,T,강박적,*,*,*,*
강경론적,,,,MM,*,T,강경론적,*,*,*,*
강간적,,,,MM,*,T,강간적,*,*,*,*
갓난,,,,MM,*,T,갓난,*,*,*,*
감초적,,,,MM,*,T,감초적,*,*,*,*
감정적,,,,MM,*,T,감정적,*,*,*,*
감응적,,,,MM,*,T,감응적,*,*,*,*
감압술적,,,,MM,*,T,감압술적,*,*,*,*
감성적,,,,MM,*,T,감성적,*,*,*,*
감상주의적,,,,MM,*,T,감상주의적,*,*,*,*
감상적,,,,MM,*,T,감상적,*,*,*,*
감명적,,,,MM,*,T,감명적,*,*,*,*
감동적,,,,MM,*,T,감동적,*,*,*,*
감격적,,,,MM,*,T,감격적,*,*,*,*
감각적,,,,MM,*,T,감각적,*,*,*,*
갈등적,,,,MM,*,T,갈등적,*,*,*,*
갈등론적,,,,MM,*,T,갈등론적,*,*,*,*
간헐적,,,,MM,*,T,간헐적,*,*,*,*
간주관적,,,,MM,*,T,간주관적,*,*,*,*
간접적,,,,MM,*,T,간접적,*,*,*,*
간섭주의적,,,,MM,*,T,간섭주의적,*,*,*,*
간섭적,,,,MM,*,T,간섭적,*,*,*,*
간략적,,,,MM,*,T,간략적,*,*,*,*
간대옛,,,,MM,*,T,간대옛,*,*,*,*
각론적,,,,MM,*,T,각론적,*,*,*,*
가학적,,,,MM,*,T,가학적,*,*,*,*
가톨릭적,,,,MM,*,T,가톨릭적,*,*,*,*
가치적,,,,MM,*,T,가치적,*,*,*,*
가치론적,,,,MM,*,T,가치론적,*,*,*,*
가축적,,,,MM,*,T,가축적,*,*,*,*
가진,,,,MM,*,T,가진,*,*,*,*
가족주의적,,,,MM,*,T,가족주의적,*,*,*,*
가족적,,,,MM,*,T,가족적,*,*,*,*
가정적,,,,MM,*,T,가정적,*,*,*,*
가언적,,,,MM,*,T,가언적,*,*,*,*
가식적,,,,MM,*,T,가식적,*,*,*,*
가시적,,,,MM,*,T,가시적,*,*,*,*
가속적,,,,MM,*,T,가속적,*,*,*,*
가속도적,,,,MM,*,T,가속도적,*,*,*,*
가설적,,,,MM,*,T,가설적,*,*,*,*
가산적,,,,MM,*,T,가산적,*,*,*,*
가분적,,,,MM,*,T,가분적,*,*,*,*
가부장제적,,,,MM,*,T,가부장제적,*,*,*,*
가부장적,,,,MM,*,T,가부장적,*,*,*,*
가변적,,,,MM,*,T,가변적,*,*,*,*
가무적,,,,MM,*,T,가무적,*,*,*,*
가모장적,,,,MM,*,T,가모장적,*,*,*,*
가면적,,,,MM,*,T,가면적,*,*,*,*
가동적,,,,MM,*,T,가동적,*,*,*,*
가능적,,,,MM,*,T,가능적,*,*,*,*
가교적,,,,MM,*,T,가교적,*,*,*,*
가공적,,,,MM,*,T,가공적,*,*,*,*
가계적,,,,MM,*,T,가계적,*,*,*,*
가격적,,,,MM,*,T,가격적,*,*,*,*
