히다,,,,EP,*,F,히다,*,*,*,*
지요,,,,EP,*,F,지요,*,*,*,*
지비,,,,EP,*,F,지비,*,*,*,*
지만지,,,,EP,*,F,지만지,*,*,*,*
지만서도,,,,EP,*,F,지만서도,*,*,*,*
지만,,,,EP,*,T,지만,*,*,*,*
지마는,,,,EP,*,T,지마는,*,*,*,*
지록,,,,EP,*,T,지록,*,*,*,*
지로,,,,EP,*,F,지로,*,*,*,*
주마는,,,,EP,*,T,주마는,*,*,*,*
졔시니,,,,EP,*,F,졔시니,*,*,*,*
졔니라,,,,EP,*,F,졔니라,*,*,*,*
져라,,,,EP,*,F,져라,*,*,*,*
젠도,,,,EP,*,F,젠도,*,*,*,*
쟛고야,,,,EP,*,F,쟛고야,*,*,*,*
쟈스라,,,,EP,*,F,쟈스라,*,*,*,*
자옵시,,,,EP,*,F,자옵시,*,*,*,*
자옵,,,,EP,*,T,자옵,*,*,*,*
자오,,,,EP,*,F,자오,*,*,*,*
자손,,,,EP,*,T,자손,*,*,*,*
자무나,,,,EP,*,F,자무나,*,*,*,*
자면서,,,,EP,*,F,자면서,*,*,*,*
자면,,,,EP,*,T,자면,*,*,*,*
자며,,,,EP,*,F,자며,*,*,*,*
자마자,,,,EP,*,F,자마자,*,*,*,*
자마,,,,EP,*,F,자마,*,*,*,*
자니까,,,,EP,*,F,자니까,*,*,*,*
자느니,,,,EP,*,F,자느니,*,*,*,*
자꾸나,,,,EP,*,F,자꾸나,*,*,*,*
자구,,,,EP,*,F,자구,*,*,*,*
자고,,,,EP,*,F,자고,*,*,*,*
잇고,,,,EP,*,F,잇고,*,*,*,*
인교,,,,EP,*,F,인교,*,*,*,*
이웨,,,,EP,*,F,이웨,*,*,*,*
이원다,,,,EP,*,F,이원다,*,*,*,*
이워니,,,,EP,*,F,이워니,*,*,*,*
이요,,,,EP,*,F,이요,*,*,*,*
이소,,,,EP,*,F,이소,*,*,*,*
이라,,,,EP,*,F,이라,*,*,*,*
이두룩새,,,,EP,*,F,이두룩새,*,*,*,*
이껴,,,,EP,*,F,이껴,*,*,*,*
이까,,,,EP,*,F,이까,*,*,*,*
응께,,,,EP,*,F,응께,*,*,*,*
응거,,,,EP,*,F,응거,*,*,*,*
읍지요,,,,EP,*,F,읍지요,*,*,*,*
읍죠,,,,EP,*,F,읍죠,*,*,*,*
읍시오,,,,EP,*,F,읍시오,*,*,*,*
읍시사,,,,EP,*,F,읍시사,*,*,*,*
읍시더,,,,EP,*,F,읍시더,*,*,*,*
읍시다,,,,EP,*,F,읍시다,*,*,*,*
읍쇼,,,,EP,*,F,읍쇼,*,*,*,*
읍마,,,,EP,*,F,읍마,*,*,*,*
읍딘저,,,,EP,*,F,읍딘저,*,*,*,*
읍딘다,,,,EP,*,F,읍딘다,*,*,*,*
읍디여,,,,EP,*,F,읍디여,*,*,*,*
읍디더,,,,EP,*,F,읍디더,*,*,*,*
읍디다,,,,EP,*,F,읍디다,*,*,*,*
읍디껴,,,,EP,*,F,읍디껴,*,*,*,*
읍디꺼,,,,EP,*,F,읍디꺼,*,*,*,*
읍디까,,,,EP,*,F,읍디까,*,*,*,*
읍니다,,,,EP,*,F,읍니다,*,*,*,*
읍니껴,,,,EP,*,F,읍니껴,*,*,*,*
읍니꺄,,,,EP,*,F,읍니꺄,*,*,*,*
읍니까,,,,EP,*,F,읍니까,*,*,*,*
읍늰다,,,,EP,*,F,읍늰다,*,*,*,*
읍네더,,,,EP,*,F,읍네더,*,*,*,*
읍네꺼,,,,EP,*,F,읍네꺼,*,*,*,*
읍꿔니,,,,EP,*,F,읍꿔니,*,*,*,*
음에랴,,,,EP,*,F,음에랴,*,*,*,*
음에도,,,,EP,*,F,음에도,*,*,*,*
음시롱,,,,EP,*,T,음시롱,*,*,*,*
음세,,,,EP,*,F,음세,*,*,*,*
음성,,,,EP,*,T,음성,*,*,*,*
음사,,,,EP,*,F,음사,*,*,*,*
을진저,,,,EP,*,F,을진저,*,*,*,*
을진들,,,,EP,*,T,을진들,*,*,*,*
을진댄,,,,EP,*,T,을진댄,*,*,*,*
을진대는,,,,EP,*,T,을진대는,*,*,*,*
을진대,,,,EP,*,F,을진대,*,*,*,*
을지언정,,,,EP,*,T,을지언정,*,*,*,*
을지어다,,,,EP,*,F,을지어다,*,*,*,*
을지며,,,,EP,*,F,을지며,*,*,*,*
을지로다,,,,EP,*,F,을지로다,*,*,*,*
을지라도,,,,EP,*,F,을지라도,*,*,*,*
을지라,,,,EP,*,F,을지라,*,*,*,*
을지니라,,,,EP,*,F,을지니라,*,*,*,*
을지니,,,,EP,*,F,을지니,*,*,*,*
을지나,,,,EP,*,F,을지나,*,*,*,*
을지,,,,EP,*,F,을지,*,*,*,*
을작시면,,,,EP,*,T,을작시면,*,*,*,*
을이만큼,,,,EP,*,T,을이만큼,*,*,*,*
을쏜가,,,,EP,*,F,을쏜가,*,*,*,*
을쏘냐,,,,EP,*,F,을쏘냐,*,*,*,*
을쎠,,,,EP,*,F,을쎠,*,*,*,*
을싸록,,,,EP,*,T,을싸록,*,*,*,*
을시고,,,,EP,*,F,을시고,*,*,*,*
을시,,,,EP,*,F,을시,*,*,*,*
을수록,,,,EP,*,T,을수록,*,*,*,*
을손가,,,,EP,*,F,을손가,*,*,*,*
을소냐,,,,EP,*,F,을소냐,*,*,*,*
을세말이지,,,,EP,*,F,을세말이지,*,*,*,*
을세라,,,,EP,*,F,을세라,*,*,*,*
을세,,,,EP,*,F,을세,*,*,*,*
을새,,,,EP,*,F,을새,*,*,*,*
을사,,,,EP,*,F,을사,*,*,*,*
을뿐더러,,,,EP,*,F,을뿐더러,*,*,*,*
을밖에,,,,EP,*,F,을밖에,*,*,*,*
을망정,,,,EP,*,T,을망정,*,*,*,*
을리라,,,,EP,*,F,을리라,*,*,*,*
을려고,,,,EP,*,F,을려고,*,*,*,*
을레라,,,,EP,*,F,을레라,*,*,*,*
을레,,,,EP,*,F,을레,*,*,*,*
을런지,,,,EP,*,F,을런지,*,*,*,*
을런고,,,,EP,*,F,을런고,*,*,*,*
을런가,,,,EP,*,F,을런가,*,*,*,*
을러라,,,,EP,*,F,을러라,*,*,*,*
을러니,,,,EP,*,F,을러니,*,*,*,*
을랜,,,,EP,*,T,을랜,*,*,*,*
을래문,,,,EP,*,T,을래문,*,*,*,*
을래,,,,EP,*,F,을래,*,*,*,*
을람더,,,,EP,*,F,을람더,*,*,*,*
을락,,,,EP,*,T,을락,*,*,*,*
을라치면,,,,EP,*,T,을라치면,*,*,*,*
을라꼬,,,,EP,*,F,을라꼬,*,*,*,*
을라구,,,,EP,*,F,을라구,*,*,*,*
을라고,,,,EP,*,F,을라고,*,*,*,*
을라,,,,EP,*,F,을라,*,*,*,*
을데라니,,,,EP,*,F,을데라니,*,*,*,*
을단댄,,,,EP,*,T,을단댄,*,*,*,*
을다,,,,EP,*,F,을다,*,*,*,*
을는지,,,,EP,*,F,을는지,*,*,*,*
을꾸마,,,,EP,*,F,을꾸마,*,*,*,*
을꼬,,,,EP,*,F,을꼬,*,*,*,*
을께,,,,EP,*,F,을께,*,*,*,*
을깝쇼,,,,EP,*,F,을깝쇼,*,*,*,*
을까,,,,EP,*,F,을까,*,*,*,*
을고,,,,EP,*,F,을고,*,*,*,*
을게,,,,EP,*,F,을게,*,*,*,*
을걸,,,,EP,*,T,을걸,*,*,*,*
을거나,,,,EP,*,F,을거나,*,*,*,*
을값에,,,,EP,*,F,을값에,*,*,*,*
을가,,,,EP,*,F,을가,*,*,*,*
은지라,,,,EP,*,F,은지라,*,*,*,*
은지고,,,,EP,*,F,은지고,*,*,*,*
은지,,,,EP,*,F,은지,*,*,*,*
은즉슨,,,,EP,*,T,은즉슨,*,*,*,*
은즉,,,,EP,*,T,은즉,*,*,*,*
은배,,,,EP,*,F,은배,*,*,*,*
은바,,,,EP,*,F,은바,*,*,*,*
은디라,,,,EP,*,F,은디라,*,*,*,*
은들,,,,EP,*,T,은들,*,*,*,*
은뎁쇼,,,,EP,*,F,은뎁쇼,*,*,*,*
은데,,,,EP,*,F,은데,*,*,*,*
은대,,,,EP,*,F,은대,*,*,*,*
은다,,,,EP,*,F,은다,*,*,*,*
은께,,,,EP,*,F,은께,*,*,*,*
은교,,,,EP,*,F,은교,*,*,*,*
은고,,,,EP,*,F,은고,*,*,*,*
은걸,,,,EP,*,T,은걸,*,*,*,*
은감,,,,EP,*,T,은감,*,*,*,*
은가,,,,EP,*,F,은가,*,*,*,*
으이소,,,,EP,*,F,으이소,*,*,*,*
으이께,,,,EP,*,F,으이께,*,*,*,*
으이까,,,,EP,*,F,으이까,*,*,*,*
으이,,,,EP,*,F,으이,*,*,*,*
으월다,,,,EP,*,F,으월다,*,*,*,*
으워리,,,,EP,*,F,으워리,*,*,*,*
으우,,,,EP,*,F,으우,*,*,*,*
으외다,,,,EP,*,F,으외다,*,*,*,*
으와,,,,EP,*,F,으와,*,*,*,*
으옵시,,,,EP,*,F,으옵시,*,*,*,*
으옵소서,,,,EP,*,F,으옵소서,*,*,*,*
으옵디다,,,,EP,*,F,으옵디다,*,*,*,*
으옵디까,,,,EP,*,F,으옵디까,*,*,*,*
으옵니다,,,,EP,*,F,으옵니다,*,*,*,*
으옵니까,,,,EP,*,F,으옵니까,*,*,*,*
으옵나이다,,,,EP,*,F,으옵나이다,*,*,*,*
으옵나이까,,,,EP,*,F,으옵나이까,*,*,*,*
으옵,,,,EP,*,T,으옵,*,*,*,*
으오이다,,,,EP,*,F,으오이다,*,*,*,*
으오리이다,,,,EP,*,F,으오리이다,*,*,*,*
으오리이까,,,,EP,*,F,으오리이까,*,*,*,*
으오리다,,,,EP,*,F,으오리다,*,*,*,*
으오리까,,,,EP,*,F,으오리까,*,*,*,*
으오니까,,,,EP,*,F,으오니까,*,*,*,*
으오,,,,EP,*,F,으오,*,*,*,*
으십시오,,,,EP,*,F,으십시오,*,*,*,*
으십시다,,,,EP,*,F,으십시다,*,*,*,*
으십사,,,,EP,*,F,으십사,*,*,*,*
으시이소,,,,EP,*,F,으시이소,*,*,*,*
으시어요,,,,EP,*,F,으시어요,*,*,*,*
으시압,,,,EP,*,T,으시압,*,*,*,*
으시라,,,,EP,*,F,으시라,*,*,*,*
으시더,,,,EP,*,F,으시더,*,*,*,*
으시다나,,,,EP,*,F,으시다나,*,*,*,*
으시,,,,EP,*,F,으시,*,*,*,*
으쇼셔,,,,EP,*,F,으쇼셔,*,*,*,*
으소서,,,,EP,*,F,으소서,*,*,*,*
으셔요,,,,EP,*,F,으셔요,*,*,*,*
으세요,,,,EP,*,F,으세요,*,*,*,*
으세,,,,EP,*,F,으세,*,*,*,*
으섀라,,,,EP,*,F,으섀라,*,*,*,*
으샷다,,,,EP,*,F,으샷다,*,*,*,*
으샨,,,,EP,*,T,으샨,*,*,*,*
으샤,,,,EP,*,F,으샤,*,*,*,*
으사이다,,,,EP,*,F,으사이다,*,*,*,*
으사,,,,EP,*,F,으사,*,*,*,*
으민,,,,EP,*,T,으민,*,*,*,*
으므로,,,,EP,*,F,으므로,*,*,*,*
으문,,,,EP,*,T,으문,*,*,*,*
으모,,,,EP,*,F,으모,*,*,*,*
으면서,,,,EP,*,F,으면서,*,*,*,*
으면,,,,EP,*,T,으면,*,*,*,*
으며셔,,,,EP,*,F,으며셔,*,*,*,*
으며,,,,EP,*,F,으며,*,*,*,*
으멘,,,,EP,*,T,으멘,*,*,*,*
으멍,,,,EP,*,T,으멍,*,*,*,*
으매,,,,EP,*,F,으매,*,*,*,*
으만,,,,EP,*,T,으만,*,*,*,*
으마,,,,EP,*,F,으마,*,*,*,*
으리오,,,,EP,*,F,으리오,*,*,*,*
으리어니와,,,,EP,*,F,으리어니와,*,*,*,*
으리어니,,,,EP,*,F,으리어니,*,*,*,*
으리어늘,,,,EP,*,T,으리어늘,*,*,*,*
으리야,,,,EP,*,F,으리야,*,*,*,*
으리며,,,,EP,*,F,으리며,*,*,*,*
으리만큼,,,,EP,*,T,으리만큼,*,*,*,*
으리만치,,,,EP,*,F,으리만치,*,*,*,*
으리로소니,,,,EP,*,F,으리로소니,*,*,*,*
으리로다,,,,EP,*,F,으리로다,*,*,*,*
으리러라,,,,EP,*,F,으리러라,*,*,*,*
으리라,,,,EP,*,F,으리라,*,*,*,*
으리다,,,,EP,*,F,으리다,*,*,*,*
으리니라,,,,EP,*,F,으리니라,*,*,*,*
으리니,,,,EP,*,F,으리니,*,*,*,*
으리까,,,,EP,*,F,으리까,*,*,*,*
으리,,,,EP,*,F,으리,*,*,*,*
으료,,,,EP,*,F,으료,*,*,*,*
으렷다,,,,EP,*,F,으렷다,*,*,*,*
으렵니다,,,,EP,*,F,으렵니다,*,*,*,*
으렵니까,,,,EP,*,F,으렵니까,*,*,*,*
으렴,,,,EP,*,T,으렴,*,*,*,*
으련만,,,,EP,*,T,으련만,*,*,*,*
으련마는,,,,EP,*,T,으련마는,*,*,*,*
으련,,,,EP,*,T,으련,*,*,*,*
으려무나,,,,EP,*,F,으려무나,*,*,*,*
으려면,,,,EP,*,T,으려면,*,*,*,*
으려마,,,,EP,*,F,으려마,*,*,*,*
으려든,,,,EP,*,T,으려든,*,*,*,*
으려다,,,,EP,*,F,으려다,*,*,*,*
으려니와,,,,EP,*,F,으려니와,*,*,*,*
으려니,,,,EP,*,F,으려니,*,*,*,*
으려나,,,,EP,*,F,으려나,*,*,*,*
으려고,,,,EP,*,F,으려고,*,*,*,*
으려거든,,,,EP,*,T,으려거든,*,*,*,*
으려,,,,EP,*,F,으려,*,*,*,*
으레,,,,EP,*,F,으레,*,*,*,*
으러,,,,EP,*,F,으러,*,*,*,*
으랴,,,,EP,*,F,으랴,*,*,*,*
으래이,,,,EP,*,F,으래이,*,*,*,*
으래니께,,,,EP,*,F,으래니께,*,*,*,*
으람,,,,EP,*,T,으람,*,*,*,*
으란,,,,EP,*,T,으란,*,*,*,*
으락,,,,EP,*,T,으락,*,*,*,*
으라이,,,,EP,*,F,으라이,*,*,*,*
으라우,,,,EP,*,F,으라우,*,*,*,*
으라손,,,,EP,*,T,으라손,*,*,*,*
으라무나,,,,EP,*,F,으라무나,*,*,*,*
으라면서,,,,EP,*,F,으라면서,*,*,*,*
으라며,,,,EP,*,F,으라며,*,*,*,*
으라마,,,,EP,*,F,으라마,*,*,*,*
으라니까,,,,EP,*,F,으라니까,*,*,*,*
으라느니,,,,EP,*,F,으라느니,*,*,*,*
으라나,,,,EP,*,F,으라나,*,*,*,*
으라고,,,,EP,*,F,으라고,*,*,*,*
으라,,,,EP,*,F,으라,*,*,*,*
으되,,,,EP,*,F,으되,*,*,*,*
으닝까,,,,EP,*,F,으닝까,*,*,*,*
으니오,,,,EP,*,F,으니오,*,*,*,*
으니야,,,,EP,*,F,으니야,*,*,*,*
으니만큼,,,,EP,*,T,으니만큼,*,*,*,*
으니만치,,,,EP,*,F,으니만치,*,*,*,*
으니라,,,,EP,*,F,으니라,*,*,*,*
으니깐,,,,EP,*,T,으니깐,*,*,*,*
으니까니,,,,EP,*,F,으니까니,*,*,*,*
으니까는,,,,EP,*,T,으니까는,*,*,*,*
으니까느루,,,,EP,*,F,으니까느루,*,*,*,*
으니까,,,,EP,*,F,으니까,*,*,*,*
으니,,,,EP,*,F,으니,*,*,*,*
으뇨,,,,EP,*,F,으뇨,*,*,*,*
으냐고,,,,EP,*,F,으냐고,*,*,*,*
으냐,,,,EP,*,F,으냐,*,*,*,*
으난,,,,EP,*,T,으난,*,*,*,*
으나마,,,,EP,*,F,으나마,*,*,*,*
으나따나,,,,EP,*,F,으나따나,*,*,*,*
으나,,,,EP,*,F,으나,*,*,*,*
으께,,,,EP,*,F,으께,*,*,*,*
으꺼마,,,,EP,*,F,으꺼마,*,*,*,*
유려,,,,EP,*,F,유려,*,*,*,*
유라,,,,EP,*,F,유라,*,*,*,*
웰다,,,,EP,*,F,웰다,*,*,*,*
웬다,,,,EP,*,F,웬다,*,*,*,*
웨다레,,,,EP,*,F,웨다레,*,*,*,*
웨다,,,,EP,*,F,웨다,*,*,*,*
월다,,,,EP,*,F,월다,*,*,*,*
원다,,,,EP,*,F,원다,*,*,*,*
워리,,,,EP,*,F,워리,*,*,*,*
워다레,,,,EP,*,F,워다레,*,*,*,*
워다,,,,EP,*,F,워다,*,*,*,*
울딘댄,,,,EP,*,T,울딘댄,*,*,*,*
울디니라,,,,EP,*,F,울디니라,*,*,*,*
울디,,,,EP,*,F,울디,*,*,*,*
운디라,,,,EP,*,F,운디라,*,*,*,*
우리라,,,,EP,*,F,우리라,*,*,*,*
우리니,,,,EP,*,F,우리니,*,*,*,*
우려,,,,EP,*,F,우려,*,*,*,*
우라,,,,EP,*,F,우라,*,*,*,*
우다,,,,EP,*,F,우다,*,*,*,*
우니,,,,EP,*,F,우니,*,*,*,*
욜셰라,,,,EP,*,F,욜셰라,*,*,*,*
욜디어니와,,,,EP,*,F,욜디어니와,*,*,*,*
욜디며,,,,EP,*,F,욜디며,*,*,*,*
욜뎬,,,,EP,*,T,욜뎬,*,*,*,*
욘디라,,,,EP,*,F,욘디라,*,*,*,*
요미오,,,,EP,*,F,요미오,*,*,*,*
요미,,,,EP,*,F,요미,*,*,*,*
요매,,,,EP,*,F,요매,*,*,*,*
요리라,,,,EP,*,F,요리라,*,*,*,*
요리,,,,EP,*,F,요리,*,*,*,*
요려,,,,EP,*,F,요려,*,*,*,*
요라,,,,EP,*,F,요라,*,*,*,*
요니,,,,EP,*,F,요니,*,*,*,*
외러니,,,,EP,*,F,외러니,*,*,*,*
외다,,,,EP,*,F,외다,*,*,*,*
완쟈,,,,EP,*,F,완쟈,*,*,*,*
와라,,,,EP,*,F,와라,*,*,*,*
와뎌,,,,EP,*,F,와뎌,*,*,*,*
와댜,,,,EP,*,F,와댜,*,*,*,*
옵시,,,,EP,*,F,옵시,*,*,*,*
옵솝거니와,,,,EP,*,F,옵솝거니와,*,*,*,*
옵소서,,,,EP,*,F,옵소서,*,*,*,*
옵디다,,,,EP,*,F,옵디다,*,*,*,*
옵디까,,,,EP,*,F,옵디까,*,*,*,*
옵니다,,,,EP,*,F,옵니다,*,*,*,*
옵니까,,,,EP,*,F,옵니까,*,*,*,*
옵나이다,,,,EP,*,F,옵나이다,*,*,*,*
옵나이까,,,,EP,*,F,옵나이까,*,*,*,*
옴새,,,,EP,*,F,옴새,*,*,*,*
올시다,,,,EP,*,F,올시다,*,*,*,*
올습니다,,,,EP,*,F,올습니다,*,*,*,*
올띠라,,,,EP,*,F,올띠라,*,*,*,*
올띠니,,,,EP,*,F,올띠니,*,*,*,*
올뗸,,,,EP,*,T,올뗸,*,*,*,*
올디어다,,,,EP,*,F,올디어다,*,*,*,*
올디로다,,,,EP,*,F,올디로다,*,*,*,*
올디라,,,,EP,*,F,올디라,*,*,*,*
올디니라,,,,EP,*,F,올디니라,*,*,*,*
올디니,,,,EP,*,F,올디니,*,*,*,*
올뎬,,,,EP,*,T,올뎬,*,*,*,*
올뎐,,,,EP,*,T,올뎐,*,*,*,*
온가,,,,EP,*,F,온가,*,*,*,*
오져,,,,EP,*,F,오져,*,*,*,*
오이다,,,,EP,*,F,오이다,*,*,*,*
오이까,,,,EP,*,F,오이까,*,*,*,*
오시라,,,,EP,*,F,오시라,*,*,*,*
오소라,,,,EP,*,F,오소라,*,*,*,*
오셔,,,,EP,*,F,오셔,*,*,*,*
오마,,,,EP,*,F,오마,*,*,*,*
오리이다,,,,EP,*,F,오리이다,*,*,*,*
오리이까,,,,EP,*,F,오리이까,*,*,*,*
오리라,,,,EP,*,F,오리라,*,*,*,*
오리다,,,,EP,*,F,오리다,*,*,*,*
오리니,,,,EP,*,F,오리니,*,*,*,*
오리까,,,,EP,*,F,오리까,*,*,*,*
오롓다,,,,EP,*,F,오롓다,*,*,*,*
오려다,,,,EP,*,F,오려다,*,*,*,*
오려,,,,EP,*,F,오려,*,*,*,*
오레,,,,EP,*,F,오레,*,*,*,*
오라,,,,EP,*,F,오라,*,*,*,*
오도,,,,EP,*,F,오도,*,*,*,*
오니까,,,,EP,*,F,오니까,*,*,*,*
오니,,,,EP,*,F,오니,*,*,*,*
예라,,,,EP,*,F,예라,*,*,*,*
예니라,,,,EP,*,F,예니라,*,*,*,*
영근,,,,EP,*,T,영근,*,*,*,*
였자,,,,EP,*,F,였자,*,*,*,*
였었,,,,EP,*,T,였었,*,*,*,*
염직,,,,EP,*,T,염직,*,*,*,*
염즉,,,,EP,*,T,염즉,*,*,*,*
연에,,,,EP,*,F,연에,*,*,*,*
연만,,,,EP,*,T,연만,*,*,*,*
연게,,,,EP,*,F,연게,*,*,*,*
여지이다,,,,EP,*,F,여지이다,*,*,*,*
여요,,,,EP,*,F,여요,*,*,*,*
여야지,,,,EP,*,F,여야지,*,*,*,*
여야,,,,EP,*,F,여야,*,*,*,*
여심으로,,,,EP,*,F,여심으로,*,*,*,*
여슈라,,,,EP,*,F,여슈라,*,*,*,*
여쇼매,,,,EP,*,F,여쇼매,*,*,*,*
여셔,,,,EP,*,F,여셔,*,*,*,*
여서,,,,EP,*,F,여서,*,*,*,*
여리아,,,,EP,*,F,여리아,*,*,*,*
여라,,,,EP,*,F,여라,*,*,*,*
여도,,,,EP,*,F,여도,*,*,*,*
여냐,,,,EP,*,F,여냐,*,*,*,*
여근,,,,EP,*,T,여근,*,*,*,*
엣던,,,,EP,*,T,엣던,*,*,*,*
엣더시니,,,,EP,*,F,엣더시니,*,*,*,*
엣더라,,,,EP,*,F,엣더라,*,*,*,*
엣더니,,,,EP,*,F,엣더니,*,*,*,*
엣다가,,,,EP,*,F,엣다가,*,*,*,*
엣다,,,,EP,*,F,엣다,*,*,*,*
엣노니,,,,EP,*,F,엣노니,*,*,*,*
엣고,,,,EP,*,F,엣고,*,*,*,*
에요,,,,EP,*,F,에요,*,*,*,*
에셔,,,,EP,*,F,에셔,*,*,*,*
에라,,,,EP,*,F,에라,*,*,*,*
에니,,,,EP,*,F,에니,*,*,*,*
엉은,,,,EP,*,T,엉은,*,*,*,*
엉근,,,,EP,*,T,엉근,*,*,*,*
엉게,,,,EP,*,F,엉게,*,*,*,*
었었,,,,EP,*,T,었었,*,*,*,*
엇다,,,,EP,*,F,엇다,*,*,*,*
엇논,,,,EP,*,T,엇논,*,*,*,*
엇고,,,,EP,*,F,엇고,*,*,*,*
엇거든,,,,EP,*,T,엇거든,*,*,*,*
엇거니라,,,,EP,*,F,엇거니라,*,*,*,*
엄직,,,,EP,*,T,엄직,*,*,*,*
엄즉,,,,EP,*,T,엄즉,*,*,*,*
언정,,,,EP,*,T,언정,*,*,*,*
언만,,,,EP,*,T,언만,*,*,*,*
언마는,,,,EP,*,T,언마는,*,*,*,*
언든,,,,EP,*,T,언든,*,*,*,*
언댄,,,,EP,*,T,언댄,*,*,*,*
언다,,,,EP,*,F,언다,*,*,*,*
어지이다,,,,EP,*,F,어지이다,*,*,*,*
어이니,,,,EP,*,F,어이니,*,*,*,*
어유,,,,EP,*,F,어유,*,*,*,*
어요,,,,EP,*,F,어요,*,*,*,*
어야지,,,,EP,*,F,어야지,*,*,*,*
어야만,,,,EP,*,T,어야만,*,*,*,*
어야,,,,EP,*,F,어야,*,*,*,*
어신,,,,EP,*,T,어신,*,*,*,*
어시요,,,,EP,*,F,어시요,*,*,*,*
어시니,,,,EP,*,F,어시니,*,*,*,*
어스라,,,,EP,*,F,어스라,*,*,*,*
어슘,,,,EP,*,T,어슘,*,*,*,*
어슈라,,,,EP,*,F,어슈라,*,*,*,*
어숌,,,,EP,*,T,어숌,*,*,*,*
어셰라,,,,EP,*,F,어셰라,*,*,*,*
어셔도,,,,EP,*,F,어셔도,*,*,*,*
어셔,,,,EP,*,F,어셔,*,*,*,*
어서,,,,EP,*,F,어서,*,*,*,*
어사,,,,EP,*,F,어사,*,*,*,*
어며,,,,EP,*,F,어며,*,*,*,*
어리여,,,,EP,*,F,어리여,*,*,*,*
어리아,,,,EP,*,F,어리아,*,*,*,*
어를,,,,EP,*,T,어를,*,*,*,*
어라우,,,,EP,*,F,어라우,*,*,*,*
어라,,,,EP,*,F,어라,*,*,*,*
어든,,,,EP,*,T,어든,*,*,*,*
어드란,,,,EP,*,T,어드란,*,*,*,*
어도,,,,EP,*,F,어도,*,*,*,*
어다가,,,,EP,*,F,어다가,*,*,*,*
어다,,,,EP,*,F,어다,*,*,*,*
어니와,,,,EP,*,F,어니와,*,*,*,*
어니,,,,EP,*,F,어니,*,*,*,*
어늘,,,,EP,*,T,어늘,*,*,*,*
어뇨,,,,EP,*,F,어뇨,*,*,*,*
어네,,,,EP,*,F,어네,*,*,*,*
어근에,,,,EP,*,F,어근에,*,*,*,*
어근,,,,EP,*,T,어근,*,*,*,*
어고,,,,EP,*,F,어고,*,*,*,*
얌직,,,,EP,*,T,얌직,*,*,*,*
얌즉,,,,EP,*,T,얌즉,*,*,*,*
얀지,,,,EP,*,F,얀지,*,*,*,*
야지라,,,,EP,*,F,야지라,*,*,*,*
야지,,,,EP,*,F,야지,*,*,*,*
야야,,,,EP,*,F,야야,*,*,*,*
야실,,,,EP,*,T,야실,*,*,*,*
야시면,,,,EP,*,T,야시면,*,*,*,*
야시라,,,,EP,*,F,야시라,*,*,*,*
야시니와,,,,EP,*,F,야시니와,*,*,*,*
야시니,,,,EP,*,F,야시니,*,*,*,*
야시늘,,,,EP,*,T,야시늘,*,*,*,*
야시뇨,,,,EP,*,F,야시뇨,*,*,*,*
야시,,,,EP,*,F,야시,*,*,*,*
야쇼라,,,,EP,*,F,야쇼라,*,*,*,*
야셔,,,,EP,*,F,야셔,*,*,*,*
야사만,,,,EP,*,T,야사만,*,*,*,*
야사,,,,EP,*,F,야사,*,*,*,*
야만,,,,EP,*,T,야만,*,*,*,*
야리여,,,,EP,*,F,야리여,*,*,*,*
야리아,,,,EP,*,F,야리아,*,*,*,*
야려,,,,EP,*,F,야려,*,*,*,*
야든,,,,EP,*,T,야든,*,*,*,*
야두,,,,EP,*,F,야두,*,*,*,*
야도,,,,EP,*,F,야도,*,*,*,*
야다,,,,EP,*,F,야다,*,*,*,*
야니와,,,,EP,*,F,야니와,*,*,*,*
야니오,,,,EP,*,F,야니오,*,*,*,*
야니,,,,EP,*,F,야니,*,*,*,*
야뇨,,,,EP,*,F,야뇨,*,*,*,*
야괴야,,,,EP,*,F,야괴야,*,*,*,*
앳도다,,,,EP,*,F,앳도다,*,*,*,*
앳더시니,,,,EP,*,F,앳더시니,*,*,*,*
앳더니,,,,EP,*,F,앳더니,*,*,*,*
앳다니라,,,,EP,*,F,앳다니라,*,*,*,*
앳다가,,,,EP,*,F,앳다가,*,*,*,*
앳고,,,,EP,*,F,앳고,*,*,*,*
앳거든,,,,EP,*,T,앳거든,*,*,*,*
앳거니와,,,,EP,*,F,앳거니와,*,*,*,*
애라,,,,EP,*,F,애라,*,*,*,*
앙이다,,,,EP,*,F,앙이다,*,*,*,*
앙근에,,,,EP,*,F,앙근에,*,*,*,*
앙근,,,,EP,*,T,앙근,*,*,*,*
았자,,,,EP,*,F,았자,*,*,*,*
았었,,,,EP,*,T,았었,*,*,*,*
앗다가,,,,EP,*,F,앗다가,*,*,*,*
앗거든,,,,EP,*,T,앗거든,*,*,*,*
암직,,,,EP,*,T,암직,*,*,*,*
안에,,,,EP,*,F,안에,*,*,*,*
안다,,,,EP,*,F,안다,*,*,*,*
안게,,,,EP,*,F,안게,*,*,*,*
아지이다,,,,EP,*,F,아지이다,*,*,*,*
아지라,,,,EP,*,F,아지라,*,*,*,*
아져,,,,EP,*,F,아져,*,*,*,*
아요,,,,EP,*,F,아요,*,*,*,*
아야지,,,,EP,*,F,아야지,*,*,*,*
아야만,,,,EP,*,T,아야만,*,*,*,*
아야,,,,EP,*,F,아야,*,*,*,*
아쎠,,,,EP,*,F,아쎠,*,*,*,*
아신,,,,EP,*,T,아신,*,*,*,*
아시며,,,,EP,*,F,아시며,*,*,*,*
아시리오,,,,EP,*,F,아시리오,*,*,*,*
아시라,,,,EP,*,F,아시라,*,*,*,*
아시든,,,,EP,*,T,아시든,*,*,*,*
아시니,,,,EP,*,F,아시니,*,*,*,*
아시뇨,,,,EP,*,F,아시뇨,*,*,*,*
아시나,,,,EP,*,F,아시나,*,*,*,*
아스라,,,,EP,*,F,아스라,*,*,*,*
아숌,,,,EP,*,T,아숌,*,*,*,*
아셔,,,,EP,*,F,아셔,*,*,*,*
아서,,,,EP,*,F,아서,*,*,*,*
아리여,,,,EP,*,F,아리여,*,*,*,*
아리아,,,,EP,*,F,아리아,*,*,*,*
아라우,,,,EP,*,F,아라우,*,*,*,*
아라,,,,EP,*,F,아라,*,*,*,*
아따,,,,EP,*,F,아따,*,*,*,*
아디라,,,,EP,*,F,아디라,*,*,*,*
아든,,,,EP,*,T,아든,*,*,*,*
아도,,,,EP,*,F,아도,*,*,*,*
아다가,,,,EP,*,F,아다가,*,*,*,*
아다,,,,EP,*,F,아다,*,*,*,*
아니와,,,,EP,*,F,아니와,*,*,*,*
아니,,,,EP,*,F,아니,*,*,*,*
아늘,,,,EP,*,T,아늘,*,*,*,*
아뇨,,,,EP,*,F,아뇨,*,*,*,*
십시오,,,,EP,*,F,십시오,*,*,*,*
십시다,,,,EP,*,F,십시다,*,*,*,*
십사,,,,EP,*,F,십사,*,*,*,*
십니꺼,,,,EP,*,F,십니꺼,*,*,*,*
심더,,,,EP,*,F,심더,*,*,*,*
심니껴,,,,EP,*,F,심니껴,*,*,*,*
실고,,,,EP,*,F,실고,*,*,*,*
실가,,,,EP,*,F,실가,*,*,*,*
신대,,,,EP,*,F,신대,*,*,*,*
시이소,,,,EP,*,F,시이소,*,*,*,*
시어요,,,,EP,*,F,시어요,*,*,*,*
시압,,,,EP,*,T,시압,*,*,*,*
시소,,,,EP,*,F,시소,*,*,*,*
시리오,,,,EP,*,F,시리오,*,*,*,*
시리여,,,,EP,*,F,시리여,*,*,*,*
시리러라,,,,EP,*,F,시리러라,*,*,*,*
시리러뇨,,,,EP,*,F,시리러뇨,*,*,*,*
시리,,,,EP,*,F,시리,*,*,*,*
시려뇨,,,,EP,*,F,시려뇨,*,*,*,*
시라요,,,,EP,*,F,시라요,*,*,*,*
시라,,,,EP,*,F,시라,*,*,*,*
시덩이다,,,,EP,*,F,시덩이다,*,*,*,*
시단딘댄,,,,EP,*,T,시단딘댄,*,*,*,*
시단,,,,EP,*,T,시단,*,*,*,*
시다,,,,EP,*,F,시다,*,*,*,*
시놋다,,,,EP,*,F,시놋다,*,*,*,*
시논,,,,EP,*,T,시논,*,*,*,*
시과뎌,,,,EP,*,F,시과뎌,*,*,*,*
시곤대,,,,EP,*,F,시곤대,*,*,*,*
시겨,,,,EP,*,F,시겨,*,*,*,*
시게소,,,,EP,*,F,시게소,*,*,*,*
시거시니,,,,EP,*,F,시거시니,*,*,*,*
습지요,,,,EP,*,F,습지요,*,*,*,*
습죠,,,,EP,*,F,습죠,*,*,*,*
습세다,,,,EP,*,F,습세다,*,*,*,*
습세,,,,EP,*,F,습세,*,*,*,*
습무다레,,,,EP,*,F,습무다레,*,*,*,*
습무다,,,,EP,*,F,습무다,*,*,*,*
습메다레,,,,EP,*,F,습메다레,*,*,*,*
습메다,,,,EP,*,F,습메다,*,*,*,*
습메게레,,,,EP,*,F,습메게레,*,*,*,*
습머이,,,,EP,*,F,습머이,*,*,*,*
습머니,,,,EP,*,F,습머니,*,*,*,*
습마,,,,EP,*,F,습마,*,*,*,*
습딘다,,,,EP,*,F,습딘다,*,*,*,*
습디여,,,,EP,*,F,습디여,*,*,*,*
습디다레,,,,EP,*,F,습디다레,*,*,*,*
습디다,,,,EP,*,F,습디다,*,*,*,*
습디까,,,,EP,*,F,습디까,*,*,*,*
습동와,,,,EP,*,F,습동와,*,*,*,*
습데게레,,,,EP,*,F,습데게레,*,*,*,*
습데,,,,EP,*,F,습데,*,*,*,*
습닌다,,,,EP,*,F,습닌다,*,*,*,*
습니다,,,,EP,*,F,습니다,*,*,*,*
습니까,,,,EP,*,F,습니까,*,*,*,*
습니,,,,EP,*,F,습니,*,*,*,*
습늰다,,,,EP,*,F,습늰다,*,*,*,*
습네다레,,,,EP,*,F,습네다레,*,*,*,*
습네다,,,,EP,*,F,습네다,*,*,*,*
습네,,,,EP,*,F,습네,*,*,*,*
습나,,,,EP,*,F,습나,*,*,*,*
습꿔니,,,,EP,*,F,습꿔니,*,*,*,*
습꾸마,,,,EP,*,F,습꾸마,*,*,*,*
슴메,,,,EP,*,F,슴메,*,*,*,*
슴둥,,,,EP,*,T,슴둥,*,*,*,*
슴두,,,,EP,*,F,슴두,*,*,*,*
슨다,,,,EP,*,F,슨다,*,*,*,*
슈셔,,,,EP,*,F,슈셔,*,*,*,*
수와,,,,EP,*,F,수와,*,*,*,*
수다레,,,,EP,*,F,수다레,*,*,*,*
수다,,,,EP,*,F,수다,*,*,*,*
쇼셔,,,,EP,*,F,쇼셔,*,*,*,*
쇠다,,,,EP,*,F,쇠다,*,*,*,*
송와,,,,EP,*,F,송와,*,*,*,*
손뎌,,,,EP,*,F,손뎌,*,*,*,*
소이다,,,,EP,*,F,소이다,*,*,*,*
소이까,,,,EP,*,F,소이까,*,*,*,*
소웨,,,,EP,*,F,소웨,*,*,*,*
소와요,,,,EP,*,F,소와요,*,*,*,*
소옵니까,,,,EP,*,F,소옵니까,*,*,*,*
소오리까,,,,EP,*,F,소오리까,*,*,*,*
소오,,,,EP,*,F,소오,*,*,*,*
소야,,,,EP,*,F,소야,*,*,*,*
소서,,,,EP,*,F,소서,*,*,*,*
소라,,,,EP,*,F,소라,*,*,*,*
소다,,,,EP,*,F,소다,*,*,*,*
소니까,,,,EP,*,F,소니까,*,*,*,*
소니,,,,EP,*,F,소니,*,*,*,*
셰야,,,,EP,*,F,셰야,*,*,*,*
셰라,,,,EP,*,F,셰라,*,*,*,*
션디,,,,EP,*,F,션디,*,*,*,*
셔요,,,,EP,*,F,셔요,*,*,*,*
셔뇨,,,,EP,*,F,셔뇨,*,*,*,*
세요,,,,EP,*,F,세요,*,*,*,*
세나,,,,EP,*,F,세나,*,*,*,*
샷다,,,,EP,*,F,샷다,*,*,*,*
샬뗸,,,,EP,*,T,샬뗸,*,*,*,*
샬딘댄,,,,EP,*,T,샬딘댄,*,*,*,*
샬뎬,,,,EP,*,T,샬뎬,*,*,*,*
샨디라,,,,EP,*,F,샨디라,*,*,*,*
샤리라,,,,EP,*,F,샤리라,*,*,*,*
샤도,,,,EP,*,F,샤도,*,*,*,*
샤나,,,,EP,*,F,샤나,*,*,*,*
새이다,,,,EP,*,F,새이다,*,*,*,*
새다,,,,EP,*,F,새다,*,*,*,*
새근여,,,,EP,*,F,새근여,*,*,*,*
상이다,,,,EP,*,F,상이다,*,*,*,*
살가,,,,EP,*,F,살가,*,*,*,*
사주,,,,EP,*,F,사주,*,*,*,*
사이다,,,,EP,*,F,사이다,*,*,*,*
사외다,,,,EP,*,F,사외다,*,*,*,*
사와,,,,EP,*,F,사와,*,*,*,*
사옵시,,,,EP,*,F,사옵시,*,*,*,*
사옵디다,,,,EP,*,F,사옵디다,*,*,*,*
사옵디까,,,,EP,*,F,사옵디까,*,*,*,*
사옵니다,,,,EP,*,F,사옵니다,*,*,*,*
사옵니까,,,,EP,*,F,사옵니까,*,*,*,*
사옵나이다,,,,EP,*,F,사옵나이다,*,*,*,*
사옵나이까,,,,EP,*,F,사옵나이까,*,*,*,*
사옵,,,,EP,*,T,사옵,*,*,*,*
사오이다,,,,EP,*,F,사오이다,*,*,*,*
사오리이다,,,,EP,*,F,사오리이다,*,*,*,*
사오리이까,,,,EP,*,F,사오리이까,*,*,*,*
사오리다,,,,EP,*,F,사오리다,*,*,*,*
사오리까,,,,EP,*,F,사오리까,*,*,*,*
사오니까,,,,EP,*,F,사오니까,*,*,*,*
사오,,,,EP,*,F,사오,*,*,*,*
믄서,,,,EP,*,F,믄서,*,*,*,*
므로,,,,EP,*,F,므로,*,*,*,*
므는,,,,EP,*,T,므는,*,*,*,*
모로,,,,EP,*,F,모로,*,*,*,*
명셔,,,,EP,*,F,명셔,*,*,*,*
면은,,,,EP,*,T,면은,*,*,*,*
면셔,,,,EP,*,F,면셔,*,*,*,*
면서,,,,EP,*,F,면서,*,*,*,*
며셔,,,,EP,*,F,며셔,*,*,*,*
메선,,,,EP,*,T,메선,*,*,*,*
메서란,,,,EP,*,T,메서란,*,*,*,*
마르는,,,,EP,*,T,마르는,*,*,*,*
링잇가,,,,EP,*,F,링잇가,*,*,*,*
링이다,,,,EP,*,F,링이다,*,*,*,*
링다,,,,EP,*,F,링다,*,*,*,*
린뎌,,,,EP,*,F,린뎌,*,*,*,*
린댄,,,,EP,*,T,린댄,*,*,*,*
리잇고,,,,EP,*,F,리잇고,*,*,*,*
리잇가,,,,EP,*,F,리잇가,*,*,*,*
리이다,,,,EP,*,F,리이다,*,*,*,*
리온,,,,EP,*,T,리온,*,*,*,*
리오,,,,EP,*,F,리오,*,*,*,*
리여,,,,EP,*,F,리여,*,*,*,*
리어며,,,,EP,*,F,리어며,*,*,*,*
리어다,,,,EP,*,F,리어다,*,*,*,*
리어니와,,,,EP,*,F,리어니와,*,*,*,*
리어니,,,,EP,*,F,리어니,*,*,*,*
리어늘,,,,EP,*,T,리어늘,*,*,*,*
리야,,,,EP,*,F,리야,*,*,*,*
리아,,,,EP,*,F,리아,*,*,*,*
리며,,,,EP,*,F,리며,*,*,*,*
리만큼,,,,EP,*,T,리만큼,*,*,*,*
리만치,,,,EP,*,F,리만치,*,*,*,*
리로손여,,,,EP,*,F,리로손여,*,*,*,*
리로소니여,,,,EP,*,F,리로소니여,*,*,*,*
리로소니,,,,EP,*,F,리로소니,*,*,*,*
리로소녀,,,,EP,*,F,리로소녀,*,*,*,*
리로소냐,,,,EP,*,F,리로소냐,*,*,*,*
리로다,,,,EP,*,F,리로다,*,*,*,*
리런댄,,,,EP,*,T,리런댄,*,*,*,*
리러시다,,,,EP,*,F,리러시다,*,*,*,*
리러라,,,,EP,*,F,리러라,*,*,*,*
리러니라,,,,EP,*,F,리러니라,*,*,*,*
리러니,,,,EP,*,F,리러니,*,*,*,*
리랏다,,,,EP,*,F,리랏다,*,*,*,*
리랏,,,,EP,*,T,리랏,*,*,*,*
리라,,,,EP,*,F,리라,*,*,*,*
리다,,,,EP,*,F,리다,*,*,*,*
리니라,,,,EP,*,F,리니라,*,*,*,*
리니,,,,EP,*,F,리니,*,*,*,*
리까,,,,EP,*,F,리까,*,*,*,*
르샷다,,,,EP,*,F,르샷다,*,*,*,*
롯더라,,,,EP,*,F,롯더라,*,*,*,*
롯다,,,,EP,*,F,롯다,*,*,*,*
로쇠,,,,EP,*,F,로쇠,*,*,*,*
로소이다,,,,EP,*,F,로소이다,*,*,*,*
로소니,,,,EP,*,F,로소니,*,*,*,*
로세,,,,EP,*,F,로세,*,*,*,*
로서니,,,,EP,*,F,로서니,*,*,*,*
로새라,,,,EP,*,F,로새라,*,*,*,*
로라,,,,EP,*,F,로라,*,*,*,*
로되,,,,EP,*,F,로되,*,*,*,*
로다,,,,EP,*,F,로다,*,*,*,*
로니,,,,EP,*,F,로니,*,*,*,*
로군,,,,EP,*,T,로군,*,*,*,*
로구면,,,,EP,*,T,로구면,*,*,*,*
로구먼,,,,EP,*,T,로구먼,*,*,*,*
로구만,,,,EP,*,T,로구만,*,*,*,*
로구료,,,,EP,*,F,로구료,*,*,*,*
로구려,,,,EP,*,F,로구려,*,*,*,*
로구나,,,,EP,*,F,로구나,*,*,*,*
로고나,,,,EP,*,F,로고나,*,*,*,*
로고,,,,EP,*,F,로고,*,*,*,*
롓다,,,,EP,*,F,롓다,*,*,*,*
례니라,,,,EP,*,F,례니라,*,*,*,*
렷다,,,,EP,*,F,렷다,*,*,*,*
렷노라,,,,EP,*,F,렷노라,*,*,*,*
렵니다,,,,EP,*,F,렵니다,*,*,*,*
렵니까,,,,EP,*,F,렵니까,*,*,*,*
렴은,,,,EP,*,T,렴은,*,*,*,*
렴으나,,,,EP,*,F,렴으나,*,*,*,*
련만,,,,EP,*,T,련만,*,*,*,*
련마는,,,,EP,*,T,련마는,*,*,*,*
련뎌,,,,EP,*,F,련뎌,*,*,*,*
련노라,,,,EP,*,F,련노라,*,*,*,*
려므나,,,,EP,*,F,려므나,*,*,*,*
려무나,,,,EP,*,F,려무나,*,*,*,*
려면,,,,EP,*,T,려면,*,*,*,*
려마,,,,EP,*,F,려마,*,*,*,*
려료,,,,EP,*,F,려료,*,*,*,*
려든,,,,EP,*,T,려든,*,*,*,*
려다,,,,EP,*,F,려다,*,*,*,*
려니와,,,,EP,*,F,려니와,*,*,*,*
려니오,,,,EP,*,F,려니오,*,*,*,*
려니,,,,EP,*,F,려니,*,*,*,*
려뇨,,,,EP,*,F,려뇨,*,*,*,*
려녀,,,,EP,*,F,려녀,*,*,*,*
려나,,,,EP,*,F,려나,*,*,*,*
려고,,,,EP,*,F,려고,*,*,*,*
려거든,,,,EP,*,T,려거든,*,*,*,*
런들,,,,EP,*,T,런들,*,*,*,*
런고,,,,EP,*,F,런고,*,*,*,*
런가,,,,EP,*,F,런가,*,*,*,*
러이다,,,,EP,*,F,러이다,*,*,*,*
러이까,,,,EP,*,F,러이까,*,*,*,*
러시든,,,,EP,*,T,러시든,*,*,*,*
러시다,,,,EP,*,F,러시다,*,*,*,*
러시니,,,,EP,*,F,러시니,*,*,*,*
러라,,,,EP,*,F,러라,*,*,*,*
러든,,,,EP,*,T,러든,*,*,*,*
러니이다,,,,EP,*,F,러니이다,*,*,*,*
러니이까,,,,EP,*,F,러니이까,*,*,*,*
러니라,,,,EP,*,F,러니라,*,*,*,*
러니,,,,EP,*,F,러니,*,*,*,*
랴르,,,,EP,*,F,랴르,*,*,*,*
래이,,,,EP,*,F,래이,*,*,*,*
래요,,,,EP,*,F,래요,*,*,*,*
래야만,,,,EP,*,T,래야만,*,*,*,*
래문,,,,EP,*,T,래문,*,*,*,*
래디,,,,EP,*,F,래디,*,*,*,*
랑께,,,,EP,*,F,랑께,*,*,*,*
랑근에,,,,EP,*,F,랑근에,*,*,*,*
랏다,,,,EP,*,F,랏다,*,*,*,*
랍시고,,,,EP,*,F,랍시고,*,*,*,*
랍데,,,,EP,*,F,랍데,*,*,*,*
랍니다,,,,EP,*,F,랍니다,*,*,*,*
랍니까,,,,EP,*,F,랍니까,*,*,*,*
란다,,,,EP,*,F,란다,*,*,*,*
라타,,,,EP,*,F,라타,*,*,*,*
라지,,,,EP,*,F,라지,*,*,*,*
라우요,,,,EP,*,F,라우요,*,*,*,*
라우,,,,EP,*,F,라우,*,*,*,*
라오,,,,EP,*,F,라오,*,*,*,*
라야만,,,,EP,*,T,라야만,*,*,*,*
라야,,,,EP,*,F,라야,*,*,*,*
라스라,,,,EP,*,F,라스라,*,*,*,*
라손,,,,EP,*,T,라손,*,*,*,*
라서,,,,EP,*,F,라서,*,*,*,*
라면서,,,,EP,*,F,라면서,*,*,*,*
라면,,,,EP,*,T,라면,*,*,*,*
라며,,,,EP,*,F,라며,*,*,*,*
라마,,,,EP,*,F,라마,*,*,*,*
라라,,,,EP,*,F,라라,*,*,*,*
라도,,,,EP,*,F,라도,*,*,*,*
라니까,,,,EP,*,F,라니까,*,*,*,*
라니,,,,EP,*,F,라니,*,*,*,*
라느니,,,,EP,*,F,라느니,*,*,*,*
라네,,,,EP,*,F,라네,*,*,*,*
라나,,,,EP,*,F,라나,*,*,*,*
라구,,,,EP,*,F,라구,*,*,*,*
라고,,,,EP,*,F,라고,*,*,*,*
떼까,,,,EP,*,F,떼까,*,*,*,*
딕기,,,,EP,*,F,딕기,*,*,*,*
디이,,,,EP,*,F,디이,*,*,*,*
디위,,,,EP,*,F,디위,*,*,*,*
디웨,,,,EP,*,F,디웨,*,*,*,*
디요,,,,EP,*,F,디요,*,*,*,*
디외,,,,EP,*,F,디외,*,*,*,*
디옷,,,,EP,*,T,디옷,*,*,*,*
디시,,,,EP,*,F,디시,*,*,*,*
디만,,,,EP,*,T,디만,*,*,*,*
디마는,,,,EP,*,T,디마는,*,*,*,*
디록,,,,EP,*,T,디록,*,*,*,*
디다,,,,EP,*,F,디다,*,*,*,*
듯이,,,,EP,*,F,듯이,*,*,*,*
든지,,,,EP,*,F,든지,*,*,*,*
든들,,,,EP,*,T,든들,*,*,*,*
든데,,,,EP,*,F,든데,*,*,*,*
든고,,,,EP,*,F,든고,*,*,*,*
든걸,,,,EP,*,T,든걸,*,*,*,*
든가,,,,EP,*,F,든가,*,*,*,*
득기,,,,EP,*,F,득기,*,*,*,*
드키,,,,EP,*,F,드키,*,*,*,*
드시,,,,EP,*,F,드시,*,*,*,*
드룩,,,,EP,*,T,드룩,*,*,*,*
드래도,,,,EP,*,F,드래도,*,*,*,*
드라면,,,,EP,*,T,드라면,*,*,*,*
드라도,,,,EP,*,F,드라도,*,*,*,*
드라,,,,EP,*,F,드라,*,*,*,*
드니라,,,,EP,*,F,드니라,*,*,*,*
드니,,,,EP,*,F,드니,*,*,*,*
드냐,,,,EP,*,F,드냐,*,*,*,*
드군,,,,EP,*,T,드군,*,*,*,*
드구면,,,,EP,*,T,드구면,*,*,*,*
드구료,,,,EP,*,F,드구료,*,*,*,*
드구나,,,,EP,*,F,드구나,*,*,*,*
두셰라,,,,EP,*,F,두셰라,*,*,*,*
두마는,,,,EP,*,T,두마는,*,*,*,*
두록,,,,EP,*,T,두록,*,*,*,*
두락,,,,EP,*,T,두락,*,*,*,*
두다,,,,EP,*,F,두다,*,*,*,*
두나,,,,EP,*,F,두나,*,*,*,*
두구나,,,,EP,*,F,두구나,*,*,*,*
되야,,,,EP,*,F,되야,*,*,*,*
돗더,,,,EP,*,F,돗더,*,*,*,*
돗다,,,,EP,*,F,돗다,*,*,*,*
도여,,,,EP,*,F,도여,*,*,*,*
도쇠이다,,,,EP,*,F,도쇠이다,*,*,*,*
도쇠,,,,EP,*,F,도쇠,*,*,*,*
도소니야,,,,EP,*,F,도소니야,*,*,*,*
도소니,,,,EP,*,F,도소니,*,*,*,*
도소뇨,,,,EP,*,F,도소뇨,*,*,*,*
도롬,,,,EP,*,T,도롬,*,*,*,*
도록애,,,,EP,*,F,도록애,*,*,*,*
도록,,,,EP,*,T,도록,*,*,*,*
도다,,,,EP,*,F,도다,*,*,*,*
도괴야,,,,EP,*,F,도괴야,*,*,*,*
도고야,,,,EP,*,F,도고야,*,*,*,*
뎌이고,,,,EP,*,F,뎌이고,*,*,*,*
데요,,,,EP,*,F,데요,*,*,*,*
데끼,,,,EP,*,F,데끼,*,*,*,*
던지,,,,EP,*,F,던지,*,*,*,*
던바,,,,EP,*,F,던바,*,*,*,*
던디,,,,EP,*,F,던디,*,*,*,*
던들,,,,EP,*,T,던들,*,*,*,*
던덴,,,,EP,*,T,던덴,*,*,*,*
던데,,,,EP,*,F,던데,*,*,*,*
던댄,,,,EP,*,T,던댄,*,*,*,*
던다,,,,EP,*,F,던다,*,*,*,*
던고,,,,EP,*,F,던고,*,*,*,*
던걸,,,,EP,*,T,던걸,*,*,*,*
던감,,,,EP,*,T,던감,*,*,*,*
던가,,,,EP,*,F,던가,*,*,*,*
더이다,,,,EP,*,F,더이다,*,*,*,*
더이까,,,,EP,*,F,더이까,*,*,*,*
더신고,,,,EP,*,F,더신고,*,*,*,*
더신가,,,,EP,*,F,더신가,*,*,*,*
더신,,,,EP,*,T,더신,*,*,*,*
더시든,,,,EP,*,T,더시든,*,*,*,*
더시다,,,,EP,*,F,더시다,*,*,*,*
더시니라,,,,EP,*,F,더시니라,*,*,*,*
더시니,,,,EP,*,F,더시니,*,*,*,*
더시,,,,EP,*,F,더시,*,*,*,*
더만,,,,EP,*,T,더만,*,*,*,*
더람,,,,EP,*,T,더람,*,*,*,*
더라지,,,,EP,*,F,더라지,*,*,*,*
더라손,,,,EP,*,T,더라손,*,*,*,*
더라면서,,,,EP,*,F,더라면서,*,*,*,*
더라면,,,,EP,*,T,더라면,*,*,*,*
더라며,,,,EP,*,F,더라며,*,*,*,*
더라도,,,,EP,*,F,더라도,*,*,*,*
더라니까,,,,EP,*,F,더라니까,*,*,*,*
더라니,,,,EP,*,F,더라니,*,*,*,*
더라나,,,,EP,*,F,더라나,*,*,*,*
더라,,,,EP,*,F,더라,*,*,*,*
더든,,,,EP,*,T,더든,*,*,*,*
더니이다,,,,EP,*,F,더니이다,*,*,*,*
더니이까,,,,EP,*,F,더니이까,*,*,*,*
더니만,,,,EP,*,T,더니만,*,*,*,*
더니마는,,,,EP,*,T,더니마는,*,*,*,*
더니라,,,,EP,*,F,더니라,*,*,*,*
더니,,,,EP,*,F,더니,*,*,*,*
더뇨,,,,EP,*,F,더뇨,*,*,*,*
더녀,,,,EP,*,F,더녀,*,*,*,*
더냐,,,,EP,*,F,더냐,*,*,*,*
더군,,,,EP,*,T,더군,*,*,*,*
더구면,,,,EP,*,T,더구면,*,*,*,*
더구먼,,,,EP,*,T,더구먼,*,*,*,*
더구만,,,,EP,*,T,더구만,*,*,*,*
더구료,,,,EP,*,F,더구료,*,*,*,*
더구려,,,,EP,*,F,더구려,*,*,*,*
더구나,,,,EP,*,F,더구나,*,*,*,*
더거,,,,EP,*,F,더거,*,*,*,*
더가,,,,EP,*,F,더가,*,*,*,*
댄다,,,,EP,*,F,댄다,*,*,*,*
대이다,,,,EP,*,F,대이다,*,*,*,*
대요,,,,EP,*,F,대요,*,*,*,*
대끼,,,,EP,*,F,대끼,*,*,*,*
당께로,,,,EP,*,F,당께로,*,*,*,*
당께,,,,EP,*,F,당께,*,*,*,*
닷다,,,,EP,*,F,닷다,*,*,*,*
답시고,,,,EP,*,F,답시고,*,*,*,*
답니다,,,,EP,*,F,답니다,*,*,*,*
답니까,,,,EP,*,F,답니까,*,*,*,*
단딘댄,,,,EP,*,T,단딘댄,*,*,*,*
단디면,,,,EP,*,T,단디면,*,*,*,*
단다,,,,EP,*,F,단다,*,*,*,*
다지,,,,EP,*,F,다지,*,*,*,*
다우,,,,EP,*,F,다우,*,*,*,*
다요,,,,EP,*,F,다요,*,*,*,*
다오,,,,EP,*,F,다오,*,*,*,*
다시피,,,,EP,*,F,다시피,*,*,*,*
다스피,,,,EP,*,F,다스피,*,*,*,*
다손,,,,EP,*,T,다손,*,*,*,*
다소라,,,,EP,*,F,다소라,*,*,*,*
다소니,,,,EP,*,F,다소니,*,*,*,*
다문,,,,EP,*,T,다문,*,*,*,*
다면서,,,,EP,*,F,다면서,*,*,*,*
다면,,,,EP,*,T,다면,*,*,*,*
다며,,,,EP,*,F,다며,*,*,*,*
다만,,,,EP,*,T,다만,*,*,*,*
다마다,,,,EP,*,F,다마다,*,*,*,*
다마는,,,,EP,*,T,다마는,*,*,*,*
다롸,,,,EP,*,F,다롸,*,*,*,*
다라니,,,,EP,*,F,다라니,*,*,*,*
다라,,,,EP,*,F,다라,*,*,*,*
다더라,,,,EP,*,F,다더라,*,*,*,*
다니라,,,,EP,*,F,다니라,*,*,*,*
다니까,,,,EP,*,F,다니까,*,*,*,*
다니,,,,EP,*,F,다니,*,*,*,*
다느니,,,,EP,*,F,다느니,*,*,*,*
다네,,,,EP,*,F,다네,*,*,*,*
다나,,,,EP,*,F,다나,*,*,*,*
다고,,,,EP,*,F,다고,*,*,*,*
다감,,,,EP,*,T,다감,*,*,*,*
다간,,,,EP,*,T,다간,*,*,*,*
다각,,,,EP,*,T,다각,*,*,*,*
다가셔,,,,EP,*,F,다가셔,*,*,*,*
다가며,,,,EP,*,F,다가며,*,*,*,*
다가는,,,,EP,*,T,다가는,*,*,*,*
다가,,,,EP,*,F,다가,*,*,*,*
닝까,,,,EP,*,F,닝까,*,*,*,*
닛가,,,,EP,*,F,닛가,*,*,*,*
닌댄,,,,EP,*,T,닌댄,*,*,*,*
니잇고,,,,EP,*,F,니잇고,*,*,*,*
니잇가,,,,EP,*,F,니잇가,*,*,*,*
니이다,,,,EP,*,F,니이다,*,*,*,*
니이껴,,,,EP,*,F,니이껴,*,*,*,*
니오,,,,EP,*,F,니오,*,*,*,*
니여,,,,EP,*,F,니여,*,*,*,*
니야,,,,EP,*,F,니야,*,*,*,*
니아,,,,EP,*,F,니아,*,*,*,*
니만큼,,,,EP,*,T,니만큼,*,*,*,*
니만치,,,,EP,*,F,니만치,*,*,*,*
니라,,,,EP,*,F,니라,*,*,*,*
니끼니,,,,EP,*,F,니끼니,*,*,*,*
니껴,,,,EP,*,F,니껴,*,*,*,*
니께니,,,,EP,*,F,니께니,*,*,*,*
니께,,,,EP,*,F,니께,*,*,*,*
니꺼니,,,,EP,*,F,니꺼니,*,*,*,*
니깐,,,,EP,*,T,니깐,*,*,*,*
니까니,,,,EP,*,F,니까니,*,*,*,*
니까는,,,,EP,*,T,니까는,*,*,*,*
니까느루,,,,EP,*,F,니까느루,*,*,*,*
니까나,,,,EP,*,F,니까나,*,*,*,*
니까,,,,EP,*,F,니까,*,*,*,*
늬라고,,,,EP,*,F,늬라고,*,*,*,*
는지라,,,,EP,*,F,는지라,*,*,*,*
는지고,,,,EP,*,F,는지고,*,*,*,*
는지,,,,EP,*,F,는지,*,*,*,*
는이,,,,EP,*,F,는이,*,*,*,*
는바,,,,EP,*,F,는바,*,*,*,*
는맥세,,,,EP,*,F,는맥세,*,*,*,*
는디,,,,EP,*,F,는디,*,*,*,*
는뎁쇼,,,,EP,*,F,는뎁쇼,*,*,*,*
는데,,,,EP,*,F,는데,*,*,*,*
는댄다,,,,EP,*,F,는댄다,*,*,*,*
는대요,,,,EP,*,F,는대요,*,*,*,*
는대,,,,EP,*,F,는대,*,*,*,*
는답시고,,,,EP,*,F,는답시고,*,*,*,*
는답니다,,,,EP,*,F,는답니다,*,*,*,*
는답니까,,,,EP,*,F,는답니까,*,*,*,*
는담,,,,EP,*,T,는담,*,*,*,*
는단다,,,,EP,*,F,는단다,*,*,*,*
는다지,,,,EP,*,F,는다지,*,*,*,*
는다이,,,,EP,*,F,는다이,*,*,*,*
는다오,,,,EP,*,F,는다오,*,*,*,*
는다손,,,,EP,*,T,는다손,*,*,*,*
는다면서,,,,EP,*,F,는다면서,*,*,*,*
는다면,,,,EP,*,T,는다면,*,*,*,*
는다며,,,,EP,*,F,는다며,*,*,*,*
는다만,,,,EP,*,T,는다만,*,*,*,*
는다마는,,,,EP,*,T,는다마는,*,*,*,*
는다더라,,,,EP,*,F,는다더라,*,*,*,*
는다니까,,,,EP,*,F,는다니까,*,*,*,*
는다니,,,,EP,*,F,는다니,*,*,*,*
는다느니,,,,EP,*,F,는다느니,*,*,*,*
는다네,,,,EP,*,F,는다네,*,*,*,*
는다나,,,,EP,*,F,는다나,*,*,*,*
는다꼬,,,,EP,*,F,는다꼬,*,*,*,*
는다고,,,,EP,*,F,는다고,*,*,*,*
는다,,,,EP,*,F,는다,*,*,*,*
는궈니,,,,EP,*,F,는궈니,*,*,*,*
는군,,,,EP,*,T,는군,*,*,*,*
는구면,,,,EP,*,T,는구면,*,*,*,*
는구먼,,,,EP,*,T,는구먼,*,*,*,*
는구매,,,,EP,*,F,는구매,*,*,*,*
는구만,,,,EP,*,T,는구만,*,*,*,*
는구마,,,,EP,*,F,는구마,*,*,*,*
는구료,,,,EP,*,F,는구료,*,*,*,*
는구려,,,,EP,*,F,는구려,*,*,*,*
는구나,,,,EP,*,F,는구나,*,*,*,*
는교,,,,EP,*,F,는교,*,*,*,*
는공,,,,EP,*,T,는공,*,*,*,*
는고,,,,EP,*,F,는고,*,*,*,*
는걸,,,,EP,*,T,는걸,*,*,*,*
는강,,,,EP,*,T,는강,*,*,*,*
는감,,,,EP,*,T,는감,*,*,*,*
는가,,,,EP,*,F,는가,*,*,*,*
느슨다,,,,EP,*,F,느슨다,*,*,*,*
느매,,,,EP,*,F,느매,*,*,*,*
느마,,,,EP,*,F,느마,*,*,*,*
느라면,,,,EP,*,T,느라면,*,*,*,*
느라니까,,,,EP,*,F,느라니까,*,*,*,*
느라니,,,,EP,*,F,느라니,*,*,*,*
느라고,,,,EP,*,F,느라고,*,*,*,*
느라,,,,EP,*,F,느라,*,*,*,*
느니만큼,,,,EP,*,T,느니만큼,*,*,*,*
느니만치,,,,EP,*,F,느니만치,*,*,*,*
느니만,,,,EP,*,T,느니만,*,*,*,*
느니라,,,,EP,*,F,느니라,*,*,*,*
느니,,,,EP,*,F,느니,*,*,*,*
느뇨,,,,EP,*,F,느뇨,*,*,*,*
느냐고,,,,EP,*,F,느냐고,*,*,*,*
느냐,,,,EP,*,F,느냐,*,*,*,*
누먼,,,,EP,*,T,누먼,*,*,*,*
누만,,,,EP,*,T,누만,*,*,*,*
누라구,,,,EP,*,F,누라구,*,*,*,*
누나,,,,EP,*,F,누나,*,*,*,*
뇌다,,,,EP,*,F,뇌다,*,*,*,*
농이다,,,,EP,*,F,농이다,*,*,*,*
놋도다,,,,EP,*,F,놋도다,*,*,*,*
놋다,,,,EP,*,F,놋다,*,*,*,*
논디라,,,,EP,*,F,논디라,*,*,*,*
논뎌,,,,EP,*,F,논뎌,*,*,*,*
논가,,,,EP,*,F,논가,*,*,*,*
노잇가,,,,EP,*,F,노잇가,*,*,*,*
노이다,,,,EP,*,F,노이다,*,*,*,*
노왜라,,,,EP,*,F,노왜라,*,*,*,*
노쇠,,,,EP,*,F,노쇠,*,*,*,*
노소라,,,,EP,*,F,노소라,*,*,*,*
노소니,,,,EP,*,F,노소니,*,*,*,*
노믜라,,,,EP,*,F,노믜라,*,*,*,*
노매라,,,,EP,*,F,노매라,*,*,*,*
노매,,,,EP,*,F,노매,*,*,*,*
노라면,,,,EP,*,T,노라면,*,*,*,*
노라니까,,,,EP,*,F,노라니까,*,*,*,*
노라니,,,,EP,*,F,노라니,*,*,*,*
노라고,,,,EP,*,F,노라고,*,*,*,*
노라,,,,EP,*,F,노라,*,*,*,*
노다,,,,EP,*,F,노다,*,*,*,*
노닛가,,,,EP,*,F,노닛가,*,*,*,*
노니라,,,,EP,*,F,노니라,*,*,*,*
노니,,,,EP,*,F,노니,*,*,*,*
너이다,,,,EP,*,F,너이다,*,*,*,*
너라,,,,EP,*,F,너라,*,*,*,*
냐고,,,,EP,*,F,냐고,*,*,*,*
남동,,,,EP,*,T,남동,*,*,*,*
나지라,,,,EP,*,F,나지라,*,*,*,*
나이다,,,,EP,*,F,나이다,*,*,*,*
나이까,,,,EP,*,F,나이까,*,*,*,*
나시든,,,,EP,*,T,나시든,*,*,*,*
나새나,,,,EP,*,F,나새나,*,*,*,*
나마,,,,EP,*,F,나마,*,*,*,*
나라,,,,EP,*,F,나라,*,*,*,*
나따나,,,,EP,*,F,나따나,*,*,*,*
나든,,,,EP,*,T,나든,*,*,*,*
나도,,,,EP,*,F,나도,*,*,*,*
나다,,,,EP,*,F,나다,*,*,*,*
나니,,,,EP,*,F,나니,*,*,*,*
나뇨,,,,EP,*,F,나뇨,*,*,*,*
꾸마,,,,EP,*,F,꾸마,*,*,*,*
꺼마,,,,EP,*,F,꺼마,*,*,*,*
꺼니,,,,EP,*,F,꺼니,*,*,*,*
길래,,,,EP,*,F,길래,*,*,*,*
기요,,,,EP,*,F,기요,*,*,*,*
기에,,,,EP,*,F,기에,*,*,*,*
기로선들,,,,EP,*,T,기로선들,*,*,*,*
기로서니,,,,EP,*,F,기로서니,*,*,*,*
기로서,,,,EP,*,F,기로서,*,*,*,*
기로니,,,,EP,*,F,기로니,*,*,*,*
기로,,,,EP,*,F,기로,*,*,*,*
기나,,,,EP,*,F,기나,*,*,*,*
긧고,,,,EP,*,F,긧고,*,*,*,*
그로,,,,EP,*,F,그로,*,*,*,*
그레,,,,EP,*,F,그레,*,*,*,*
그러,,,,EP,*,F,그러,*,*,*,*
구면,,,,EP,*,T,구면,*,*,*,*
구먼,,,,EP,*,T,구먼,*,*,*,*
구만,,,,EP,*,T,구만,*,*,*,*
구마는,,,,EP,*,T,구마는,*,*,*,*
구료,,,,EP,*,F,구료,*,*,*,*
구로,,,,EP,*,F,구로,*,*,*,*
구려,,,,EP,*,F,구려,*,*,*,*
구레,,,,EP,*,F,구레,*,*,*,*
구래,,,,EP,*,F,구래,*,*,*,*
구나,,,,EP,*,F,구나,*,*,*,*
괴야,,,,EP,*,F,괴야,*,*,*,*
관듸,,,,EP,*,F,관듸,*,*,*,*
관뎌,,,,EP,*,F,관뎌,*,*,*,*
관데,,,,EP,*,F,관데,*,*,*,*
관대,,,,EP,*,F,관대,*,*,*,*
과쟈,,,,EP,*,F,과쟈,*,*,*,*
과소라,,,,EP,*,F,과소라,*,*,*,*
과라,,,,EP,*,F,과라,*,*,*,*
과뎌,,,,EP,*,F,과뎌,*,*,*,*
과댜,,,,EP,*,F,과댜,*,*,*,*
곤여,,,,EP,*,F,곤여,*,*,*,*
곤대,,,,EP,*,F,곤대,*,*,*,*
고졔니,,,,EP,*,F,고졔니,*,*,*,*
고져,,,,EP,*,F,고져,*,*,*,*
고저,,,,EP,*,F,고저,*,*,*,*
고쟈,,,,EP,*,F,고쟈,*,*,*,*
고장,,,,EP,*,T,고장,*,*,*,*
고자,,,,EP,*,F,고자,*,*,*,*
고야,,,,EP,*,F,고야,*,*,*,*
고설랑,,,,EP,*,T,고설랑,*,*,*,*
고서,,,,EP,*,F,고서,*,*,*,*
고사,,,,EP,*,F,고사,*,*,*,*
고말고,,,,EP,*,F,고말고,*,*,*,*
고려,,,,EP,*,F,고려,*,*,*,*
고라쟈,,,,EP,*,F,고라쟈,*,*,*,*
고라,,,,EP,*,F,고라,*,*,*,*
고도,,,,EP,*,F,고도,*,*,*,*
고뎌,,,,EP,*,F,고뎌,*,*,*,*
고는,,,,EP,*,T,고는,*,*,*,*
고녀,,,,EP,*,F,고녀,*,*,*,*
고나,,,,EP,*,F,고나,*,*,*,*
게야,,,,EP,*,F,게야,*,*,*,*
게아,,,,EP,*,F,게아,*,*,*,*
게시리,,,,EP,*,F,게시리,*,*,*,*
게르,,,,EP,*,F,게르,*,*,*,*
게라,,,,EP,*,F,게라,*,*,*,*
게나,,,,EP,*,F,게나,*,*,*,*
게끔,,,,EP,*,T,게끔,*,*,*,*
게겐,,,,EP,*,T,게겐,*,*,*,*
것마는,,,,EP,*,T,것마는,*,*,*,*
것다,,,,EP,*,F,것다,*,*,*,*
걸아,,,,EP,*,F,걸아,*,*,*,*
걸랑,,,,EP,*,T,걸랑,*,*,*,*
건져,,,,EP,*,F,건져,*,*,*,*
건만,,,,EP,*,T,건만,*,*,*,*
건마는,,,,EP,*,T,건마는,*,*,*,*
건덴,,,,EP,*,T,건덴,*,*,*,*
건댄,,,,EP,*,T,건댄,*,*,*,*
건대,,,,EP,*,F,건대,*,*,*,*
건고,,,,EP,*,F,건고,*,*,*,*
거징이다,,,,EP,*,F,거징이다,*,*,*,*
거지라,,,,EP,*,F,거지라,*,*,*,*
거이다,,,,EP,*,F,거이다,*,*,*,*
거야,,,,EP,*,F,거야,*,*,*,*
거아,,,,EP,*,F,거아,*,*,*,*
거신,,,,EP,*,T,거신,*,*,*,*
거시든,,,,EP,*,T,거시든,*,*,*,*
거시다,,,,EP,*,F,거시다,*,*,*,*
거시니와,,,,EP,*,F,거시니와,*,*,*,*
거시니오,,,,EP,*,F,거시니오,*,*,*,*
거시니,,,,EP,*,F,거시니,*,*,*,*
거시늘,,,,EP,*,T,거시늘,*,*,*,*
거시뇨,,,,EP,*,F,거시뇨,*,*,*,*
거시나,,,,EP,*,F,거시나,*,*,*,*
거스라,,,,EP,*,F,거스라,*,*,*,*
거사,,,,EP,*,F,거사,*,*,*,*
거를,,,,EP,*,T,거를,*,*,*,*
거라,,,,EP,*,F,거라,*,*,*,*
거디라,,,,EP,*,F,거디라,*,*,*,*
거들랑,,,,EP,*,T,거들랑,*,*,*,*
거든,,,,EP,*,T,거든,*,*,*,*
거드면,,,,EP,*,T,거드면,*,*,*,*
거던,,,,EP,*,T,거던,*,*,*,*
거다,,,,EP,*,F,거다,*,*,*,*
거니와,,,,EP,*,F,거니와,*,*,*,*
거니오,,,,EP,*,F,거니오,*,*,*,*
거니라,,,,EP,*,F,거니라,*,*,*,*
거니,,,,EP,*,F,거니,*,*,*,*
거늘,,,,EP,*,T,거늘,*,*,*,*
거뇨,,,,EP,*,F,거뇨,*,*,*,*
거녀,,,,EP,*,F,거녀,*,*,*,*
거냐,,,,EP,*,F,거냐,*,*,*,*
거나,,,,EP,*,F,거나,*,*,*,*
거고나,,,,EP,*,F,거고나,*,*,*,*
거고,,,,EP,*,F,거고,*,*,*,*
개니라,,,,EP,*,F,개니라,*,*,*,*
간디라,,,,EP,*,F,간디라,*,*,*,*
간디니라,,,,EP,*,F,간디니라,*,*,*,*
간디니,,,,EP,*,F,간디니,*,*,*,*
간디,,,,EP,*,F,간디,*,*,*,*
가지라,,,,EP,*,F,가지라,*,*,*,*
가시니,,,,EP,*,F,가시니,*,*,*,*
가라,,,,EP,*,F,가라,*,*,*,*
가니와,,,,EP,*,F,가니와,*,*,*,*
가니오,,,,EP,*,F,가니오,*,*,*,*
가니,,,,EP,*,F,가니,*,*,*,*
가뇨,,,,EP,*,F,가뇨,*,*,*,*
